Semaine;Nice (FR);Paris (FR);Amsterdam (NL);Barcelona (ES);Roma (IT);Lille (FR);Madrid (ES);Lisbon (PT);Prague (CZ);Berlin (DE);Milano (IT);stanbul (TR);Budapest (HU);Venezia (IT);Wien (AT);Strasbourg (FR);Athens (GR);Dublin (IE);Lyon (FR);Frankfurt am Main (DE);Marseille (FR);München (DE);Stockholm (SE);Copenhagen (DK);Bordeaux (FR);Genève (CH);Tours (FR);Hamburg (DE);Toulouse (FR);Montpellier (FR);Nantes (FR);Avignon (FR);Monaco (MC);Dijon (FR);Aix en Provence (FR)
2019-01-06;55,00;467,50;434,50;396,00;265,83;9,17;137,50;110,00;220,00;141,43;86,43;125,71;233,75;261,25;73,33;9,17;91,67;556,11;18,33;48,89;14,00;55,00;38,00;45,00;22,83;74,72;9,34;31,13;20,00;5,00;9,00;5,00;13,00;2,00;3,00
2019-01-13;56,00;397,09;361,45;366,55;252,00;9,33;140,00;102,67;201,09;137,45;76,36;112,00;211,08;215,38;56,00;8,62;84,00;476,00;16,80;33,60;19,00;35,00;38,00;42,00;20,74;72,59;11,41;29,04;16,00;9,00;6,00;4,00;12,00;2,00;1,00
2019-01-20;54,00;394,20;399,60;372,60;280,80;10,80;172,80;118,80;192,86;128,57;84,86;100,29;202,50;220,50;54,00;9,00;84,00;492,00;18,00;42,00;13,00;41,00;37,00;40,00;22,85;70,62;9,35;19,73;17,00;5,00;17,00;3,00;14,00;1,00;1,00
2019-01-27;49,00;370,22;343,00;364,78;215,60;9,80;147,00;107,80;180,53;123,79;87,68;116,05;187,09;196,00;49,00;8,91;98,00;526,75;18,38;42,88;17,00;41,00;34,00;40,00;21,44;75,54;6,13;22,46;14,00;6,00;8,00;5,00;11,00;2,00;0,00
2019-02-03;50,00;400,00;327,78;394,44;270,00;10,00;170,00;100,00;200,00;122,50;80,00;127,50;213,64;227,27;59,09;9,09;93,75;512,50;18,75;37,50;15,00;37,00;45,00;45,00;23,96;70,83;10,42;25,00;14,00;9,00;12,00;4,00;11,00;2,00;2,00
2019-02-10;50,00;411,11;338,89;394,44;230,00;10,00;160,00;110,00;185,00;132,50;80,00;120,00;190,91;218,18;63,64;4,55;72,22;438,89;16,67;33,33;17,00;39,00;36,00;42,00;21,43;56,12;6,12;24,49;16,00;7,00;9,00;4,00;12,00;3,00;1,00
2019-02-17;53,00;381,60;328,60;365,70;243,80;10,60;180,20;106,00;186,76;118,62;93,38;136,29;207,58;207,58;61,83;8,83;88,33;500,56;11,78;41,22;16,00;36,00;38,00;42,00;22,86;66,51;9,35;28,06;19,00;6,00;8,00;7,00;15,00;2,00;1,00
2019-02-24;53,00;365,70;296,80;392,20;254,40;10,60;190,80;116,60;169,10;123,67;83,29;133,76;194,33;203,17;57,42;4,42;82,44;441,67;17,67;35,33;16,00;34,00;36,00;34,00;22,42;56,06;7,13;23,44;14,00;7,00;9,00;5,00;10,00;2,00;3,00
2019-03-03;57,00;373,09;274,64;383,45;228,00;9,50;161,50;104,50;178,77;126,95;88,09;142,50;206,08;201,69;52,62;8,77;79,80;444,60;11,40;39,90;24,00;43,00;37,00;38,00;25,91;67,36;9,33;26,95;18,00;9,00;11,00;5,00;11,00;1,00;2,00
2019-03-10;64,00;384,00;304,00;410,67;219,43;9,14;155,43;100,57;174,08;117,76;89,60;133,12;187,43;224,00;59,43;13,71;87,27;442,18;11,64;40,73;17,00;42,00;35,00;45,00;23,74;62,97;6,19;24,77;15,00;5,00;9,00;3,00;12,00;2,00;2,00
2019-03-17;60,00;392,73;278,18;420,00;260,00;10,00;160,00;110,00;174,78;120,00;96,52;143,48;189,23;221,54;55,38;9,23;84,00;438,00;18,00;36,00;18,00;38,00;32,00;40,00;23,79;55,86;6,21;22,76;12,00;7,00;6,00;4,00;8,00;2,00;1,00
2019-03-24;59,00;337,91;257,45;386,18;236,00;9,83;157,33;108,17;171,87;102,61;97,48;130,83;190,62;222,38;45,38;9,08;88,50;424,80;17,70;41,30;18,00;36,00;40,00;37,00;24,84;53,82;9,32;23,81;16,00;5,00;5,00;5,00;16,00;1,00;1,00
2019-03-31;71,00;338,62;284,00;420,54;233,29;10,14;172,43;121,71;172,43;111,57;93,82;149,61;199,69;213,00;53,25;8,88;100,58;431,92;17,75;41,42;17,00;40,00;42,00;48,00;29,84;52,48;10,29;26,75;15,00;9,00;9,00;6,00;16,00;1,00;1,00
2019-04-07;81,00;415,80;302,40;464,40;273,38;10,13;182,25;121,50;202,50;129,09;103,78;146,81;207,00;256,50;67,50;9,00;92,57;433,93;17,36;46,29;23,00;40,00;33,00;46,00;20,51;52,29;10,25;24,61;16,00;11,00;14,00;3,00;14,00;2,00;1,00
2019-04-14;67,00;407,15;242,23;499,92;220,14;9,57;181,86;124,43;170,08;118,54;92,77;134,00;196,53;209,93;49,13;8,93;109,64;432,45;18,27;48,73;18,00;37,00;29,00;32,00;24,74;37,11;9,28;25,77;18,00;9,00;10,00;3,00;17,00;2,00;2,00
2019-04-21;68,00;324,31;235,38;428,92;213,71;9,71;165,14;106,86;146,07;105,78;75,56;138,52;194,93;222,13;58,93;9,07;85,00;413,67;17,00;39,67;21,00;32,00;35,00;43,00;23,70;45,33;9,27;27,82;16,00;9,00;7,00;6,00;14,00;2,00;1,00
2019-04-28;65,00;325,00;254,58;449,58;204,29;9,29;176,43;111,43;155,00;110,00;82,50;127,50;177,67;221,00;52,00;8,67;100,45;401,82;17,73;47,27;23,00;40,00;50,00;50,00;23,73;35,08;12,38;24,76;15,00;7,00;8,00;7,00;11,00;1,00;1,00
2019-05-05;83,00;332,00;274,94;498,00;238,63;10,38;1037,50;124,50;155,63;108,94;106,34;142,66;193,67;239,78;50,72;9,22;94,86;391,29;17,79;53,36;23,00;39,00;43,00;37,00;32,16;41,50;16,60;28,01;27,00;9,00;8,00;11,00;20,00;1,00;2,00
2019-05-12;83,00;332,00;223,06;435,75;238,63;10,38;363,13;124,50;147,84;114,13;101,16;129,69;184,44;230,56;55,33;9,22;100,79;391,29;17,79;35,57;20,00;45,00;36,00;43,00;22,83;41,50;12,45;26,98;17,00;8,00;9,00;5,00;19,00;1,00;2,00
2019-05-19;87,00;396,94;282,75;451,31;251,33;9,67;232,00;106,33;176,56;120,26;94,68;125,38;183,16;238,11;59,53;9,16;110,20;417,60;23,20;46,40;26,00;33,00;42,00;46,00;26,93;50,75;8,29;30,04;16,00;10,00;8,00;9,00;33,00;1,00;2,00
2019-05-26;78,00;374,40;265,20;416,00;214,50;9,75;536,25;107,25;150,97;118,26;88,06;143,42;266,12;220,24;59,65;9,18;114,00;444,00;18,00;42,00;26,00;41,00;37,00;37,00;24,63;37,97;10,26;25,66;15,00;7,00;13,00;6,00;32,00;3,00;3,00
2019-06-02;93,00;399,35;257,12;448,59;227,33;10,33;268,67;124,00;167,92;111,08;100,75;134,33;199,29;411,86;48,71;13,29;104,63;406,88;23,25;46,50;28,00;37,00;41,00;44,00;36,17;43,40;14,47;29,97;23,00;7,00;14,00;8,00;17,00;3,00;2,00
2019-06-09;89,00;371,71;256,53;455,47;217,56;9,89;178,00;118,67;180,54;124,60;99,17;139,86;204,70;226,95;53,40;8,90;106,80;486,53;23,73;47,47;31,00;36,00;37,00;50,00;28,98;38,29;12,42;31,05;21,00;7,00;12,00;10,00;20,00;2,00;4,00
2019-06-16;95,00;422,22;274,44;422,22;209,00;9,50;161,50;95,00;166,89;118,11;100,14;151,49;212,62;212,62;54,29;13,57;106,88;451,25;17,81;41,56;27,00;43,00;38,00;49,00;37,17;35,11;11,36;27,88;17,00;11,00;12,00;9,00;17,00;2,00;3,00
2019-06-23;91,00;438,94;283,71;444,29;242,67;10,11;161,78;111,22;184,53;116,28;98,58;149,14;222,95;209,30;59,15;13,65;102,38;483,44;28,44;39,81;28,00;43,00;36,00;47,00;32,06;45,50;11,38;26,89;27,00;11,00;10,00;9,00;17,00;1,00;3,00
2019-06-30;82,00;426,40;284,27;431,87;225,50;10,25;174,25;112,75;192,19;128,13;92,25;143,50;209,56;214,11;59,22;13,67;117,14;527,14;29,29;35,14;30,00;42,00;40,00;43,00;31,14;40,48;12,46;22,84;16,00;11,00;17,00;6,00;17,00;2,00;3,00
2019-07-07;89,00;418,82;272,24;476,41;227,44;9,89;178,00;108,78;183,09;116,97;96,63;144,94;191,35;213,60;57,85;8,90;118,67;498,40;17,80;35,60;22,00;43,00;31,00;46,00;31,05;42,43;14,49;27,94;21,00;10,00;12,00;9,00;17,00;2,00;2,00
2019-07-14;100,00;410,53;273,68;442,11;220,00;20,00;150,00;110,00;189,74;130,77;87,18;141,03;190,91;236,36;63,64;9,09;135,29;464,71;23,53;52,94;30,00;42,00;32,00;44,00;32,99;41,24;14,43;28,87;20,00;13,00;12,00;8,00;14,00;4,00;3,00
2019-07-21;88,00;456,50;275,00;467,50;224,89;9,78;166,22;107,56;183,76;139,76;103,53;150,12;213,05;222,32;60,21;9,26;105,60;504,53;23,47;46,93;27,00;39,00;41,00;51,00;33,13;51,76;13,46;32,09;22,00;9,00;12,00;10,00;17,00;3,00;4,00
2019-07-28;71,00;464,23;305,85;431,46;233,29;10,14;152,14;111,57;185,11;131,86;76,07;139,46;226,31;261,81;57,69;13,31;94,67;497,00;17,75;41,42;28,00;42,00;38,00;49,00;28,81;41,16;16,46;31,90;21,00;10,00;15,00;7,00;16,00;4,00;3,00
2019-08-04;92,00;427,53;286,82;400,47;235,11;10,22;163,56;102,22;186,56;132,89;99,67;143,11;211,60;262,20;64,40;13,80;97,75;575,00;17,25;40,25;27,00;38,00;34,00;50,00;31,01;46,52;14,47;26,88;25,00;7,00;16,00;6,00;16,00;4,00;1,00
2019-08-11;76,00;423,43;287,71;423,43;218,50;19,00;133,00;114,00;182,40;121,60;86,13;184,93;205,65;223,53;62,59;8,94;99,38;520,31;17,54;46,77;28,00;37,00;39,00;48,00;30,81;33,89;10,27;23,62;19,00;13,00;12,00;7,00;12,00;2,00;3,00
2019-08-18;82,00;399,07;295,20;388,13;225,50;10,25;164,00;112,75;205,00;130,69;92,25;140,94;205,00;209,56;63,78;13,67;99,57;521,29;23,43;46,86;22,00;41,00;49,00;45,00;33,22;42,56;8,30;34,25;18,00;12,00;11,00;7,00;17,00;2,00;2,00
2019-08-25;67,00;371,08;262,85;365,92;220,14;19,14;172,29;95,71;175,23;126,27;97,92;128,85;187,60;201,00;53,60;8,93;103,55;462,91;18,27;42,64;22,00;45,00;40,00;52,00;28,86;43,29;8,25;25,77;15,00;8,00;13,00;5,00;12,00;2,00;1,00
2019-09-01;82,00;415,47;333,47;415,47;276,75;20,50;174,25;112,75;187,06;148,63;115,31;199,88;223,22;223,22;68,33;13,67;99,57;480,29;23,43;52,71;26,00;55,00;41,00;48,00;25,95;49,82;9,34;35,29;18,00;10,00;10,00;8,00;17,00;4,00;3,00
2019-09-08;77,00;445,50;330,00;418,00;259,88;9,63;182,88;105,88;205,33;151,43;115,50;151,43;217,41;226,47;72,47;18,12;112,54;473,85;23,69;59,23;26,00;51,00;51,00;54,00;26,69;51,33;12,32;43,12;15,00;9,00;10,00;7,00;17,00;2,00;3,00
2019-09-15;73,00;464,07;307,64;411,93;302,43;20,86;208,57;125,14;191,31;143,48;108,24;156,07;196,19;250,94;73,00;13,69;115,58;517,08;24,33;66,92;21,00;68,00;47,00;51,00;26,73;51,41;9,25;39,07;24,00;12,00;13,00;6,00;22,00;3,00;2,00
2019-09-22;77,00;405,53;318,27;379,87;259,88;19,25;192,50;96,25;202,77;138,60;120,63;164,27;190,24;240,06;72,47;18,12;112,54;497,54;23,69;59,23;24,00;70,00;47,00;49,00;27,72;48,25;9,24;39,01;21,00;13,00;9,00;5,00;15,00;2,00;2,00
2019-09-29;63,00;425,25;304,50;378,00;252,00;21,00;189,00;105,00;201,60;146,16;103,32;146,16;202,50;207,00;72,00;13,50;91,64;458,18;17,18;51,55;23,00;62,00;49,00;56,00;22,72;46,48;15,49;41,31;21,00;10,00;10,00;4,00;17,00;3,00;4,00
2019-10-06;57,00;409,36;342,00;373,09;266,00;19,00;180,50;104,50;259,09;147,68;116,59;165,82;206,08;210,46;87,69;17,54;91,20;490,20;22,80;57,00;14,00;58,00;48,00;51,00;20,36;52,93;14,25;33,59;16,00;10,00;6,00;4,00;11,00;3,00;1,00
2019-10-13;56,00;402,18;280,00;453,09;224,00;9,33;149,33;93,33;234,18;134,91;99,27;150,18;206,77;180,92;73,23;17,23;78,40;425,60;16,80;61,60;19,00;47,00;44,00;43,00;17,63;48,74;12,44;33,19;16,00;8,00;8,00;4,00;15,00;2,00;3,00
2019-10-20;51,00;436,33;294,67;357,00;234,60;10,20;163,20;102,00;211,65;132,60;112,20;140,25;194,73;199,36;64,91;13,91;73,67;436,33;17,00;45,33;20,00;57,00;41,00;46,00;18,73;49,96;12,49;33,31;21,00;9,00;7,00;3,00;11,00;3,00;1,00
2019-10-27;35,00;350,00;250,00;265,00;166,25;8,75;122,50;70,00;187,50;125,00;87,50;127,50;179,38;157,50;70,00;13,13;70,00;443,33;17,50;52,50;12,00;42,00;33,00;45,00;13,38;47,35;10,29;31,91;14,00;7,00;8,00;3,00;12,00;2,00;2,00
2019-11-03;37,00;370,00;264,29;296,00;185,00;9,25;138,75;83,25;202,27;192,40;83,87;125,80;194,25;185,00;74,00;13,88;74,00;437,83;24,67;61,67;17,00;39,00;41,00;44,00;18,50;44,19;10,28;27,75;14,00;7,00;7,00;3,00;10,00;1,00;3,00
2019-11-10;35,00;345,00;255,00;245,00;157,50;8,75;140,00;61,25;190,00;132,50;82,50;135,00;188,13;437,50;74,38;13,13;70,00;402,50;17,50;40,83;17,00;45,00;35,00;41,00;17,50;45,29;11,32;30,88;14,00;4,00;8,00;4,00;12,00;2,00;2,00
2019-11-17;38,00;363,71;266,00;249,71;171,00;9,50;152,00;66,50;172,27;121,60;93,73;119,07;194,75;223,25;76,00;14,25;76,00;430,67;19,00;50,67;14,00;45,00;38,00;52,00;14,38;32,86;7,19;29,78;12,00;8,00;6,00;2,00;11,00;4,00;1,00
2019-11-24;41,00;317,75;240,88;220,38;194,75;10,25;153,75;71,75;176,81;123,00;92,25;115,31;186,78;154,89;77,44;13,67;64,43;386,57;17,57;52,71;15,00;47,00;39,00;45,00;15,77;44,15;12,62;31,54;16,00;6,00;7,00;2,00;11,00;2,00;2,00
2019-12-01;35,00;330,00;220,00;235,00;157,50;8,75;122,50;52,50;165,00;115,00;95,00;110,00;175,00;131,25;70,00;13,13;64,17;373,33;17,50;52,50;14,00;51,00;39,00;43,00;19,56;49,41;9,26;28,82;15,00;4,00;7,00;2,00;12,00;2,00;1,00
2019-12-08;35,00;338,33;227,50;221,67;148,75;8,75;122,50;61,25;160,00;117,50;85,00;115,00;170,63;135,63;65,63;8,75;58,33;355,83;17,50;46,67;15,00;54,00;41,00;34,00;13,79;56,21;8,48;30,76;18,00;9,00;7,00;4,00;9,00;3,00;2,00
2019-12-15;41,00;358,75;246,00;240,88;184,50;10,25;174,25;102,50;174,25;120,44;87,13;138,38;173,11;136,67;86,56;13,67;70,29;369,00;17,57;52,71;22,00;60,00;45,00;56,00;16,82;69,38;10,51;28,38;15,00;10,00;9,00;3,00;8,00;2,00;2,00
2019-12-22;47,00;396,89;282,00;276,78;225,60;9,40;141,00;103,40;208,89;135,78;112,28;159,28;197,40;183,30;89,30;14,10;76,38;393,63;23,50;52,88;24,00;49,00;37,00;51,00;24,52;71,52;13,28;37,80;10,00;4,00;11,00;2,00;12,00;1,00;3,00
2019-12-29;62,00;413,33;325,50;299,67;268,67;10,33;165,33;124,00;219,58;144,67;98,17;134,33;212,57;190,43;84,14;13,29;95,82;473,45;28,18;39,45;22,00;49,00;45,00;54,00;25,83;76,47;10,33;31,00;22,00;8,00;17,00;6,00;11,00;1,00;2,00
2020-01-05;67,00;474,15;422,62;365,92;287,14;19,14;172,29;114,86;249,96;152,04;118,54;157,19;259,07;223,33;75,93;13,40;109,64;511,64;24,36;48,73;26,00;51,00;49,00;60,00;32,98;81,43;9,28;32,98;24,00;12,00;14,00;6,00;17,00;3,00;5,00
2020-01-12;68,00;460,31;381,85;402,77;310,86;9,71;165,14;126,29;231,70;136,00;118,37;146,07;249,33;272,00;81,60;13,60;102,00;544,00;22,67;45,33;28,00;51,00;43,00;54,00;27,82;87,58;16,48;30,91;23,00;10,00;9,00;8,00;15,00;3,00;4,00
2020-01-19;62,00;434,00;361,67;408,17;279,00;10,33;165,33;124,00;209,25;142,08;116,25;157,58;225,86;225,86;79,71;13,29;95,82;462,18;22,55;45,09;21,00;52,00;45,00;55,00;28,93;83,70;15,50;35,13;20,00;7,00;9,00;6,00;14,00;1,00;2,00
2020-01-26;61,00;371,08;320,25;335,50;264,33;10,17;162,67;101,67;195,71;129,63;106,75;144,88;209,14;187,36;69,71;8,71;109,80;512,40;18,30;42,70;23,00;45,00;39,00;45,00;32,05;64,10;14,47;28,95;22,00;9,00;11,00;6,00;11,00;2,00;3,00
2020-02-02;57,00;393,82;357,55;373,09;256,50;9,50;190,00;95,00;199,50;132,14;116,59;165,82;228,00;192,92;70,15;13,15;96,90;490,20;22,80;45,60;23,00;42,00;45,00;48,00;26,95;69,44;14,51;30,05;21,00;8,00;11,00;6,00;16,00;2,00;2,00
2020-02-09;63,00;441,00;357,00;372,75;273,00;10,50;199,50;126,00;221,76;146,16;105,84;141,12;229,50;220,50;67,50;18,00;103,09;538,36;28,64;57,27;25,00;55,00;40,00;56,00;28,92;103,28;14,46;34,08;21,00;7,00;11,00;5,00;13,00;2,00;3,00
2020-02-16;71,00;436,92;338,62;387,77;294,14;20,29;182,57;121,71;177,50;134,39;111,57;157,21;226,31;217,44;75,44;8,88;100,58;508,83;23,67;47,33;26,00;49,00;49,00;59,00;24,70;63,80;12,35;27,78;19,00;11,00;11,00;7,00;12,00;2,00;1,00
2020-02-23;59,00;413,00;273,55;370,09;285,17;9,83;177,00;98,33;174,43;135,96;138,52;148,78;195,15;376,69;63,54;13,62;94,40;442,50;17,70;47,20;26,00;50,00;35,00;45,00;23,81;54,86;12,42;27,95;16,00;12,00;9,00;6,00;10,00;2,00;2,00
2020-03-01;46,00;368,00;240,22;327,11;248,40;9,20;156,40;82,80;166,11;115,00;92,00;117,56;179,40;230,00;46,00;13,80;80,50;391,00;23,00;40,25;19,00;46,00;31,00;31,00;19,86;67,95;16,73;28,23;12,00;9,00;8,00;4,00;9,00;1,00;1,00
2020-03-08;36,00;308,57;221,14;329,14;216,00;9,00;216,00;72,00;187,71;108,00;108,00;118,29;171,00;207,00;45,00;13,50;72,00;408,00;18,00;42,00;15,00;36,00;25,00;38,00;17,49;68,91;7,20;23,66;10,00;8,00;5,00;3,00;11,00;1,00;1,00
2020-03-15;28,00;218,40;134,40;151,20;121,33;4,67;121,33;56,00;66,18;86,55;56,00;86,55;93,33;364,00;32,67;9,33;50,40;224,00;16,80;39,20;16,00;38,00;26,00;18,00;13,48;63,26;4,15;18,67;11,00;6,00;7,00;2,00;6,00;2,00;1,00
2020-03-22;9,00;103,50;49,50;67,50;81,00;4,50;90,00;27,00;33,75;42,75;33,75;56,25;40,50;153,00;18,00;4,50;31,50;94,50;4,50;13,50;12,00;25,00;20,00;13,00;7,00;13,00;3,00;13,00;3,00;4,00;2,00;1,00;4,00;1,00;1,00
2020-03-29;12,00;138,00;66,00;84,00;96,00;6,00;96,00;24,00;33,60;38,40;26,40;52,80;32,00;88,00;16,00;4,00;30,00;114,00;6,00;18,00;9,00;18,00;17,00;14,00;10,00;10,00;3,00;11,00;3,00;5,00;2,00;1,00;7,00;1,00;0,50
2020-04-05;14,00;102,67;51,33;70,00;112,00;7,00;98,00;28,00;44,80;50,40;33,60;61,60;42,00;93,33;18,67;9,33;42,00;140,00;7,00;14,00;11,00;21,00;16,00;17,00;10,77;12,92;3,23;12,92;4,00;3,00;3,00;1,00;5,00;0,50;1,00
2020-04-12;15,00;120,00;60,00;75,00;60,00;3,75;52,50;15,00;45,00;47,50;37,50;60,00;45,00;80,00;20,00;5,00;25,00;85,00;5,00;15,00;10,00;21,00;18,00;18,00;8,00;11,00;3,00;10,00;4,00;2,00;2,00;2,00;5,00;1,00;1,00
2020-04-19;15,00;95,00;50,00;75,00;52,50;3,75;45,00;15,00;47,50;42,50;32,50;57,50;50,00;100,00;20,00;5,00;40,00;95,00;5,00;15,00;7,00;18,00;19,00;15,00;7,00;16,00;4,00;10,00;7,00;3,00;4,00;0,50;5,00;1,00;1,00
2020-04-26;15,00;100,00;55,00;70,00;60,00;3,75;52,50;22,50;40,00;40,00;27,50;57,50;40,00;90,00;20,00;5,00;30,00;95,00;5,00;15,00;5,00;16,00;15,00;19,00;8,57;12,86;2,14;12,86;3,00;3,00;3,00;1,00;7,00;1,00;1,00
2020-05-03;14,00;102,67;46,67;79,33;126,00;7,00;84,00;42,00;53,20;50,40;42,00;64,40;42,00;88,67;18,67;4,67;49,00;147,00;7,00;21,00;7,00;21,00;16,00;18,00;7,54;14,00;5,38;11,85;5,00;3,00;2,00;1,00;8,00;0,50;1,00
2020-05-10;16,00;122,67;64,00;96,00;72,00;4,00;48,00;24,00;88,00;42,67;32,00;66,67;44,00;64,00;16,00;8,00;42,67;96,00;5,33;16,00;9,00;15,00;19,00;17,00;9,00;11,00;4,00;14,00;5,00;5,00;3,00;2,00;7,00;1,00;2,00
2020-05-17;21,00;126,00;57,75;84,00;84,00;5,25;73,50;31,50;55,13;52,50;47,25;63,00;42,00;75,60;21,00;4,20;47,25;110,25;5,25;21,00;5,00;14,00;20,00;18,00;8,40;15,75;4,20;12,60;5,00;4,00;3,00;2,00;7,00;1,00;1,00
2020-05-24;19,00;99,75;57,00;90,25;85,50;4,75;66,50;28,50;45,13;47,50;38,00;64,13;42,75;71,25;19,00;4,75;50,67;133,00;6,33;25,33;9,00;16,00;16,00;18,00;7,00;13,00;6,00;9,00;6,00;4,00;3,00;1,00;6,00;1,00;2,00
2020-05-31;24,00;138,00;78,00;102,00;108,00;6,00;84,00;36,00;50,67;48,00;40,00;69,33;48,00;81,60;24,00;4,80;48,00;144,00;6,00;24,00;10,00;20,00;20,00;17,00;7,30;15,65;4,17;14,61;5,00;3,00;3,00;1,00;6,00;1,00;2,00
2020-06-07;22,00;126,50;77,00;110,00;110,00;5,50;66,00;44,00;48,89;51,33;44,00;70,89;44,00;83,60;22,00;4,40;44,00;154,00;5,50;22,00;10,00;20,00;20,00;20,00;12,57;15,71;6,29;16,76;6,00;4,00;5,00;4,00;28,00;1,00;1,00
2020-06-14;30,00;140,00;80,00;105,00;110,00;10,00;70,00;30,00;57,50;52,50;40,00;77,50;47,14;68,57;25,71;8,57;48,00;144,00;12,00;24,00;11,00;23,00;19,00;22,00;10,34;18,62;4,14;15,52;5,00;6,00;5,00;3,00;24,00;4,00;2,00
2020-06-21;42,00;168,00;84,00;141,75;115,50;10,50;94,50;42,00;59,29;54,35;46,94;79,06;60,67;84,00;28,00;4,67;66,00;174,00;12,00;24,00;15,00;20,00;25,00;22,00;12,29;24,59;5,12;13,32;5,00;8,00;6,00;6,00;24,00;2,00;3,00
2020-06-28;44,00;176,00;115,50;181,50;96,80;8,80;79,20;26,40;75,06;62,12;59,53;90,59;66,00;105,60;35,20;4,40;55,00;198,00;16,50;22,00;18,00;20,00;15,00;21,00;16,37;23,53;7,16;17,40;11,00;9,00;7,00;5,00;16,00;1,00;2,00
2020-07-05;44,00;220,00;137,50;176,00;121,00;11,00;99,00;44,00;77,65;62,12;62,12;106,12;74,80;92,40;26,40;8,80;62,86;220,00;12,57;25,14;19,00;27,00;20,00;23,00;23,53;23,53;8,19;11,26;10,00;6,00;7,00;5,00;12,00;3,00;3,00
2020-07-12;53,00;212,00;148,40;265,00;137,80;10,60;95,40;42,40;68,14;68,14;65,62;103,48;75,08;106,00;30,92;8,83;70,67;223,78;17,67;29,44;16,00;26,00;20,00;21,00;21,40;23,44;7,13;20,38;11,00;6,00;24,00;3,00;12,00;4,00;3,00
2020-07-19;61,00;244,00;171,91;288,36;132,17;10,17;81,33;50,83;91,50;73,71;68,63;111,83;78,43;108,93;30,50;8,71;73,20;244,00;12,20;30,50;17,00;20,00;21,00;31,00;27,92;23,78;7,24;17,58;13,00;8,00;15,00;2,00;13,00;2,00;2,00
2020-07-26;55,00;220,00;154,00;126,50;110,00;9,17;73,33;27,50;80,00;57,50;57,50;115,00;64,17;119,17;32,08;9,17;85,56;238,33;12,22;24,44;22,00;24,00;21,00;26,00;28,02;24,91;7,26;14,53;13,00;6,00;10,00;5,00;15,00;3,00;3,00
2020-08-02;47,00;182,78;146,22;109,67;122,20;9,40;75,20;37,60;74,21;61,84;64,32;123,68;55,55;98,27;25,64;8,55;88,13;199,75;11,75;23,50;16,00;24,00;17,00;27,00;13,28;23,50;7,15;20,43;11,00;7,00;8,00;5,00;12,00;3,00;3,00
2020-08-09;49,00;174,22;152,44;147,00;137,20;9,80;78,40;39,20;79,95;72,21;64,47;126,37;62,36;115,82;35,64;8,91;79,63;232,75;18,38;24,50;13,00;30,00;27,00;29,00;17,35;27,56;8,17;21,44;9,00;7,00;9,00;4,00;14,00;3,00;2,00
2020-08-16;29,00;162,40;127,60;121,80;135,33;4,83;58,00;77,33;102,82;65,91;63,27;123,91;77,33;140,17;38,67;4,83;69,60;220,40;11,60;23,20;12,00;30,00;22,00;31,00;11,39;25,89;5,18;17,61;8,00;8,00;4,00;2,00;13,00;1,00;1,00
2020-08-23;31,00;139,50;118,83;103,33;144,67;10,33;82,67;93,00;82,67;69,75;64,58;131,75;62,00;128,43;31,00;8,86;86,80;235,60;12,40;24,80;11,00;28,00;25,00;29,00;12,40;19,63;6,20;20,67;8,00;4,00;5,00;4,00;11,00;1,00;2,00
2020-08-30;27,00;156,60;129,60;124,20;135,00;9,00;72,00;54,00;71,18;68,73;71,18;135,00;63,00;126,00;27,00;9,00;59,40;189,00;5,40;27,00;9,00;34,00;22,00;33,00;10,38;19,73;5,19;22,85;8,00;6,00;5,00;3,00;10,00;2,00;1,00
2020-09-06;23,00;138,00;115,00;103,50;149,50;5,75;80,50;46,00;63,89;66,44;61,33;125,22;50,60;110,40;23,00;4,60;69,00;184,00;5,75;23,00;12,00;24,00;26,00;31,00;9,41;17,77;4,18;20,91;5,00;6,00;5,00;2,00;7,00;1,00;1,00
2020-09-13;19,00;118,75;95,00;80,75;133,00;4,75;85,50;28,50;65,14;76,00;70,57;138,43;47,50;99,75;23,75;4,75;69,67;215,33;12,67;25,33;12,00;22,00;33,00;31,00;9,50;15,83;5,28;19,00;6,00;4,00;6,00;1,00;7,00;1,00;2,00
2020-09-20;19,00;114,00;80,75;85,50;123,50;4,75;85,50;28,50;48,86;65,14;59,71;146,57;47,50;114,00;23,75;9,50;69,67;177,33;6,33;31,67;7,00;26,00;28,00;22,00;9,50;17,94;5,28;17,94;4,00;4,00;4,00;1,00;8,00;3,00;1,00
2020-09-27;19,00;139,33;114,00;107,67;114,00;4,75;85,50;28,50;67,86;67,86;67,86;149,29;38,00;114,00;19,00;9,50;76,00;158,33;6,33;31,67;10,00;27,00;28,00;24,00;10,56;19,00;3,17;20,06;7,00;2,00;4,00;1,00;7,00;0,50;1,00
2020-10-04;19,00;128,25;76,00;95,00;104,50;9,50;85,50;28,50;45,13;64,13;47,50;95,00;42,75;123,50;19,00;9,50;88,67;171,00;12,67;25,33;10,00;28,00;30,00;21,00;10,00;22,00;4,00;18,00;4,00;4,00;5,00;1,00;6,00;1,00;2,00
2020-10-11;20,00;135,00;70,00;95,00;120,00;5,00;70,00;40,00;47,50;67,50;55,00;95,00;50,00;105,00;20,00;10,00;86,67;173,33;6,67;33,33;9,00;26,00;30,00;26,00;11,58;15,79;5,26;14,74;7,00;5,00;5,00;2,00;4,00;0,00;2,00
2020-10-18;18,00;150,00;96,00;102,00;81,00;9,00;81,00;27,00;43,71;51,43;46,29;90,00;40,50;76,50;27,00;9,00;84,00;138,00;12,00;30,00;9,00;26,00;31,00;20,00;10,00;15,00;4,00;19,00;9,00;2,00;4,00;1,00;5,00;1,00;1,00
2020-10-25;24,00;138,00;78,00;96,00;72,00;6,00;96,00;36,00;40,00;50,67;40,00;88,00;38,40;72,00;24,00;4,80;66,00;120,00;12,00;18,00;6,00;13,00;24,00;13,00;3,13;12,52;4,17;13,57;6,00;4,00;3,00;2,00;7,00;0,50;0,50
2020-11-01;17,00;102,00;51,00;79,33;59,50;4,25;51,00;17,00;34,00;36,43;36,43;80,14;29,75;42,50;38,25;8,50;34,00;119,00;5,67;22,67;9,00;13,00;23,00;18,00;5,00;11,00;5,00;15,00;3,00;3,00;3,00;1,00;5,00;0,00;1,00
2020-11-08;18,00;126,00;78,00;90,00;72,00;4,50;63,00;27,00;41,14;46,29;41,14;108,00;40,50;63,00;22,50;4,50;42,00;138,00;6,00;24,00;5,00;17,00;25,00;22,00;6,35;18,00;5,29;18,00;4,00;5,00;4,00;1,00;6,00;0,50;2,00
2020-11-15;15,00;105,00;60,00;70,00;52,50;3,75;52,50;22,50;40,00;32,50;37,50;90,00;45,00;65,00;20,00;5,00;30,00;115,00;5,00;20,00;7,00;19,00;21,00;20,00;8,57;13,93;4,29;16,07;5,00;4,00;2,00;2,00;7,00;1,00;2,00
2020-11-22;13,00;143,00;97,50;91,00;104,00;6,50;65,00;39,00;46,80;39,00;33,80;75,40;34,67;56,33;21,67;4,33;45,50;136,50;6,50;26,00;8,00;13,00;21,00;20,00;8,00;15,00;4,00;13,00;6,00;3,00;4,00;3,00;9,00;1,00;1,00
2020-11-29;15,00;105,00;75,00;70,00;52,50;3,75;45,00;22,50;45,00;32,50;37,50;80,00;40,00;75,00;20,00;5,00;30,00;130,00;5,00;20,00;8,00;16,00;20,00;15,00;5,00;16,00;3,00;13,00;6,00;4,00;3,00;2,00;6,00;1,00;2,00
2020-12-06;15,00;120,00;75,00;90,00;60,00;3,75;52,50;22,50;45,00;35,00;32,50;82,50;50,00;75,00;25,00;10,00;30,00;125,00;5,00;15,00;7,00;21,00;18,00;17,00;6,00;18,00;3,00;16,00;7,00;5,00;3,00;1,00;6,00;0,50;0,00
2020-12-13;13,00;130,00;91,00;84,50;91,00;6,50;78,00;39,00;41,60;39,00;36,40;78,00;34,67;47,67;21,67;4,33;39,00;214,50;6,50;26,00;8,00;14,00;21,00;18,00;7,00;19,00;3,00;15,00;5,00;2,00;3,00;2,00;6,00;1,00;1,00
2020-12-20;10,00;125,00;65,00;75,00;70,00;5,00;70,00;30,00;42,50;37,50;42,50;75,00;45,00;55,00;25,00;5,00;30,00;140,00;10,00;20,00;10,00;19,00;20,00;19,00;7,00;21,00;5,00;15,00;4,00;4,00;4,00;2,00;3,00;1,00;2,00
2020-12-27;17,00;141,67;73,67;90,67;68,00;4,25;42,50;25,50;46,14;34,00;29,14;75,29;34,00;59,50;21,25;4,25;39,67;130,33;5,67;17,00;6,00;15,00;16,00;18,00;7,00;19,00;4,00;15,00;7,00;4,00;2,00;2,00;14,00;1,00;1,00
2021-01-03;16,00;122,67;58,67;80,00;64,00;4,00;104,00;24,00;50,67;40,00;42,67;61,33;32,00;44,00;20,00;8,00;37,33;117,33;5,33;21,33;8,00;13,00;17,00;19,00;6,40;13,87;5,33;14,93;9,00;3,00;3,00;2,00;8,00;1,00;1,00
2021-01-10;15,00;100,00;50,00;65,00;52,50;3,75;97,50;22,50;35,00;32,50;30,00;62,50;30,00;65,00;20,00;5,00;35,00;90,00;5,00;15,00;7,00;19,00;15,00;18,00;7,50;15,00;5,36;11,79;4,00;4,00;3,00;1,00;6,00;0,00;1,00
2021-01-17;14,00;88,67;46,67;65,33;112,00;7,00;210,00;28,00;42,00;36,40;36,40;67,20;32,67;60,67;18,67;4,67;49,00;126,00;7,00;28,00;5,00;16,00;17,00;19,00;5,38;14,00;4,31;16,15;7,00;1,00;2,00;2,00;5,00;1,00;1,00
2021-01-24;11,00;93,50;49,50;66,00;77,00;5,50;66,00;22,00;38,50;33,00;33,00;60,50;44,00;60,50;22,00;5,50;33,00;99,00;5,50;16,50;8,00;12,00;15,00;14,00;5,50;12,10;3,30;13,20;5,00;2,00;3,00;1,00;4,00;1,00;2,00
2021-01-31;12,00;96,00;48,00;66,00;72,00;6,00;72,00;24,00;28,80;26,40;26,40;48,00;20,00;44,00;16,00;4,00;42,00;108,00;6,00;18,00;5,00;14,00;14,00;13,00;6,55;9,82;4,36;12,00;4,00;2,00;2,00;3,00;6,00;0,50;1,00
2021-02-07;10,00;80,00;40,00;70,00;60,00;5,00;60,00;20,00;30,00;27,50;27,50;60,00;35,00;55,00;15,00;5,00;25,00;95,00;5,00;10,00;6,00;14,00;17,00;12,00;6,00;11,00;3,00;9,00;4,00;3,00;2,00;2,00;4,00;0,50;1,00
2021-02-14;11,00;99,00;38,50;82,50;77,00;5,50;66,00;11,00;33,00;27,50;33,00;57,75;55,00;60,50;22,00;5,50;44,00;99,00;5,50;11,00;7,00;14,00;17,00;12,00;6,60;13,20;6,60;11,00;5,00;2,00;3,00;2,00;5,00;0,00;0,50
2021-02-21;18,00;120,00;90,00;108,00;63,00;4,50;54,00;18,00;43,71;28,29;33,43;66,86;40,50;72,00;18,00;4,50;42,00;138,00;6,00;18,00;8,00;9,00;14,00;13,00;7,00;11,00;5,00;12,00;3,00;3,00;2,00;2,00;4,00;0,50;1,00
2021-02-28;16,00;85,33;58,67;85,33;48,00;4,00;48,00;16,00;40,00;21,33;32,00;64,00;42,67;69,33;10,67;5,33;32,00;112,00;5,33;10,67;6,00;9,00;12,00;12,00;4,27;6,40;2,13;9,60;2,00;3,00;2,00;2,00;7,00;1,00;1,00
2021-03-07;16,00;112,00;58,67;85,33;56,00;4,00;48,00;24,00;50,67;34,67;32,00;61,33;36,00;64,00;16,00;8,00;42,67;106,67;5,33;16,00;6,00;13,00;13,00;13,00;10,67;10,67;4,27;8,53;2,00;3,00;3,00;2,00;7,00;0,50;1,00
2021-03-14;19,00;126,67;63,33;101,33;57,00;4,75;57,00;28,50;48,86;29,86;29,86;73,29;38,00;66,50;14,25;4,75;44,33;133,00;6,33;19,00;8,00;16,00;12,00;15,00;8,44;14,78;2,11;11,61;6,00;3,00;3,00;2,00;6,00;0,00;1,00
2021-03-21;10,00;80,00;35,00;55,00;50,00;5,00;50,00;20,00;35,00;22,50;27,50;77,50;30,00;60,00;15,00;5,00;30,00;90,00;5,00;10,00;9,00;12,00;15,00;10,00;7,78;13,33;4,44;8,89;3,00;4,00;2,00;1,00;4,00;0,00;1,00
2021-03-28;10,00;70,00;35,00;55,00;40,00;5,00;40,00;20,00;27,50;17,50;15,00;70,00;25,00;45,00;10,00;5,00;25,00;95,00;5,00;10,00;6,00;7,00;7,00;7,00;6,00;8,00;2,00;5,00;2,00;2,00;1,00;1,00;3,00;0,50;1,00
2021-04-04;8,00;44,00;28,00;44,00;32,00;4,00;48,00;8,00;32,00;16,00;16,00;58,67;20,00;32,00;12,00;4,00;40,00;152,00;4,00;16,00;5,00;7,00;7,00;8,00;5,00;6,00;1,00;4,00;2,00;2,00;1,00;0,50;4,00;0,50;1,00
2021-04-11;13,00;84,50;39,00;65,00;52,00;6,50;65,00;26,00;39,00;18,20;20,80;57,20;26,00;47,67;8,67;4,33;32,50;117,00;3,25;13,00;2,00;7,00;7,00;5,00;5,00;8,00;2,00;5,00;4,00;1,00;1,00;1,00;8,00;1,00;0,00
2021-04-18;10,00;65,00;35,00;50,00;40,00;5,00;50,00;20,00;22,50;17,50;15,00;55,00;25,00;45,00;10,00;2,50;25,00;110,00;5,00;10,00;5,00;8,00;6,00;6,00;6,00;8,00;2,00;5,00;3,00;4,00;2,00;1,00;6,00;0,50;0,50
2021-04-25;11,00;77,00;38,50;66,00;55,00;5,50;77,00;22,00;27,50;24,75;22,00;66,00;27,50;55,00;11,00;2,75;27,50;110,00;5,50;11,00;2,00;8,00;6,00;6,00;6,60;7,70;2,20;4,40;4,00;3,00;2,00;1,00;5,00;1,00;1,00
2021-05-02;16,00;69,33;48,00;74,67;48,00;4,00;144,00;48,00;24,00;21,33;24,00;77,33;24,00;40,00;8,00;2,00;32,00;112,00;5,33;5,33;5,00;6,00;5,00;5,00;8,00;8,00;4,00;6,00;4,00;3,00;1,00;1,00;6,00;1,00;1,00
2021-05-09;12,00;84,00;48,00;84,00;72,00;6,00;72,00;84,00;26,40;19,20;21,60;40,80;20,00;36,00;8,00;4,00;42,00;144,00;6,00;6,00;4,00;6,00;7,00;7,00;5,00;7,00;2,00;5,00;3,00;3,00;2,00;1,00;5,00;1,00;1,00
2021-05-16;15,00;85,00;40,00;60,00;75,00;7,50;75,00;105,00;22,50;20,00;22,50;52,50;35,00;50,00;10,00;5,00;52,50;180,00;7,50;22,50;4,00;6,00;8,00;8,00;4,29;16,07;2,14;6,43;3,00;2,00;2,00;2,00;10,00;0,00;1,00
2021-05-23;17,00;96,33;45,33;85,00;42,50;4,25;42,50;51,00;36,83;17,00;19,83;65,17;38,25;46,75;12,75;4,25;39,67;153,00;5,67;11,33;5,00;7,00;7,00;8,00;7,44;7,44;2,13;5,31;5,00;2,00;1,00;1,00;15,00;0,50;1,00
2021-05-30;13,00;97,50;52,00;91,00;65,00;6,50;65,00;78,00;31,20;20,80;23,40;44,20;21,67;47,67;8,67;2,17;45,50;195,00;6,50;13,00;7,00;7,00;10,00;10,00;7,00;6,00;2,00;3,00;4,00;1,00;3,00;1,00;7,00;1,00;1,00
2021-06-06;14,00;74,67;37,33;60,67;70,00;7,00;84,00;42,00;25,20;22,40;30,80;61,60;32,67;42,00;14,00;2,33;49,00;210,00;7,00;14,00;5,00;7,00;7,00;10,00;7,54;9,69;2,15;5,38;3,00;2,00;4,00;1,00;4,00;0,50;1,00
2021-06-13;18,00;102,00;54,00;96,00;54,00;4,50;45,00;27,00;28,29;18,00;25,71;43,71;85,50;54,00;9,00;4,50;42,00;168,00;6,00;12,00;9,00;8,00;9,00;8,00;6,00;10,00;2,00;6,00;5,00;2,00;2,00;1,00;4,00;1,00;1,00
2021-06-20;17,00;102,00;51,00;79,33;42,50;4,25;42,50;17,00;24,29;17,00;26,71;51,00;59,50;42,50;12,75;4,25;45,33;170,00;5,67;11,33;10,00;8,00;7,00;9,00;7,44;7,44;4,25;6,38;7,00;1,00;3,00;1,00;5,00;0,00;1,00
2021-06-27;13,00;117,00;65,00;110,50;130,00;6,50;78,00;26,00;26,00;23,40;28,60;46,80;69,33;34,67;13,00;2,17;52,00;201,50;6,50;13,00;7,00;7,00;7,00;12,00;7,58;7,58;3,25;6,50;3,00;4,00;2,00;1,00;8,00;0,50;1,00
2021-07-04;26,00;114,40;46,80;104,00;52,00;4,33;52,00;26,00;28,60;26,00;28,60;52,00;39,00;47,67;13,00;4,33;65,00;208,00;6,50;13,00;10,00;9,00;8,00;10,00;9,36;11,44;3,12;9,36;7,00;4,00;4,00;1,00;7,00;1,00;1,00
2021-07-11;22,00;132,00;60,50;121,00;99,00;5,50;66,00;33,00;31,78;19,56;26,89;48,89;39,60;57,20;13,20;4,40;60,50;198,00;5,50;11,00;9,00;8,00;12,00;13,00;10,48;10,48;4,19;6,29;4,00;3,00;2,00;2,00;10,00;2,00;0,00
2021-07-18;21,00;105,00;52,50;110,25;63,00;5,25;63,00;31,50;28,88;23,63;23,63;44,63;42,00;50,40;8,40;4,20;52,50;194,25;5,25;15,75;5,00;6,00;11,00;10,00;11,55;10,50;2,10;7,35;5,00;1,00;4,00;1,00;5,00;1,00;0,50
2021-07-25;18,00;120,00;72,00;120,00;54,00;4,50;63,00;36,00;28,29;28,29;30,86;59,14;54,00;49,50;13,50;2,25;60,00;270,00;6,00;18,00;11,00;10,00;11,00;10,00;6,00;14,00;3,00;5,00;3,00;3,00;3,00;3,00;12,00;0,50;0,50
2021-08-01;32,00;133,33;58,67;133,33;64,00;5,33;64,00;42,67;29,54;34,46;22,15;41,85;64,00;59,43;13,71;4,57;96,00;250,67;5,33;16,00;12,00;11,00;11,00;10,00;11,35;16,52;4,13;7,23;5,00;2,00;4,00;2,00;11,00;0,00;1,00
2021-08-08;35,00;186,67;75,83;163,33;61,25;4,38;61,25;35,00;32,50;40,00;27,50;40,00;43,75;52,50;17,50;4,38;75,83;332,50;5,83;23,33;12,00;14,00;13,00;11,00;12,73;12,73;3,18;11,67;5,00;4,00;5,00;2,00;12,00;0,50;0,50
2021-08-15;30,00;150,00;65,00;135,00;60,00;5,00;70,00;40,00;40,00;37,50;22,50;47,50;38,57;51,43;17,14;12,86;66,00;318,00;6,00;18,00;15,00;12,00;11,00;14,00;9,31;16,55;4,14;6,21;8,00;5,00;4,00;2,00;6,00;0,50;1,00
2021-08-22;27,00;156,60;75,60;151,20;54,00;4,50;72,00;36,00;45,90;40,50;29,70;59,40;45,00;63,00;27,00;4,50;54,00;232,20;5,40;21,60;13,00;13,00;10,00;17,00;11,42;15,58;4,15;8,31;6,00;3,00;4,00;2,00;5,00;0,50;2,00
2021-08-29;34,00;181,33;90,67;158,67;90,67;5,67;90,67;45,33;47,08;39,23;36,62;47,08;51,00;76,50;21,25;4,25;68,00;283,33;5,67;17,00;11,00;14,00;12,00;15,00;11,33;14,42;5,15;8,24;8,00;3,00;3,00;1,00;7,00;0,50;2,00
2021-09-05;33,00;187,00;77,00;148,50;88,00;11,00;77,00;55,00;58,38;40,62;40,62;43,15;47,14;70,71;28,29;4,71;55,00;264,00;11,00;22,00;10,00;12,00;11,00;23,00;10,31;20,63;5,16;10,31;7,00;5,00;5,00;2,00;9,00;0,50;1,00
2021-09-12;30,00;185,00;85,00;165,00;90,00;10,00;80,00;60,00;52,50;45,00;35,00;65,00;55,71;68,57;30,00;4,29;72,00;300,00;12,00;24,00;12,00;18,00;12,00;22,00;11,38;19,66;2,07;12,41;10,00;2,00;5,00;3,00;9,00;1,00;0,00
2021-09-19;28,00;218,40;112,00;179,20;93,33;9,33;74,67;46,67;63,64;50,91;45,82;106,91;65,33;79,33;32,67;4,67;72,80;263,20;5,60;16,80;11,00;16,00;9,00;21,00;13,48;22,81;3,11;13,48;9,00;2,00;4,00;3,00;11,00;0,50;1,00
2021-09-26;26,00;213,20;109,20;145,60;86,67;8,67;78,00;52,00;75,40;52,00;46,80;104,00;56,33;78,00;26,00;4,33;78,00;305,50;13,00;26,00;11,00;14,00;13,00;27,00;10,40;20,80;4,16;10,40;8,00;3,00;5,00;1,00;9,00;1,00;1,00
2021-10-03;27,00;270,00;113,40;172,80;90,00;9,00;90,00;63,00;94,50;54,00;56,70;143,10;72,00;76,50;31,50;4,50;86,40;270,00;10,80;21,60;8,00;22,00;11,00;27,00;10,38;24,92;4,15;14,54;6,00;3,00;4,00;4,00;7,00;0,00;1,00
2021-10-10;31,00;273,83;124,00;160,17;113,67;10,33;103,33;62,00;87,83;56,83;51,67;124,00;79,71;84,14;35,43;4,43;68,20;316,20;6,20;24,80;14,00;16,00;16,00;25,00;9,30;28,93;3,10;13,43;9,00;3,00;2,00;4,00;11,00;0,50;2,00
2021-10-17;26,00;254,80;130,00;156,00;95,33;4,33;86,67;60,67;75,40;59,80;54,60;114,40;73,67;86,67;26,00;4,33;78,00;312,00;13,00;32,50;9,00;21,00;16,00;25,00;12,48;28,08;5,20;10,40;9,00;4,00;3,00;2,00;8,00;1,00;1,00
2021-10-24;21,00;257,25;110,25;152,25;105,00;10,50;105,00;63,00;76,13;55,13;49,88;115,50;79,80;75,60;29,40;4,20;47,25;278,25;5,25;21,00;8,00;19,00;17,00;24,00;7,00;21,00;2,00;11,00;6,00;4,00;4,00;2,00;6,00;2,00;1,00
2021-10-31;21,00;299,25;131,25;136,50;105,00;10,50;94,50;63,00;78,75;65,63;63,00;126,00;84,00;84,00;29,40;4,20;42,00;252,00;5,25;26,25;10,00;19,00;15,00;26,00;9,45;28,35;3,15;14,70;6,00;3,00;6,00;3,00;5,00;0,50;0,50
2021-11-07;24,00;348,00;156,00;162,00;120,00;12,00;96,00;72,00;101,33;64,00;66,67;120,00;105,60;96,00;43,20;4,80;60,00;318,00;12,00;24,00;8,00;19,00;22,00;24,00;10,43;27,13;5,22;13,57;6,00;2,00;3,00;3,00;6,00;0,50;1,00
2021-11-14;16,00;288,00;112,00;154,67;72,00;8,00;72,00;40,00;101,33;61,33;42,67;117,33;80,00;68,00;28,00;4,00;48,00;261,33;10,67;16,00;9,00;16,00;18,00;23,00;8,00;28,00;3,00;11,00;7,00;3,00;2,00;1,00;6,00;0,50;1,00
2021-11-21;13,00;203,67;65,00;104,00;117,00;6,50;104,00;65,00;101,40;41,60;52,00;106,60;82,33;65,00;17,33;4,33;39,00;325,00;6,50;26,00;8,00;11,00;18,00;18,00;6,00;20,00;6,00;8,00;6,00;1,00;3,00;1,00;6,00;0,00;0,50
2021-11-28;16,00;192,00;58,67;90,67;64,00;4,00;64,00;24,00;66,67;34,67;42,67;101,33;80,00;58,67;16,00;5,33;32,00;208,00;10,67;21,33;5,00;14,00;15,00;19,00;8,53;43,73;2,13;10,67;7,00;2,00;2,00;1,00;5,00;0,00;0,50
2021-12-05;11,00;170,50;60,50;93,50;77,00;5,50;66,00;33,00;68,75;38,50;44,00;90,75;71,50;71,50;22,00;5,50;27,50;198,00;11,00;16,50;3,00;10,00;15,00;15,00;4,40;25,30;4,40;8,80;4,00;3,00;3,00;1,00;4,00;1,00;0,00
2021-12-12;11,00;192,50;66,00;93,50;66,00;11,00;77,00;33,00;55,00;30,25;46,75;101,75;71,50;60,50;22,00;5,50;27,50;187,00;11,00;22,00;9,00;12,00;14,00;14,00;6,60;27,50;2,20;11,00;6,00;4,00;2,00;1,00;7,00;0,00;1,00
2021-12-19;15,00;105,00;50,00;75,00;45,00;3,75;52,50;22,50;42,50;25,00;32,50;85,00;45,00;55,00;25,00;5,00;30,00;150,00;2,50;15,00;3,00;11,00;12,00;11,00;6,43;22,50;3,21;8,57;3,00;2,00;3,00;2,00;5,00;0,00;1,00
2021-12-26;20,00;180,00;65,00;100,00;90,00;5,00;70,00;40,00;45,00;27,50;37,50;100,00;56,00;60,00;20,00;4,00;46,67;240,00;6,67;20,00;8,00;11,00;16,00;23,00;8,00;25,00;3,00;9,00;3,00;3,00;2,00;2,00;6,00;1,00;1,00
2022-01-02;31,00;186,00;87,83;165,33;144,67;5,17;93,00;62,00;74,92;38,75;51,67;113,67;79,71;110,71;17,71;4,43;68,20;248,00;6,20;18,60;9,00;17,00;16,00;23,00;7,23;27,90;6,20;10,33;9,00;3,00;5,00;3,00;8,00;0,50;1,00
2022-01-09;31,00;237,67;108,50;180,83;144,67;5,17;113,67;72,33;82,67;46,50;56,83;116,25;101,86;115,14;22,14;4,43;68,20;285,20;12,40;24,80;13,00;17,00;19,00;27,00;15,50;48,57;5,17;11,37;7,00;5,00;3,00;1,00;9,00;2,00;1,00
2022-01-16;38,00;282,29;119,43;206,29;152,00;9,50;104,50;76,00;78,53;45,60;65,87;139,33;114,00;128,25;23,75;4,75;82,33;335,67;12,67;19,00;15,00;19,00;13,00;20,00;12,32;44,16;5,14;11,30;13,00;5,00;6,00;4,00;10,00;0,00;1,00
2022-01-23;35,00;270,00;110,00;185,00;140,00;8,75;87,50;78,75;85,00;47,50;57,50;162,50;113,75;122,50;30,63;4,38;93,33;326,67;11,67;17,50;15,00;20,00;17,00;25,00;14,41;45,29;4,12;10,29;10,00;7,00;6,00;2,00;10,00;1,00;1,00
2022-01-30;30,00;285,00;110,00;200,00;170,00;5,00;110,00;80,00;87,50;55,00;65,00;130,00;120,00;124,29;30,00;4,29;78,00;348,00;12,00;24,00;14,00;24,00;19,00;23,00;15,52;48,62;6,21;8,28;9,00;5,00;7,00;2,00;10,00;0,50;1,00
2022-02-06;32,00;314,67;138,67;229,33;192,00;10,67;128,00;106,67;90,67;66,67;85,33;152,00;132,57;128,00;27,43;4,57;83,20;377,60;12,80;25,60;17,00;29,00;19,00;30,00;12,39;51,61;6,19;13,42;11,00;4,00;7,00;2,00;9,00;2,00;1,00
2022-02-13;40,00;315,00;145,00;255,00;200,00;10,00;130,00;110,00;95,00;67,50;77,50;137,50;120,00;146,67;31,11;4,44;85,71;371,43;17,14;28,57;16,00;22,00;22,00;33,00;15,38;62,56;4,10;34,87;14,00;5,00;5,00;3,00;9,00;1,00;1,00
2022-02-20;34,00;357,00;153,00;255,00;153,00;8,50;119,00;85,00;104,62;65,38;88,92;149,08;114,75;123,25;29,75;4,25;79,33;345,67;11,33;28,33;16,00;23,00;20,00;29,00;13,39;57,70;4,12;15,45;11,00;6,00;6,00;4,00;7,00;1,00;0,50
2022-02-27;41,00;322,88;158,88;235,75;174,25;10,25;123,00;82,00;105,06;58,94;84,56;133,25;118,44;123,00;27,33;4,56;76,14;310,43;11,71;29,29;12,00;19,00;25,00;33,00;15,38;54,33;6,15;15,38;11,00;4,00;7,00;2,00;5,00;1,00;2,00
2022-03-06;40,00;377,14;177,14;291,43;200,00;10,00;130,00;120,00;95,00;62,50;90,00;157,50;111,11;142,22;31,11;4,44;80,00;348,57;11,43;22,86;18,00;21,00;22,00;27,00;17,44;49,23;7,18;14,36;13,00;4,00;7,00;1,00;10,00;1,00;2,00
2022-03-13;48,00;384,00;170,67;304,00;182,40;9,60;144,00;105,60;93,47;65,68;96,00;161,68;109,09;157,09;30,55;8,73;90,00;402,00;30,00;36,00;19,00;29,00;20,00;28,00;21,45;50,04;7,15;17,36;15,00;5,00;6,00;3,00;12,00;1,00;2,00
2022-03-20;59,00;386,18;198,45;327,18;226,17;9,83;157,33;108,17;107,74;66,70;128,26;159,04;122,54;167,92;40,85;4,54;100,30;418,90;17,70;35,40;18,00;31,00;19,00;38,00;23,81;42,44;8,28;19,67;13,00;3,00;12,00;3,00;17,00;1,00;0,50
2022-03-27;61,00;386,33;172,83;310,08;223,67;10,17;142,33;111,83;111,83;81,33;116,92;142,33;130,71;174,29;34,86;4,36;103,70;414,80;24,40;42,70;17,00;27,00;26,00;35,00;16,54;39,29;7,24;17,58;13,00;8,00;8,00;4,00;12,00;1,00;2,00
2022-04-03;71,00;415,08;218,46;376,85;223,14;10,14;142,00;121,71;121,71;88,75;126,79;157,21;150,88;177,50;44,38;8,88;118,33;461,50;17,75;35,50;18,00;29,00;23,00;35,00;20,88;38,63;9,40;22,97;11,00;7,00;8,00;5,00;17,00;1,00;2,00
2022-04-10;65,00;406,25;200,42;352,08;204,29;9,29;167,14;102,14;109,20;80,60;122,20;169,00;143,93;181,07;41,79;9,29;106,36;460,91;23,64;59,09;22,00;20,00;29,00;33,00;16,77;31,45;7,34;16,77;13,00;6,00;8,00;3,00;16,00;1,00;1,00
2022-04-17;69,00;435,23;191,08;360,92;246,43;9,86;147,86;108,43;104,78;71,56;104,78;171,22;142,60;197,80;36,80;9,20;97,75;425,50;11,50;40,25;18,00;25,00;24,00;43,00;19,86;26,14;11,50;15,68;13,00;4,00;7,00;4,00;17,00;2,00;2,00
2022-04-24;68,00;418,46;204,00;334,77;213,71;9,71;223,43;116,57;93,19;88,15;113,33;158,67;126,93;185,87;45,33;9,07;107,67;396,67;17,00;39,67;24,00;31,00;25,00;33,00;21,64;28,85;8,24;17,52;9,00;4,00;9,00;5,00;14,00;0,50;1,00
2022-05-01;67,00;558,33;212,17;368,50;220,14;9,57;641,29;105,29;110,81;87,62;108,23;154,62;129,53;196,53;49,13;4,47;109,64;414,18;12,18;48,73;29,00;30,00;27,00;42,00;23,03;20,94;7,33;24,08;12,00;7,00;11,00;6,00;18,00;2,00;2,00
2022-05-08;76,00;439,71;206,29;347,43;209,00;9,50;199,50;114,00;103,87;76,00;103,87;192,53;129,65;183,29;31,29;4,47;111,08;397,54;11,69;40,92;25,00;31,00;30,00;39,00;27,07;28,11;7,29;18,74;14,00;9,00;6,00;4,00;14,00;1,00;1,00
2022-05-15;84,00;467,25;189,00;351,75;205,33;18,67;158,67;102,67;117,09;78,91;124,73;178,18;119,37;181,26;48,63;8,84;126,00;408,00;18,00;54,00;29,00;28,00;33,00;40,00;28,00;46,67;11,41;18,67;18,00;8,00;11,00;6,00;18,00;3,00;1,00
2022-05-22;93,00;530,65;202,41;382,94;258,33;10,33;206,67;113,67;105,92;85,25;149,83;188,58;141,71;177,14;48,71;8,86;116,25;447,56;17,44;40,69;32,00;34,00;29,00;36,00;30,30;37,62;9,40;22,99;12,00;10,00;9,00;6,00;27,00;1,00;2,00
2022-05-29;84,00;451,50;199,50;346,50;205,33;9,33;177,33;102,67;114,55;81,45;127,27;196,00;137,05;172,42;44,21;4,42;132,00;540,00;24,00;48,00;28,00;36,00;30,00;38,00;22,81;40,44;9,33;22,81;19,00;8,00;10,00;6,00;44,00;1,00;2,00
2022-06-05;78,00;410,80;197,60;348,40;234,00;9,75;156,00;126,75;103,16;105,68;133,35;186,19;146,82;188,12;45,88;9,18;132,00;492,00;12,00;42,00;29,00;40,00;31,00;36,00;32,24;30,16;9,36;27,04;16,00;5,00;12,00;6,00;15,00;2,00;2,00
2022-06-12;89,00;408,35;204,18;356,00;207,67;9,89;168,11;108,78;109,34;94,09;124,60;193,26;124,60;191,35;44,50;8,90;106,80;480,60;11,87;47,47;29,00;29,00;28,00;37,00;26,91;35,19;8,28;23,80;15,00;9,00;7,00;5,00;18,00;0,00;1,00
