Semaine;Chamonix (FR);Val Thorens (FR);Alpe d Huez (FR);Les Deux Alpes (FR);Tignes (FR);Les Arcs (FR);Les Ménuires (FR);Avoriaz (FR);La Plagne (FR);La Clusaz (FR);Morzine (FR);Châtel (FR);Les Gets (FR);Val Cenis (FR);Courchevel (FR);Serre Chevalier (FR);Samoëns (FR);Valloire (FR);Méribel (FR);Val d Isère (FR);Megève (FR);Vars (FR);Grand Bornand (FR);Font Romeu (FR);St Lary (FR);Barèges (FR);La Mongie (FR);Peyragudes (FR)
2019-01-06;31,00;46,50;46,50;31,00;15,50;31,00;0,00;47,00;31,00;0,00;0,00;31,00;0,00;0,00;0,00;0,00;16,00;16,00;16,00;0,00;0,00;16,00;0,00;0,00;0,00;0,00;0,00;0,00
2019-01-13;15,00;15,00;15,00;28,75;58,75;15,00;30,00;15,00;0,00;0,00;15,00;15,00;15,00;0,00;15,00;0,00;0,00;0,00;30,00;0,00;15,00;0,00;0,00;0,00;0,00;0,00;0,00;0,00
2019-01-20;77,00;46,20;15,40;0,00;0,00;15,00;15,00;0,00;0,00;15,00;0,00;15,00;0,00;0,00;31,00;0,00;15,00;0,00;0,00;0,00;0,00;0,00;0,00;0,00;0,00;0,00;0,00;0,00
2019-01-27;31,00;15,50;0,00;0,00;46,50;16,00;16,00;16,00;16,00;0,00;16,00;16,00;0,00;16,00;0,00;0,00;16,00;16,00;0,00;0,00;0,00;0,00;0,00;0,00;0,00;0,00;0,00;0,00
2019-02-03;64,00;15,36;64,00;15,36;32,00;32,00;16,00;0,00;0,00;32,00;0,00;0,00;0,00;0,00;0,00;0,00;0,00;0,00;0,00;0,00;16,00;0,00;0,00;0,00;0,00;0,00;0,00;0,00
2019-02-10;16,00;0,00;16,00;33,33;16,00;0,00;16,00;16,00;0,00;0,00;64,00;16,00;32,00;0,00;48,00;0,00;16,00;0,00;0,00;16,00;0,00;0,00;0,00;16,00;0,00;0,00;0,00;0,00
2019-02-17;82,00;33,31;16,66;48,69;16,66;33,00;0,00;0,00;33,00;0,00;0,00;16,00;0,00;0,00;16,00;16,00;0,00;0,00;0,00;49,00;0,00;0,00;0,00;0,00;0,00;0,00;0,00;0,00
2019-02-24;51,00;34,00;0,00;17,00;51,00;0,00;0,00;0,00;17,00;0,00;0,00;34,00;0,00;17,00;0,00;0,00;17,00;0,00;0,00;0,00;0,00;0,00;0,00;0,00;0,00;0,00;0,00;0,00
2019-03-03;95,00;79,59;15,41;15,41;15,41;0,00;0,00;16,00;16,00;0,00;16,00;16,00;0,00;0,00;16,00;0,00;0,00;0,00;32,00;16,00;0,00;0,00;0,00;0,00;0,00;0,00;0,00;0,00
2019-03-10;80,00;32,26;129,03;0,00;0,00;16,00;16,00;16,00;16,00;16,00;16,00;0,00;0,00;0,00;16,00;0,00;16,00;0,00;32,00;0,00;0,00;0,00;0,00;0,00;0,00;0,00;0,00;0,00
2019-03-17;33,00;16,50;0,00;0,00;33,00;0,00;0,00;0,00;0,00;0,00;0,00;0,00;0,00;0,00;0,00;0,00;0,00;0,00;17,00;17,00;0,00;0,00;17,00;0,00;0,00;0,00;0,00;0,00
2019-03-24;17,00;34,00;51,00;0,00;34,00;0,00;0,00;0,00;0,00;0,00;0,00;0,00;0,00;0,00;17,00;0,00;0,00;0,00;0,00;0,00;0,00;0,00;0,00;0,00;0,00;0,00;0,00;0,00
2019-03-31;65,00;16,90;32,50;16,90;0,00;16,00;16,00;0,00;16,00;0,00;16,00;0,00;0,00;0,00;0,00;0,00;0,00;16,00;16,00;0,00;0,00;0,00;0,00;0,00;0,00;0,00;0,00;0,00
2019-04-07;64,00;15,36;0,00;15,36;15,36;0,00;0,00;16,00;0,00;0,00;0,00;0,00;16,00;0,00;0,00;0,00;0,00;16,00;0,00;0,00;0,00;0,00;0,00;0,00;0,00;0,00;0,00;0,00
2019-04-14;18,00;0,00;0,00;0,00;0,00;0,00;0,00;0,00;35,00;18,00;0,00;0,00;0,00;0,00;0,00;0,00;0,00;0,00;0,00;0,00;0,00;0,00;0,00;0,00;0,00;0,00;0,00;0,00
2019-04-21;86,00;0,00;16,69;0,00;0,00;0,00;17,00;0,00;0,00;0,00;17,00;17,00;0,00;0,00;0,00;0,00;0,00;0,00;0,00;0,00;0,00;0,00;0,00;0,00;0,00;0,00;0,00;0,00
2019-04-28;31,00;0,00;0,00;0,00;0,00;0,00;0,00;0,00;0,00;0,00;0,00;0,00;16,00;0,00;0,00;16,00;0,00;0,00;0,00;0,00;0,00;16,00;0,00;0,00;0,00;0,00;0,00;0,00
2019-05-05;47,00;0,00;15,67;15,67;0,00;0,00;0,00;0,00;0,00;0,00;0,00;0,00;0,00;0,00;0,00;0,00;0,00;0,00;0,00;0,00;0,00;0,00;0,00;0,00;0,00;0,00;0,00;0,00
2019-05-12;32,00;0,00;0,00;0,00;0,00;0,00;0,00;0,00;0,00;0,00;16,00;16,00;0,00;0,00;0,00;0,00;0,00;0,00;0,00;0,00;0,00;0,00;0,00;0,00;0,00;0,00;0,00;0,00
2019-05-19;16,00;0,00;0,00;0,00;33,33;0,00;0,00;0,00;16,00;32,00;0,00;0,00;16,00;0,00;16,00;0,00;0,00;0,00;0,00;0,00;0,00;0,00;0,00;0,00;0,00;0,00;0,00;0,00
2019-05-26;0,00;0,00;0,00;0,00;12,00;0,00;0,00;0,00;0,00;0,00;0,00;0,00;0,00;0,00;0,00;0,00;0,00;0,00;0,00;0,00;0,00;0,00;0,00;0,00;0,00;0,00;0,00;0,00
2019-06-02;48,00;0,00;15,57;0,00;0,00;0,00;0,00;0,00;0,00;16,00;0,00;0,00;0,00;0,00;0,00;0,00;0,00;0,00;16,00;0,00;0,00;0,00;0,00;0,00;16,00;0,00;0,00;0,00
2019-06-09;33,00;0,00;0,00;0,00;0,00;0,00;16,00;0,00;0,00;0,00;16,00;0,00;16,00;0,00;0,00;0,00;0,00;0,00;0,00;0,00;16,00;0,00;0,00;0,00;0,00;0,00;0,00;0,00
2019-06-16;16,00;0,00;16,00;0,00;30,77;0,00;0,00;0,00;49,00;0,00;0,00;0,00;0,00;0,00;0,00;0,00;0,00;16,00;0,00;0,00;0,00;0,00;0,00;0,00;0,00;0,00;0,00;0,00
2019-06-23;0,00;13,00;50,00;38,00;0,00;16,00;0,00;0,00;16,00;0,00;0,00;0,00;16,00;0,00;16,00;0,00;0,00;0,00;0,00;0,00;0,00;0,00;0,00;0,00;0,00;0,00;0,00;0,00
2019-06-30;80,00;0,00;32,26;32,26;0,00;0,00;0,00;0,00;0,00;32,00;0,00;0,00;0,00;0,00;0,00;0,00;0,00;0,00;16,00;0,00;0,00;0,00;0,00;0,00;0,00;0,00;0,00;0,00
2019-07-07;63,00;15,43;15,43;0,00;0,00;0,00;0,00;0,00;16,00;0,00;0,00;0,00;16,00;0,00;16,00;0,00;0,00;0,00;0,00;16,00;16,00;0,00;0,00;0,00;0,00;0,00;0,00;0,00
2019-07-14;66,00;33,65;66,00;0,00;0,00;0,00;0,00;0,00;0,00;0,00;0,00;0,00;0,00;0,00;0,00;0,00;0,00;0,00;0,00;0,00;0,00;0,00;0,00;0,00;0,00;0,00;0,00;0,00
2019-07-21;52,00;0,00;70,20;0,00;16,90;0,00;0,00;0,00;0,00;0,00;0,00;0,00;17,00;0,00;0,00;0,00;0,00;34,00;0,00;17,00;17,00;0,00;0,00;0,00;0,00;0,00;0,00;0,00
2019-07-28;50,00;0,00;16,67;16,67;0,00;0,00;0,00;17,00;0,00;0,00;0,00;34,00;0,00;0,00;0,00;0,00;0,00;0,00;0,00;0,00;0,00;0,00;0,00;0,00;0,00;0,00;0,00;0,00
2019-08-04;68,00;0,00;16,68;16,68;0,00;0,00;17,00;17,00;0,00;0,00;0,00;0,00;0,00;0,00;0,00;0,00;0,00;17,00;17,00;0,00;0,00;0,00;0,00;0,00;0,00;0,00;0,00;0,00
2019-08-11;16,00;33,33;49,33;16,00;16,00;0,00;0,00;0,00;0,00;0,00;32,00;0,00;0,00;0,00;0,00;0,00;0,00;0,00;0,00;32,00;0,00;0,00;16,00;0,00;0,00;0,00;0,00;0,00
2019-08-18;49,00;0,00;0,00;16,76;16,76;16,00;16,00;0,00;0,00;0,00;0,00;17,00;16,00;0,00;0,00;0,00;0,00;0,00;0,00;0,00;0,00;0,00;0,00;0,00;0,00;0,00;0,00;0,00
2019-08-25;49,00;16,76;32,24;0,00;0,00;0,00;16,00;0,00;0,00;0,00;0,00;0,00;0,00;0,00;0,00;0,00;0,00;0,00;0,00;0,00;0,00;0,00;16,00;0,00;0,00;0,00;0,00;0,00
2019-09-01;63,00;0,00;15,43;0,00;0,00;0,00;16,00;0,00;16,00;0,00;0,00;0,00;0,00;0,00;0,00;0,00;0,00;0,00;0,00;16,00;0,00;0,00;0,00;0,00;0,00;0,00;0,00;0,00
2019-09-08;47,00;0,00;30,49;0,00;0,00;0,00;16,00;0,00;16,00;0,00;0,00;0,00;0,00;0,00;0,00;0,00;0,00;0,00;0,00;0,00;0,00;0,00;0,00;0,00;0,00;0,00;0,00;0,00
2019-09-15;47,00;47,00;30,49;0,00;0,00;0,00;16,00;0,00;16,00;0,00;0,00;0,00;0,00;0,00;0,00;0,00;0,00;0,00;16,00;16,00;0,00;0,00;0,00;0,00;0,00;0,00;0,00;0,00
2019-09-22;31,00;0,00;76,21;0,00;15,50;0,00;0,00;0,00;0,00;0,00;15,00;0,00;0,00;15,00;15,00;0,00;0,00;0,00;0,00;0,00;0,00;0,00;0,00;0,00;0,00;0,00;0,00;0,00
2019-09-29;31,00;15,50;0,00;0,00;0,00;15,00;0,00;0,00;0,00;15,00;15,00;0,00;0,00;0,00;0,00;0,00;0,00;0,00;0,00;0,00;0,00;0,00;0,00;0,00;0,00;0,00;0,00;0,00
2019-10-06;0,00;12,00;0,00;24,00;0,00;15,00;15,00;0,00;0,00;0,00;15,00;0,00;0,00;0,00;15,00;0,00;0,00;0,00;15,00;15,00;15,00;0,00;0,00;0,00;0,00;0,00;0,00;0,00
2019-10-13;15,00;0,00;15,00;0,00;45,00;0,00;0,00;0,00;0,00;0,00;0,00;0,00;0,00;0,00;0,00;15,00;0,00;0,00;0,00;0,00;0,00;0,00;15,00;0,00;0,00;0,00;0,00;0,00
2019-10-20;15,00;0,00;15,00;0,00;15,00;0,00;0,00;15,00;0,00;0,00;30,00;0,00;0,00;0,00;0,00;0,00;0,00;15,00;0,00;0,00;0,00;0,00;0,00;0,00;0,00;0,00;0,00;0,00
2019-10-27;30,00;15,65;0,00;0,00;15,65;0,00;0,00;0,00;0,00;0,00;15,00;0,00;0,00;0,00;45,00;0,00;0,00;0,00;15,00;15,00;0,00;0,00;0,00;0,00;0,00;0,00;0,00;0,00
2019-11-03;15,00;15,00;15,00;15,00;0,00;0,00;0,00;0,00;0,00;0,00;0,00;15,00;0,00;0,00;15,00;0,00;0,00;0,00;0,00;0,00;0,00;0,00;0,00;0,00;0,00;0,00;0,00;0,00
2019-11-10;15,00;15,00;31,36;0,00;0,00;0,00;0,00;0,00;0,00;0,00;0,00;0,00;0,00;0,00;0,00;0,00;0,00;0,00;44,00;0,00;0,00;0,00;0,00;0,00;0,00;0,00;0,00;0,00
2019-11-17;59,00;15,39;44,89;15,39;14,11;0,00;0,00;15,00;15,00;0,00;0,00;0,00;0,00;0,00;0,00;0,00;0,00;15,00;0,00;15,00;0,00;0,00;0,00;0,00;0,00;0,00;0,00;0,00
2019-11-24;73,00;29,46;14,09;0,00;0,00;0,00;0,00;0,00;0,00;15,00;15,00;15,00;0,00;0,00;29,00;0,00;15,00;0,00;0,00;15,00;0,00;0,00;0,00;0,00;0,00;0,00;0,00;0,00
2019-12-01;15,00;86,25;0,00;0,00;15,00;15,00;30,00;0,00;15,00;15,00;0,00;0,00;0,00;0,00;0,00;0,00;0,00;15,00;15,00;0,00;0,00;0,00;0,00;0,00;0,00;0,00;0,00;0,00
2019-12-08;15,00;28,75;28,75;28,75;43,75;0,00;15,00;0,00;15,00;0,00;15,00;0,00;0,00;0,00;15,00;0,00;15,00;0,00;30,00;15,00;0,00;0,00;0,00;0,00;0,00;0,00;0,00;0,00
2019-12-15;60,00;15,32;15,32;0,00;15,32;45,00;15,00;0,00;45,00;0,00;15,00;15,00;0,00;0,00;0,00;0,00;0,00;0,00;45,00;15,00;0,00;0,00;15,00;0,00;0,00;0,00;0,00;0,00
2019-12-22;51,00;85,43;16,58;0,00;34,43;0,00;17,00;0,00;0,00;34,00;0,00;0,00;0,00;0,00;17,00;0,00;0,00;0,00;0,00;34,00;0,00;0,00;34,00;0,00;0,00;0,00;0,00;0,00
2019-12-29;0,00;12,00;12,00;0,00;12,00;16,00;16,00;0,00;47,00;16,00;16,00;32,00;0,00;0,00;63,00;0,00;16,00;0,00;0,00;0,00;0,00;0,00;0,00;0,00;0,00;0,00;0,00;0,00
2020-01-05;42,00;42,00;28,00;28,00;14,00;14,00;70,00;0,00;14,00;0,00;28,00;14,00;0,00;0,00;14,00;0,00;0,00;0,00;14,00;0,00;0,00;0,00;0,00;0,00;0,00;0,00;0,00;0,00
2020-01-12;82,00;41,00;26,91;41,00;0,00;27,00;0,00;0,00;27,00;14,00;14,00;14,00;0,00;0,00;0,00;0,00;0,00;0,00;14,00;14,00;0,00;0,00;0,00;0,00;0,00;0,00;0,00;0,00
2020-01-19;29,00;43,50;14,50;29,00;0,00;0,00;14,00;14,00;43,00;0,00;14,00;0,00;14,00;0,00;14,00;0,00;0,00;0,00;43,00;14,00;14,00;0,00;0,00;0,00;0,00;0,00;0,00;0,00
2020-01-26;43,00;43,00;71,67;0,00;14,33;28,00;28,00;0,00;14,00;14,00;14,00;0,00;0,00;0,00;14,00;0,00;28,00;14,00;28,00;0,00;0,00;0,00;0,00;0,00;0,00;0,00;0,00;0,00
2020-02-02;70,00;56,00;0,00;14,00;28,00;28,00;0,00;28,00;0,00;0,00;0,00;14,00;14,00;0,00;0,00;0,00;14,00;0,00;14,00;14,00;0,00;0,00;0,00;14,00;0,00;0,00;0,00;0,00
2020-02-09;41,00;26,91;0,00;14,09;14,09;14,00;0,00;14,00;14,00;14,00;0,00;0,00;0,00;0,00;0,00;14,00;0,00;0,00;14,00;0,00;0,00;0,00;0,00;0,00;0,00;0,00;0,00;0,00
2020-02-16;28,00;0,00;42,00;14,00;14,00;0,00;14,00;0,00;14,00;0,00;0,00;0,00;0,00;0,00;14,00;0,00;0,00;0,00;14,00;14,00;0,00;0,00;0,00;0,00;0,00;0,00;0,00;0,00
2020-02-23;28,00;85,33;0,00;14,67;14,67;14,00;0,00;28,00;0,00;0,00;0,00;14,00;0,00;0,00;0,00;0,00;0,00;14,00;14,00;0,00;0,00;0,00;0,00;0,00;0,00;0,00;14,00;0,00
2020-03-01;41,00;67,91;41,00;41,00;14,09;0,00;14,00;0,00;14,00;0,00;0,00;0,00;0,00;0,00;0,00;0,00;14,00;0,00;27,00;41,00;0,00;0,00;0,00;0,00;0,00;0,00;0,00;0,00
2020-03-08;39,00;39,00;39,00;26,00;26,00;0,00;52,00;13,00;0,00;13,00;13,00;0,00;0,00;0,00;13,00;0,00;13,00;0,00;39,00;26,00;13,00;0,00;0,00;0,00;0,00;0,00;0,00;0,00
2020-03-15;38,00;12,67;25,33;38,00;25,33;13,00;0,00;0,00;38,00;0,00;0,00;26,00;0,00;0,00;0,00;13,00;0,00;13,00;38,00;13,00;0,00;0,00;0,00;0,00;0,00;0,00;0,00;0,00
2020-03-22;0,00;0,00;0,00;0,00;10,00;13,00;0,00;0,00;0,00;0,00;0,00;0,00;0,00;0,00;0,00;0,00;0,00;0,00;13,00;0,00;0,00;0,00;0,00;0,00;0,00;0,00;0,00;0,00
2020-03-29;0,00;10,00;0,00;0,00;0,00;0,00;13,00;0,00;0,00;0,00;0,00;0,00;0,00;0,00;0,00;0,00;0,00;0,00;0,00;0,00;13,00;0,00;0,00;0,00;0,00;0,00;0,00;0,00
2020-04-05;14,00;14,00;14,00;0,00;0,00;0,00;0,00;0,00;0,00;0,00;0,00;0,00;0,00;0,00;0,00;0,00;0,00;0,00;0,00;0,00;0,00;0,00;0,00;0,00;0,00;0,00;0,00;0,00
2020-04-12;0,00;0,00;0,00;0,00;0,00;0,00;14,00;0,00;0,00;0,00;0,00;0,00;14,00;0,00;0,00;0,00;0,00;0,00;0,00;0,00;0,00;0,00;0,00;0,00;0,00;0,00;0,00;0,00
2020-04-19;13,00;0,00;13,00;0,00;0,00;0,00;0,00;0,00;0,00;0,00;13,00;0,00;0,00;0,00;0,00;0,00;0,00;0,00;0,00;0,00;0,00;13,00;0,00;0,00;0,00;0,00;0,00;0,00
2020-04-26;13,00;0,00;13,00;0,00;0,00;0,00;0,00;0,00;0,00;0,00;0,00;0,00;0,00;0,00;13,00;0,00;0,00;0,00;13,00;0,00;0,00;0,00;0,00;0,00;0,00;0,00;0,00;0,00
2020-05-03;0,00;0,00;10,00;0,00;0,00;0,00;0,00;0,00;0,00;0,00;0,00;0,00;0,00;0,00;0,00;13,00;0,00;0,00;0,00;0,00;0,00;0,00;0,00;0,00;0,00;0,00;0,00;0,00
2020-05-10;13,00;0,00;13,00;0,00;0,00;0,00;13,00;0,00;0,00;0,00;0,00;0,00;0,00;0,00;0,00;0,00;0,00;0,00;0,00;0,00;0,00;0,00;0,00;0,00;0,00;0,00;0,00;0,00
2020-05-17;14,00;14,00;14,00;0,00;0,00;0,00;0,00;14,00;0,00;27,00;0,00;0,00;0,00;0,00;0,00;0,00;0,00;0,00;0,00;0,00;0,00;0,00;0,00;0,00;0,00;0,00;0,00;0,00
2020-05-24;26,00;0,00;26,00;0,00;0,00;0,00;0,00;0,00;0,00;0,00;0,00;0,00;0,00;0,00;0,00;0,00;13,00;0,00;0,00;0,00;0,00;0,00;0,00;0,00;0,00;0,00;0,00;0,00
2020-05-31;26,00;0,00;0,00;13,00;0,00;0,00;0,00;13,00;0,00;0,00;0,00;0,00;0,00;0,00;0,00;0,00;0,00;0,00;0,00;0,00;0,00;0,00;0,00;0,00;0,00;0,00;0,00;0,00
2020-06-07;52,00;0,00;13,00;0,00;13,00;0,00;0,00;0,00;0,00;0,00;0,00;0,00;0,00;0,00;0,00;0,00;0,00;0,00;0,00;0,00;0,00;0,00;0,00;0,00;0,00;0,00;0,00;0,00
2020-06-14;13,00;13,00;13,00;0,00;0,00;0,00;0,00;0,00;0,00;0,00;0,00;0,00;0,00;0,00;0,00;0,00;0,00;0,00;0,00;13,00;0,00;0,00;13,00;0,00;0,00;0,00;0,00;0,00
2020-06-21;27,00;0,00;0,00;0,00;0,00;14,00;0,00;0,00;0,00;0,00;0,00;0,00;0,00;0,00;0,00;0,00;14,00;0,00;0,00;0,00;0,00;0,00;0,00;0,00;0,00;0,00;0,00;0,00
2020-06-28;53,00;0,00;40,07;0,00;0,00;0,00;0,00;0,00;0,00;0,00;0,00;0,00;0,00;0,00;0,00;13,00;13,00;0,00;0,00;0,00;0,00;0,00;0,00;0,00;0,00;0,00;0,00;0,00
2020-07-05;69,00;14,32;27,34;0,00;14,32;14,00;0,00;0,00;14,00;0,00;0,00;0,00;0,00;0,00;0,00;0,00;0,00;0,00;0,00;0,00;0,00;0,00;0,00;0,00;0,00;0,00;0,00;0,00
2020-07-12;57,00;0,00;0,00;14,25;28,50;0,00;0,00;0,00;43,00;0,00;0,00;0,00;0,00;0,00;0,00;0,00;0,00;0,00;0,00;0,00;0,00;0,00;0,00;0,00;0,00;0,00;0,00;0,00
2020-07-19;44,00;14,24;44,00;0,00;0,00;0,00;0,00;0,00;0,00;0,00;15,00;0,00;0,00;0,00;0,00;0,00;15,00;0,00;0,00;0,00;0,00;0,00;0,00;0,00;0,00;0,00;0,00;0,00
2020-07-26;29,00;0,00;13,87;42,87;0,00;0,00;0,00;15,00;0,00;0,00;14,00;0,00;0,00;0,00;14,00;0,00;0,00;0,00;0,00;0,00;0,00;0,00;0,00;0,00;0,00;0,00;0,00;0,00
2020-08-02;44,00;0,00;29,76;14,24;44,00;29,00;0,00;0,00;15,00;0,00;15,00;15,00;0,00;0,00;15,00;0,00;0,00;0,00;15,00;0,00;0,00;15,00;0,00;0,00;0,00;0,00;0,00;0,00
2020-08-09;42,00;0,00;42,00;0,00;0,00;14,00;0,00;0,00;0,00;14,00;14,00;0,00;0,00;0,00;14,00;0,00;0,00;0,00;0,00;0,00;0,00;0,00;0,00;0,00;0,00;0,00;0,00;0,00
2020-08-16;87,00;0,00;14,28;0,00;0,00;0,00;0,00;0,00;0,00;0,00;0,00;0,00;14,00;0,00;0,00;0,00;0,00;0,00;0,00;0,00;0,00;0,00;0,00;0,00;0,00;0,00;0,00;0,00
2020-08-23;100,00;14,10;14,10;0,00;0,00;0,00;0,00;14,00;0,00;0,00;14,00;0,00;0,00;0,00;0,00;0,00;14,00;14,00;0,00;0,00;29,00;0,00;0,00;0,00;0,00;0,00;0,00;0,00
2020-08-30;71,00;0,00;28,40;0,00;14,20;0,00;0,00;0,00;14,00;0,00;0,00;0,00;14,00;0,00;0,00;0,00;0,00;28,00;14,00;0,00;14,00;0,00;0,00;0,00;0,00;0,00;0,00;0,00
2020-09-06;14,00;0,00;14,00;14,00;0,00;14,00;0,00;14,00;0,00;0,00;0,00;0,00;0,00;0,00;0,00;0,00;14,00;0,00;0,00;0,00;0,00;0,00;0,00;0,00;0,00;0,00;0,00;0,00
2020-09-13;14,00;0,00;14,00;0,00;0,00;0,00;14,00;0,00;14,00;0,00;0,00;0,00;0,00;0,00;0,00;0,00;0,00;0,00;86,00;0,00;0,00;0,00;0,00;0,00;0,00;0,00;0,00;0,00
2020-09-20;14,00;0,00;14,00;0,00;0,00;14,00;0,00;0,00;14,00;0,00;0,00;0,00;0,00;0,00;0,00;0,00;0,00;0,00;14,00;0,00;0,00;0,00;0,00;0,00;0,00;0,00;0,00;0,00
2020-09-27;28,00;0,00;0,00;0,00;14,00;0,00;0,00;0,00;0,00;0,00;0,00;0,00;0,00;0,00;14,00;0,00;0,00;0,00;0,00;0,00;0,00;0,00;0,00;0,00;0,00;0,00;0,00;0,00
2020-10-04;43,00;0,00;28,67;0,00;14,33;0,00;0,00;14,00;0,00;0,00;0,00;0,00;0,00;0,00;0,00;0,00;0,00;0,00;0,00;0,00;0,00;0,00;0,00;0,00;0,00;0,00;0,00;0,00
2020-10-11;15,00;15,00;0,00;0,00;0,00;0,00;0,00;0,00;15,00;0,00;0,00;0,00;0,00;0,00;15,00;0,00;0,00;0,00;0,00;15,00;0,00;15,00;0,00;0,00;0,00;0,00;0,00;0,00
2020-10-18;0,00;0,00;0,00;0,00;0,00;15,00;0,00;15,00;0,00;0,00;0,00;0,00;0,00;0,00;0,00;0,00;0,00;0,00;0,00;0,00;0,00;0,00;0,00;0,00;0,00;0,00;0,00;0,00
2020-10-25;0,00;11,00;11,00;0,00;0,00;0,00;0,00;0,00;0,00;0,00;0,00;0,00;0,00;0,00;14,00;0,00;0,00;0,00;0,00;0,00;0,00;0,00;0,00;0,00;0,00;0,00;0,00;0,00
2020-11-01;25,00;0,00;0,00;0,00;0,00;0,00;0,00;0,00;0,00;0,00;0,00;0,00;0,00;0,00;12,00;0,00;0,00;0,00;0,00;0,00;0,00;0,00;0,00;0,00;0,00;0,00;0,00;0,00
2020-11-08;14,00;0,00;14,00;0,00;14,00;0,00;0,00;0,00;0,00;0,00;0,00;0,00;0,00;0,00;0,00;0,00;0,00;0,00;14,00;0,00;0,00;0,00;0,00;0,00;0,00;0,00;0,00;14,00
2020-11-15;42,00;0,00;0,00;0,00;0,00;0,00;0,00;0,00;0,00;0,00;0,00;0,00;0,00;0,00;0,00;0,00;0,00;0,00;0,00;14,00;0,00;0,00;0,00;0,00;0,00;0,00;0,00;0,00
2020-11-22;0,00;11,00;11,00;0,00;0,00;0,00;28,00;0,00;0,00;0,00;0,00;0,00;0,00;0,00;0,00;0,00;0,00;0,00;0,00;0,00;0,00;0,00;0,00;0,00;0,00;0,00;0,00;0,00
2020-11-29;0,00;0,00;11,00;0,00;11,00;0,00;0,00;0,00;0,00;0,00;0,00;0,00;0,00;0,00;14,00;0,00;0,00;0,00;14,00;0,00;0,00;0,00;0,00;0,00;0,00;0,00;0,00;0,00
2020-12-06;14,00;26,73;14,00;14,00;0,00;14,00;14,00;0,00;0,00;27,00;0,00;14,00;0,00;0,00;0,00;0,00;0,00;0,00;0,00;0,00;0,00;0,00;0,00;0,00;0,00;0,00;0,00;0,00
2020-12-13;28,00;14,67;0,00;14,67;14,67;0,00;0,00;14,00;0,00;0,00;0,00;14,00;0,00;0,00;0,00;0,00;0,00;0,00;0,00;28,00;0,00;0,00;0,00;0,00;0,00;0,00;0,00;0,00
2020-12-20;16,00;30,77;61,54;0,00;0,00;16,00;0,00;0,00;0,00;0,00;0,00;0,00;0,00;0,00;16,00;0,00;0,00;0,00;0,00;0,00;0,00;0,00;0,00;0,00;0,00;0,00;0,00;0,00
2020-12-27;15,00;0,00;15,00;15,00;0,00;15,00;0,00;0,00;30,00;0,00;0,00;30,00;0,00;0,00;0,00;0,00;0,00;0,00;15,00;0,00;0,00;0,00;0,00;0,00;0,00;0,00;0,00;0,00
2021-01-03;14,00;67,45;40,73;0,00;14,00;14,00;14,00;0,00;0,00;0,00;0,00;0,00;14,00;0,00;0,00;0,00;0,00;0,00;0,00;14,00;0,00;0,00;0,00;0,00;0,00;0,00;0,00;0,00
2021-01-10;13,00;0,00;13,00;0,00;0,00;0,00;0,00;0,00;0,00;0,00;0,00;0,00;0,00;0,00;0,00;0,00;0,00;0,00;40,00;0,00;0,00;0,00;0,00;0,00;0,00;0,00;0,00;0,00
2021-01-17;13,00;0,00;27,30;0,00;0,00;0,00;0,00;0,00;0,00;0,00;0,00;0,00;0,00;0,00;0,00;0,00;0,00;0,00;13,00;13,00;0,00;0,00;0,00;0,00;0,00;0,00;0,00;0,00
2021-01-24;80,00;0,00;27,10;12,90;0,00;27,00;13,00;0,00;0,00;0,00;13,00;0,00;0,00;0,00;13,00;0,00;0,00;0,00;0,00;0,00;0,00;0,00;0,00;0,00;0,00;0,00;0,00;0,00
2021-01-31;67,00;0,00;27,06;0,00;0,00;13,00;0,00;0,00;13,00;0,00;0,00;0,00;0,00;0,00;0,00;0,00;0,00;0,00;13,00;0,00;0,00;0,00;0,00;0,00;0,00;0,00;0,00;0,00
2021-02-07;27,00;0,00;14,14;0,00;0,00;0,00;0,00;0,00;0,00;14,00;0,00;0,00;0,00;0,00;0,00;0,00;14,00;0,00;0,00;0,00;0,00;0,00;0,00;0,00;0,00;0,00;0,00;0,00
2021-02-14;14,00;14,00;14,00;0,00;14,00;0,00;0,00;0,00;0,00;14,00;0,00;14,00;14,00;0,00;14,00;0,00;0,00;0,00;0,00;0,00;0,00;0,00;14,00;0,00;0,00;0,00;0,00;0,00
2021-02-21;14,00;0,00;14,00;14,00;14,00;0,00;0,00;0,00;0,00;14,00;14,00;0,00;0,00;0,00;0,00;0,00;0,00;14,00;0,00;0,00;0,00;0,00;0,00;0,00;0,00;0,00;0,00;0,00
2021-02-28;0,00;0,00;21,00;0,00;0,00;0,00;0,00;13,00;0,00;0,00;13,00;0,00;13,00;0,00;0,00;0,00;0,00;0,00;0,00;27,00;0,00;0,00;0,00;0,00;0,00;0,00;0,00;0,00
2021-03-07;0,00;0,00;0,00;0,00;0,00;0,00;0,00;0,00;0,00;0,00;0,00;0,00;0,00;0,00;13,00;0,00;0,00;0,00;0,00;13,00;0,00;0,00;0,00;0,00;0,00;0,00;0,00;0,00
2021-03-14;0,00;0,00;10,00;0,00;10,00;13,00;13,00;0,00;0,00;0,00;0,00;13,00;0,00;0,00;0,00;0,00;0,00;0,00;0,00;0,00;0,00;0,00;0,00;0,00;0,00;0,00;0,00;0,00
2021-03-21;0,00;0,00;11,00;0,00;11,00;0,00;0,00;0,00;0,00;0,00;0,00;14,00;0,00;0,00;0,00;0,00;0,00;0,00;0,00;14,00;0,00;0,00;0,00;0,00;0,00;0,00;0,00;0,00
2021-03-28;45,00;0,00;15,43;0,00;0,00;0,00;0,00;0,00;0,00;0,00;0,00;0,00;0,00;0,00;0,00;0,00;0,00;0,00;0,00;0,00;0,00;0,00;0,00;0,00;0,00;0,00;0,00;0,00
2021-04-04;0,00;0,00;11,00;0,00;0,00;0,00;0,00;0,00;0,00;0,00;0,00;0,00;0,00;0,00;0,00;0,00;0,00;0,00;0,00;0,00;0,00;0,00;0,00;0,00;0,00;0,00;0,00;0,00
2021-04-11;13,00;0,00;13,00;0,00;0,00;0,00;0,00;0,00;0,00;0,00;0,00;0,00;0,00;0,00;0,00;0,00;0,00;0,00;0,00;0,00;0,00;0,00;0,00;0,00;0,00;0,00;0,00;0,00
2021-04-18;0,00;0,00;11,00;0,00;0,00;0,00;0,00;0,00;0,00;0,00;0,00;0,00;0,00;0,00;14,00;0,00;0,00;0,00;0,00;0,00;0,00;0,00;0,00;0,00;0,00;0,00;0,00;0,00
2021-04-25;0,00;0,00;10,00;10,00;0,00;0,00;0,00;0,00;0,00;0,00;0,00;0,00;0,00;0,00;0,00;0,00;0,00;0,00;0,00;0,00;0,00;0,00;0,00;0,00;0,00;0,00;0,00;0,00
2021-05-02;0,00;0,00;10,00;0,00;0,00;13,00;0,00;0,00;0,00;0,00;0,00;0,00;0,00;0,00;0,00;0,00;0,00;0,00;13,00;0,00;0,00;0,00;0,00;0,00;0,00;0,00;0,00;0,00
2021-05-09;0,00;0,00;0,00;0,00;0,00;0,00;0,00;0,00;0,00;0,00;0,00;0,00;0,00;0,00;14,00;0,00;0,00;27,00;14,00;0,00;0,00;0,00;0,00;0,00;0,00;0,00;0,00;0,00
2021-05-16;13,00;0,00;0,00;0,00;0,00;0,00;0,00;0,00;0,00;0,00;0,00;0,00;0,00;0,00;0,00;0,00;0,00;0,00;13,00;0,00;0,00;0,00;0,00;0,00;0,00;0,00;0,00;0,00
2021-05-23;14,00;0,00;0,00;0,00;0,00;0,00;0,00;14,00;0,00;0,00;0,00;0,00;0,00;0,00;0,00;0,00;0,00;0,00;0,00;0,00;0,00;0,00;0,00;0,00;0,00;0,00;0,00;0,00
2021-05-30;14,00;0,00;14,00;0,00;0,00;0,00;14,00;0,00;0,00;14,00;0,00;0,00;0,00;0,00;14,00;0,00;0,00;0,00;0,00;0,00;0,00;0,00;0,00;14,00;0,00;0,00;0,00;0,00
2021-06-06;28,00;0,00;0,00;14,67;0,00;0,00;0,00;0,00;0,00;0,00;0,00;0,00;0,00;0,00;0,00;0,00;0,00;0,00;0,00;0,00;0,00;0,00;0,00;14,00;0,00;0,00;0,00;0,00
2021-06-13;42,00;0,00;0,00;0,00;0,00;0,00;0,00;0,00;0,00;0,00;0,00;14,00;28,00;0,00;0,00;0,00;14,00;0,00;0,00;0,00;0,00;0,00;28,00;0,00;0,00;0,00;0,00;0,00
2021-06-20;28,00;0,00;42,00;0,00;0,00;14,00;0,00;0,00;0,00;0,00;14,00;14,00;0,00;0,00;0,00;0,00;0,00;0,00;0,00;0,00;0,00;0,00;0,00;0,00;0,00;0,00;0,00;0,00
2021-06-27;14,00;0,00;28,00;0,00;0,00;0,00;0,00;0,00;0,00;0,00;0,00;0,00;28,00;0,00;0,00;0,00;0,00;0,00;0,00;0,00;14,00;0,00;0,00;0,00;0,00;0,00;0,00;14,00
2021-07-04;14,00;0,00;57,27;0,00;28,00;14,00;0,00;0,00;0,00;0,00;0,00;0,00;0,00;0,00;0,00;0,00;0,00;0,00;0,00;0,00;0,00;14,00;0,00;14,00;0,00;0,00;0,00;0,00
2021-07-11;44,00;0,00;44,00;0,00;0,00;0,00;0,00;0,00;0,00;0,00;15,00;0,00;29,00;0,00;0,00;0,00;15,00;0,00;0,00;0,00;0,00;0,00;0,00;0,00;0,00;0,00;0,00;0,00
2021-07-18;62,00;0,00;31,00;0,00;0,00;0,00;0,00;0,00;0,00;0,00;0,00;0,00;0,00;0,00;0,00;0,00;16,00;0,00;0,00;0,00;0,00;0,00;0,00;0,00;0,00;0,00;0,00;0,00
2021-07-25;31,00;0,00;15,50;0,00;0,00;0,00;0,00;0,00;0,00;0,00;0,00;0,00;0,00;0,00;31,00;0,00;15,00;0,00;0,00;0,00;0,00;0,00;0,00;0,00;0,00;0,00;0,00;0,00
2021-08-01;92,00;0,00;0,00;0,00;0,00;0,00;0,00;0,00;0,00;0,00;0,00;0,00;0,00;0,00;0,00;0,00;15,00;0,00;0,00;15,00;0,00;0,00;0,00;0,00;0,00;0,00;0,00;0,00
2021-08-08;79,00;0,00;31,85;0,00;0,00;0,00;0,00;0,00;0,00;0,00;0,00;0,00;0,00;0,00;0,00;0,00;0,00;0,00;0,00;0,00;0,00;0,00;0,00;0,00;0,00;0,00;0,00;0,00
2021-08-15;31,00;0,00;0,00;0,00;0,00;0,00;0,00;0,00;0,00;0,00;0,00;0,00;15,00;0,00;0,00;0,00;0,00;0,00;0,00;15,00;0,00;0,00;0,00;0,00;0,00;0,00;0,00;0,00
2021-08-22;32,00;16,64;16,64;16,64;16,64;0,00;0,00;0,00;0,00;0,00;0,00;0,00;0,00;0,00;0,00;0,00;0,00;0,00;0,00;0,00;0,00;0,00;0,00;16,00;0,00;0,00;0,00;0,00
2021-08-29;32,00;0,00;15,36;0,00;0,00;0,00;0,00;0,00;0,00;0,00;16,00;0,00;0,00;0,00;0,00;0,00;16,00;0,00;0,00;16,00;16,00;0,00;0,00;0,00;0,00;0,00;0,00;0,00
2021-09-05;65,00;16,90;16,90;16,90;16,90;0,00;0,00;0,00;0,00;16,00;16,00;0,00;0,00;0,00;0,00;0,00;0,00;0,00;0,00;0,00;0,00;0,00;0,00;0,00;0,00;0,00;0,00;0,00
2021-09-12;32,00;16,64;0,00;0,00;15,36;0,00;0,00;16,00;0,00;0,00;0,00;32,00;0,00;0,00;32,00;0,00;0,00;0,00;0,00;16,00;0,00;0,00;0,00;16,00;0,00;0,00;0,00;0,00
2021-09-19;0,00;0,00;25,00;0,00;0,00;0,00;0,00;0,00;0,00;0,00;0,00;0,00;0,00;0,00;16,00;0,00;0,00;0,00;0,00;0,00;0,00;0,00;0,00;0,00;0,00;0,00;0,00;0,00
2021-09-26;16,00;16,00;48,00;0,00;0,00;0,00;0,00;0,00;0,00;0,00;0,00;0,00;0,00;0,00;16,00;0,00;0,00;0,00;0,00;0,00;0,00;16,00;0,00;0,00;0,00;0,00;0,00;0,00
2021-10-03;24,00;0,00;12,00;0,00;0,00;12,00;0,00;0,00;12,00;0,00;0,00;0,00;0,00;0,00;12,00;0,00;0,00;0,00;0,00;0,00;0,00;0,00;0,00;0,00;0,00;0,00;0,00;0,00
2021-10-10;33,00;10,56;22,44;10,56;10,56;0,00;0,00;11,00;0,00;0,00;0,00;11,00;0,00;0,00;0,00;0,00;11,00;0,00;0,00;0,00;0,00;0,00;0,00;0,00;0,00;0,00;0,00;0,00
2021-10-17;42,00;31,82;0,00;0,00;0,00;11,00;0,00;0,00;0,00;11,00;0,00;0,00;11,00;0,00;11,00;0,00;21,00;0,00;0,00;0,00;0,00;0,00;0,00;0,00;0,00;0,00;0,00;0,00
2021-10-24;11,00;11,00;0,00;11,00;0,00;11,00;0,00;0,00;0,00;0,00;0,00;0,00;0,00;0,00;11,00;0,00;0,00;0,00;11,00;0,00;0,00;0,00;0,00;0,00;0,00;0,00;0,00;0,00
2021-10-31;42,00;42,00;20,36;0,00;20,36;0,00;0,00;0,00;0,00;0,00;0,00;10,00;0,00;0,00;10,00;0,00;10,00;10,00;10,00;0,00;11,00;0,00;0,00;0,00;0,00;0,00;0,00;0,00
2021-11-07;42,00;10,50;10,50;0,00;10,50;10,00;0,00;0,00;0,00;0,00;0,00;0,00;10,00;0,00;0,00;0,00;0,00;0,00;0,00;0,00;21,00;10,00;0,00;0,00;0,00;0,00;0,00;0,00
2021-11-14;10,00;30,00;10,00;10,00;30,00;0,00;10,00;0,00;0,00;0,00;10,00;0,00;0,00;0,00;0,00;0,00;0,00;0,00;0,00;0,00;0,00;10,00;0,00;0,00;0,00;0,00;0,00;0,00
2021-11-21;20,00;30,67;10,67;20,00;10,67;0,00;10,00;0,00;0,00;10,00;10,00;10,00;0,00;0,00;0,00;0,00;10,00;0,00;10,00;0,00;10,00;0,00;0,00;0,00;0,00;0,00;0,00;0,00
2021-11-28;0,00;31,00;16,00;23,00;8,00;0,00;0,00;10,00;0,00;0,00;10,00;10,00;0,00;10,00;0,00;0,00;0,00;0,00;20,00;10,00;0,00;0,00;10,00;0,00;0,00;0,00;0,00;0,00
2021-12-05;0,00;24,00;16,00;16,00;8,00;0,00;10,00;0,00;10,00;0,00;0,00;0,00;0,00;0,00;0,00;0,00;0,00;0,00;0,00;10,00;0,00;0,00;10,00;10,00;0,00;0,00;0,00;0,00
2021-12-12;51,00;51,00;13,08;0,00;13,08;0,00;13,00;13,00;13,00;13,00;0,00;0,00;13,00;13,00;25,00;0,00;0,00;0,00;13,00;25,00;13,00;0,00;25,00;0,00;0,00;0,00;0,00;0,00
