Semaine;Chamonix (FR);Val Thorens (FR);Alpe d Huez (FR);Les Deux Alpes (FR);Ischgl (AT);Tignes (FR);Les Arcs (FR);Saalbach (AT);Les Ménuires (FR);Avoriaz (FR);La Plagne (FR);Sankt Anton (AT);Zermatt (CH);Flachau (AT);La Clusaz (FR);Verbier (CH);Zillertal (AT);Morzine (FR);Châtel (FR);St Moritz (DE);Les Gets (FR);Val Cenis (FR);Courchevel (FR);Mayrhofen (AT);Val Gardena (IT);Serre Chevalier (FR);Samoëns (FR);Valloire (FR);Méribel (FR);Val d Isère (FR);Megève (FR);Kitzbuhel (AT);Vars (FR);Garmisch (DE);Schladming (AT);Grand Bornand (FR);Brixental (AT);Sestriere (IT);Gstaad (CH);Font Romeu (FR);St Lary (FR);Barèges (FR);La Mongie (FR);Peyragudes (FR)
2019-01-06;33,00;89,10;79,20;42,90;108,90;85,80;80,85;165,00;89,10;39,60;50,60;66,00;50,60;83,00;33,00;40,00;60,00;18,00;29,00;19,00;22,00;14,00;11,00;18,00;7,00;18,00;14,00;7,00;4,00;7,00;22,00;11,00;11,00;4,00;7,00;7,00;18,00;4,00;7,00;0,00;0,00;0,00;0,00;0,00
2019-01-13;49,00;94,50;66,50;63,00;80,50;50,69;79,41;121,66;65,90;53,45;51,23;89,09;44,55;62,00;51,00;47,00;53,00;43,00;33,00;11,00;15,00;14,00;7,00;18,00;0,00;37,00;47,00;15,00;11,00;7,00;7,00;15,00;7,00;7,00;11,00;4,00;0,00;7,00;25,00;0,00;4,00;0,00;0,00;0,00
2019-01-20;51,00;88,40;78,20;78,20;61,20;64,60;85,00;57,80;54,40;51,00;53,22;22,17;39,91;78,00;36,00;53,00;26,00;28,00;29,00;36,00;14,00;4,00;43,00;11,00;7,00;11,00;28,00;7,00;18,00;14,00;14,00;18,00;11,00;7,00;4,00;11,00;7,00;14,00;4,00;0,00;0,00;0,00;0,00;0,00
2019-01-27;54,00;77,63;104,63;67,50;77,63;50,63;124,88;82,69;67,50;84,24;41,04;38,88;45,36;46,00;36,00;60,00;33,00;25,00;28,00;22,00;35,00;18,00;14,00;25,00;4,00;11,00;18,00;11,00;14,00;21,00;25,00;0,00;7,00;11,00;7,00;4,00;11,00;14,00;4,00;4,00;0,00;0,00;0,00;0,00
2019-02-03;52,00;83,20;65,87;48,53;83,20;31,87;63,74;75,48;46,97;26,00;21,67;56,33;36,83;25,00;44,00;11,00;41,00;40,00;29,00;15,00;14,00;18,00;25,00;7,00;0,00;18,00;22,00;7,00;15,00;11,00;11,00;14,00;4,00;0,00;4,00;0,00;0,00;4,00;0,00;4,00;0,00;0,00;0,00;0,00
2019-02-10;15,00;67,50;60,00;67,50;71,25;33,33;31,67;51,67;43,33;17,14;27,86;32,14;15,00;33,00;22,00;29,00;34,00;29,00;26,00;15,00;15,00;4,00;11,00;22,00;0,00;7,00;11,00;4,00;15,00;7,00;7,00;4,00;4,00;7,00;0,00;4,00;7,00;0,00;4,00;0,00;0,00;0,00;4,00;0,00
2019-02-17;54,00;70,88;91,13;60,75;74,25;30,38;43,88;79,31;48,94;15,12;19,44;32,40;15,12;30,00;15,00;33,00;27,00;11,00;30,00;4,00;15,00;19,00;19,00;23,00;7,00;41,00;30,00;4,00;23,00;11,00;7,00;4,00;0,00;0,00;4,00;4,00;0,00;19,00;0,00;0,00;0,00;0,00;0,00;4,00
2019-02-24;71,00;108,19;118,33;77,76;47,33;69,31;111,57;77,76;72,69;42,16;37,72;37,72;37,72;33,00;40,00;25,00;15,00;29,00;40,00;30,00;26,00;29,00;18,00;26,00;0,00;37,00;33,00;22,00;30,00;15,00;22,00;14,00;4,00;25,00;14,00;7,00;4,00;14,00;4,00;0,00;0,00;0,00;0,00;0,00
2019-03-03;87,00;120,46;190,73;90,35;50,19;55,21;71,94;63,58;55,21;41,33;15,23;30,45;15,23;40,00;22,00;29,00;38,00;29,00;34,00;26,00;15,00;15,00;19,00;11,00;7,00;26,00;18,00;19,00;15,00;7,00;4,00;18,00;15,00;7,00;11,00;15,00;7,00;4,00;7,00;0,00;0,00;0,00;0,00;0,00
2019-03-10;26,00;52,00;146,25;61,75;61,75;53,73;62,40;72,80;45,07;15,17;26,00;28,17;21,67;58,00;4,00;25,00;15,00;25,00;15,00;15,00;26,00;7,00;18,00;4,00;0,00;7,00;33,00;22,00;30,00;7,00;0,00;15,00;15,00;0,00;7,00;0,00;7,00;11,00;0,00;0,00;0,00;0,00;0,00;0,00
2019-03-17;31,00;72,33;55,11;27,56;58,56;49,94;37,89;53,39;46,50;15,50;33,21;33,21;19,93;7,00;8,00;30,00;12,00;11,00;23,00;15,00;11,00;11,00;8,00;15,00;0,00;11,00;22,00;4,00;8,00;11,00;19,00;4,00;4,00;4,00;0,00;7,00;0,00;4,00;4,00;0,00;0,00;0,00;7,00;0,00
2019-03-24;27,00;74,25;54,00;20,25;70,88;52,31;65,81;3,38;72,56;11,25;20,25;22,50;11,25;19,00;19,00;26,00;19,00;15,00;23,00;8,00;19,00;4,00;0,00;8,00;4,00;8,00;23,00;8,00;11,00;0,00;4,00;8,00;7,00;4,00;4,00;7,00;4,00;11,00;0,00;0,00;0,00;0,00;0,00;0,00
2019-03-31;53,00;92,75;66,25;96,06;59,63;44,45;90,61;11,97;75,23;17,67;26,50;33,13;44,17;22,00;15,00;25,00;27,00;18,00;11,00;11,00;18,00;11,00;11,00;11,00;0,00;22,00;7,00;11,00;7,00;7,00;4,00;7,00;18,00;0,00;0,00;0,00;0,00;4,00;4,00;11,00;0,00;0,00;0,00;0,00
2019-04-07;52,00;48,53;27,73;72,80;41,60;58,71;38,58;15,10;85,55;4,33;26,00;19,50;15,17;23,00;20,00;23,00;8,00;15,00;16,00;12,00;8,00;4,00;16,00;4,00;4,00;4,00;16,00;4,00;20,00;8,00;8,00;4,00;4,00;0,00;8,00;4,00;4,00;8,00;0,00;0,00;0,00;0,00;0,00;0,00
2019-04-14;25,00;39,29;21,43;17,86;39,29;31,67;23,33;16,67;16,67;13,64;11,36;11,36;29,55;28,00;8,00;12,00;12,00;16,00;8,00;0,00;4,00;0,00;4,00;0,00;0,00;4,00;20,00;0,00;20,00;16,00;4,00;0,00;12,00;8,00;0,00;8,00;4,00;0,00;0,00;4,00;0,00;0,00;0,00;0,00
2019-04-21;28,00;28,00;14,00;17,50;45,50;24,50;15,75;12,25;8,75;0,00;0,00;15,08;4,31;15,00;4,00;15,00;4,00;4,00;0,00;12,00;4,00;0,00;0,00;4,00;0,00;4,00;4,00;4,00;0,00;0,00;4,00;4,00;4,00;8,00;0,00;4,00;0,00;0,00;0,00;0,00;0,00;0,00;0,00;0,00
2019-04-28;26,00;9,75;6,50;3,25;26,00;10,40;3,47;29,47;10,40;4,33;0,00;15,17;15,17;14,00;7,00;7,00;7,00;7,00;0,00;11,00;0,00;0,00;0,00;0,00;0,00;7,00;18,00;0,00;0,00;4,00;4,00;0,00;0,00;0,00;0,00;0,00;0,00;0,00;4,00;0,00;0,00;0,00;0,00;0,00
2019-05-05;32,00;3,20;3,20;6,40;19,20;13,47;10,11;13,47;0,00;4,27;0,00;0,00;10,67;14,00;11,00;10,00;11,00;10,00;0,00;11,00;7,00;0,00;4,00;0,00;0,00;4,00;14,00;0,00;0,00;7,00;0,00;0,00;3,00;4,00;0,00;3,00;0,00;0,00;0,00;0,00;0,00;3,00;0,00;0,00
2019-05-12;19,00;6,33;22,17;0,00;6,33;15,55;6,91;12,09;3,45;0,00;4,22;4,22;10,56;11,00;4,00;4,00;0,00;7,00;0,00;11,00;0,00;4,00;4,00;4,00;0,00;0,00;7,00;7,00;4,00;0,00;0,00;0,00;0,00;0,00;0,00;4,00;0,00;0,00;4,00;4,00;0,00;0,00;0,00;0,00
2019-05-19;44,00;6,77;10,15;10,15;3,38;6,77;10,15;22,00;10,15;4,40;4,40;6,60;15,40;7,00;4,00;11,00;11,00;7,00;4,00;22,00;0,00;4,00;7,00;4,00;0,00;4,00;4,00;4,00;7,00;0,00;0,00;7,00;4,00;4,00;0,00;0,00;4,00;0,00;4,00;0,00;0,00;0,00;0,00;0,00
2019-05-26;36,00;6,55;6,55;13,09;13,09;18,00;3,27;21,27;0,00;4,24;0,00;4,24;21,18;4,00;7,00;28,00;0,00;0,00;4,00;11,00;0,00;0,00;0,00;7,00;0,00;0,00;0,00;4,00;0,00;0,00;0,00;4,00;0,00;0,00;0,00;0,00;0,00;0,00;0,00;0,00;4,00;0,00;0,00;0,00
2019-06-02;28,00;7,00;21,00;10,50;17,50;7,00;10,50;17,50;24,50;4,31;0,00;10,77;12,92;3,00;7,00;13,00;0,00;0,00;7,00;28,00;10,00;3,00;7,00;7,00;0,00;3,00;3,00;0,00;3,00;0,00;3,00;0,00;3,00;3,00;0,00;0,00;7,00;3,00;0,00;0,00;0,00;3,00;3,00;0,00
2019-06-09;50,00;6,67;16,67;6,67;10,00;20,69;13,79;3,45;6,90;6,52;6,52;10,87;13,04;3,00;14,00;3,00;18,00;3,00;3,00;25,00;10,00;3,00;0,00;3,00;0,00;14,00;7,00;10,00;7,00;0,00;0,00;3,00;0,00;3,00;0,00;7,00;7,00;0,00;0,00;0,00;0,00;0,00;0,00;0,00
2019-06-16;41,00;13,67;17,08;10,25;13,67;18,79;10,25;41,00;6,83;6,47;0,00;6,47;6,47;4,00;11,00;32,00;15,00;14,00;7,00;44,00;11,00;0,00;4,00;7,00;0,00;7,00;18,00;11,00;4,00;4,00;18,00;0,00;4,00;0,00;0,00;0,00;0,00;7,00;4,00;0,00;0,00;0,00;0,00;0,00
2019-06-23;62,00;3,26;19,58;16,32;9,79;11,73;26,81;18,43;3,35;0,00;4,28;10,69;14,97;8,00;4,00;8,00;35,00;15,00;4,00;23,00;11,00;4,00;0,00;4,00;0,00;15,00;4,00;4,00;4,00;0,00;0,00;0,00;0,00;8,00;0,00;0,00;0,00;0,00;0,00;0,00;0,00;0,00;0,00;0,00
2019-06-30;44,00;6,77;3,38;16,92;20,31;11,85;23,69;11,85;3,38;8,80;8,80;11,00;30,80;23,00;12,00;8,00;16,00;12,00;8,00;36,00;4,00;0,00;0,00;27,00;0,00;0,00;16,00;4,00;0,00;0,00;8,00;0,00;0,00;0,00;12,00;0,00;0,00;0,00;4,00;0,00;0,00;0,00;0,00;0,00
2019-07-07;46,00;3,29;29,57;19,71;32,86;23,85;30,67;30,67;3,41;4,38;0,00;6,57;35,05;11,00;27,00;26,00;27,00;23,00;8,00;27,00;15,00;4,00;8,00;15,00;0,00;15,00;4,00;8,00;8,00;8,00;4,00;8,00;7,00;8,00;7,00;0,00;4,00;0,00;0,00;4,00;4,00;0,00;0,00;0,00
2019-07-14;74,00;16,82;26,91;23,55;3,36;8,41;26,91;28,59;11,77;8,71;8,71;10,88;34,82;24,00;40,00;4,00;21,00;16,00;8,00;20,00;16,00;4,00;0,00;4,00;4,00;4,00;4,00;0,00;4,00;4,00;8,00;8,00;4,00;12,00;8,00;8,00;0,00;0,00;0,00;8,00;0,00;0,00;0,00;0,00
2019-07-21;30,00;73,33;46,67;30,00;10,00;58,33;28,33;41,67;16,67;8,57;0,00;8,57;4,29;17,00;25,00;21,00;35,00;4,00;17,00;17,00;17,00;4,00;4,00;8,00;0,00;4,00;21,00;38,00;4,00;17,00;4,00;8,00;4,00;4,00;8,00;8,00;0,00;0,00;4,00;8,00;0,00;0,00;0,00;0,00
2019-07-28;41,00;20,50;23,92;13,67;34,17;32,46;35,88;41,00;3,42;12,95;8,63;10,79;19,42;16,00;8,00;8,00;41,00;8,00;8,00;37,00;8,00;0,00;8,00;16,00;0,00;8,00;4,00;16,00;0,00;12,00;8,00;12,00;0,00;12,00;4,00;0,00;8,00;4,00;0,00;4,00;0,00;0,00;0,00;0,00
2019-08-04;37,00;20,18;53,82;13,45;40,36;23,55;35,32;77,36;20,18;13,06;10,88;34,82;19,59;12,00;12,00;20,00;29,00;8,00;24,00;33,00;28,00;0,00;4,00;24,00;0,00;16,00;8,00;8,00;4,00;12,00;0,00;8,00;0,00;0,00;4,00;0,00;0,00;0,00;0,00;4,00;4,00;0,00;0,00;0,00
2019-08-11;55,00;20,63;41,25;6,88;27,50;34,38;46,41;46,41;18,91;8,80;6,60;19,80;35,20;15,00;19,00;15,00;31,00;4,00;15,00;43,00;15,00;0,00;0,00;27,00;0,00;11,00;15,00;0,00;4,00;0,00;0,00;8,00;19,00;0,00;8,00;0,00;0,00;4,00;8,00;4,00;0,00;0,00;0,00;0,00
2019-08-18;47,00;20,14;36,93;20,14;40,29;26,86;21,82;41,96;11,75;10,68;8,55;23,50;14,95;31,00;23,00;23,00;8,00;19,00;12,00;31,00;8,00;0,00;0,00;8,00;4,00;12,00;15,00;8,00;4,00;4,00;4,00;8,00;0,00;4,00;0,00;0,00;4,00;12,00;0,00;0,00;0,00;0,00;0,00;0,00
2019-08-25;30,00;10,00;13,33;30,00;16,67;21,67;18,33;26,67;3,33;10,71;17,14;15,00;17,14;11,00;15,00;4,00;4,00;15,00;0,00;42,00;4,00;0,00;4,00;4,00;0,00;4,00;18,00;0,00;8,00;4,00;0,00;4,00;0,00;0,00;4,00;4,00;4,00;0,00;0,00;7,00;0,00;0,00;0,00;0,00
2019-09-01;41,00;27,33;6,83;23,92;30,75;25,63;22,21;22,21;18,79;10,79;4,32;10,79;15,11;18,00;4,00;7,00;19,00;11,00;11,00;11,00;4,00;4,00;15,00;15,00;0,00;4,00;11,00;7,00;7,00;7,00;7,00;11,00;0,00;0,00;0,00;0,00;0,00;0,00;0,00;0,00;0,00;0,00;0,00;0,00
2019-09-08;49,00;52,27;29,40;32,67;19,60;30,41;40,55;55,76;52,38;20,05;22,27;26,73;11,14;15,00;22,00;7,00;4,00;18,00;15,00;23,00;11,00;7,00;19,00;15,00;4,00;7,00;15,00;4,00;11,00;4,00;0,00;11,00;7,00;4,00;0,00;0,00;7,00;0,00;0,00;4,00;0,00;0,00;0,00;0,00
2019-09-15;37,00;37,00;37,00;3,36;30,27;31,95;21,86;50,45;31,95;4,35;17,41;23,94;28,29;11,00;15,00;7,00;19,00;14,00;7,00;0,00;11,00;4,00;7,00;7,00;4,00;4,00;7,00;4,00;7,00;4,00;14,00;0,00;0,00;4,00;7,00;0,00;4,00;0,00;0,00;7,00;0,00;0,00;0,00;0,00
2019-09-22;14,00;38,50;63,00;21,00;31,50;33,25;24,50;22,75;26,25;12,00;6,00;16,00;16,00;14,00;21,00;14,00;14,00;10,00;11,00;0,00;11,00;0,00;4,00;18,00;7,00;0,00;4,00;4,00;11,00;4,00;0,00;3,00;0,00;0,00;0,00;0,00;4,00;3,00;3,00;3,00;3,00;0,00;0,00;0,00
2019-09-29;21,00;24,50;31,50;45,50;45,50;37,15;19,38;27,46;37,15;10,50;12,60;16,80;6,30;7,00;10,00;10,00;21,00;10,00;7,00;14,00;7,00;10,00;10,00;14,00;3,00;3,00;3,00;14,00;11,00;14,00;3,00;0,00;3,00;0,00;0,00;0,00;0,00;0,00;3,00;0,00;0,00;0,00;0,00;0,00
2019-10-06;24,00;34,29;41,14;65,14;37,71;20,57;44,57;46,29;27,43;24,00;37,09;19,64;10,91;41,00;17,00;7,00;28,00;20,00;7,00;10,00;7,00;10,00;3,00;14,00;0,00;7,00;7,00;7,00;3,00;3,00;3,00;10,00;7,00;0,00;3,00;0,00;0,00;7,00;3,00;0,00;0,00;0,00;0,00;0,00
2019-10-13;32,00;35,20;28,80;28,80;38,40;28,63;20,21;32,00;23,58;23,47;23,47;17,07;12,80;21,00;7,00;7,00;18,00;7,00;14,00;11,00;17,00;3,00;7,00;14,00;3,00;7,00;7,00;3,00;0,00;3,00;10,00;0,00;3,00;0,00;0,00;7,00;7,00;0,00;3,00;0,00;0,00;0,00;0,00;0,00
2019-10-20;43,00;52,92;39,69;36,38;43,00;25,80;17,20;20,64;36,12;12,90;17,20;27,95;12,90;14,00;11,00;7,00;18,00;21,00;0,00;7,00;10,00;7,00;7,00;17,00;0,00;3,00;7,00;3,00;11,00;3,00;3,00;14,00;0,00;3,00;0,00;0,00;3,00;3,00;0,00;0,00;3,00;0,00;0,00;0,00
2019-10-27;47,00;53,71;40,29;33,57;33,57;25,18;41,96;31,89;28,54;27,77;14,95;10,68;14,95;28,00;14,00;14,00;11,00;14,00;22,00;22,00;4,00;11,00;11,00;7,00;0,00;7,00;7,00;11,00;11,00;4,00;11,00;14,00;0,00;4,00;7,00;7,00;4,00;4,00;0,00;0,00;0,00;0,00;0,00;0,00
2019-11-03;24,00;51,43;51,43;24,00;41,14;51,43;41,14;30,86;24,00;26,18;17,45;32,73;19,64;23,00;14,00;27,00;7,00;37,00;10,00;14,00;17,00;7,00;7,00;20,00;7,00;10,00;13,00;3,00;24,00;14,00;7,00;3,00;7,00;3,00;3,00;0,00;7,00;3,00;10,00;0,00;0,00;0,00;0,00;0,00
2019-11-10;36,00;36,00;26,18;45,82;39,27;36,00;44,57;46,29;32,57;36,00;20,25;42,75;18,00;28,00;28,00;34,00;29,00;28,00;14,00;11,00;21,00;10,00;0,00;7,00;0,00;7,00;17,00;3,00;11,00;17,00;10,00;7,00;0,00;0,00;3,00;10,00;0,00;0,00;7,00;7,00;3,00;0,00;0,00;3,00
2019-11-17;39,00;65,00;48,75;35,75;58,50;28,83;61,04;52,57;35,61;30,33;21,67;41,17;28,17;7,00;17,00;34,00;25,00;24,00;28,00;14,00;7,00;3,00;7,00;7,00;0,00;0,00;17,00;17,00;7,00;7,00;3,00;0,00;7,00;0,00;0,00;10,00;7,00;7,00;3,00;3,00;0,00;0,00;0,00;0,00
2019-11-24;20,00;60,00;40,00;36,67;40,00;36,67;38,33;13,33;36,67;33,33;13,33;37,78;13,33;26,00;13,00;20,00;7,00;23,00;30,00;3,00;17,00;0,00;20,00;13,00;3,00;20,00;13,00;13,00;0,00;10,00;7,00;3,00;13,00;3,00;3,00;7,00;0,00;7,00;3,00;3,00;0,00;0,00;0,00;0,00
2019-12-01;46,00;55,86;49,29;59,14;32,86;39,19;34,07;28,96;46,00;24,10;30,67;17,52;13,14;14,00;28,00;14,00;32,00;10,00;21,00;35,00;21,00;14,00;21,00;31,00;0,00;17,00;0,00;3,00;14,00;0,00;3,00;0,00;0,00;14,00;10,00;0,00;7,00;3,00;3,00;0,00;0,00;0,00;0,00;0,00
2019-12-08;31,00;51,67;41,33;48,22;55,11;34,44;49,94;27,56;41,33;31,00;39,86;33,21;6,64;13,00;13,00;30,00;21,00;33,00;13,00;24,00;13,00;0,00;17,00;10,00;3,00;13,00;3,00;0,00;10,00;17,00;13,00;7,00;10,00;7,00;10,00;13,00;7,00;0,00;3,00;0,00;0,00;0,00;0,00;0,00
2019-12-15;44,00;67,69;50,77;81,23;88,00;71,08;79,54;57,54;64,31;30,80;46,20;44,00;24,20;46,00;24,00;26,00;31,00;20,00;13,00;34,00;20,00;7,00;10,00;17,00;0,00;10,00;10,00;10,00;17,00;17,00;10,00;10,00;7,00;10,00;0,00;0,00;0,00;7,00;7,00;3,00;0,00;0,00;3,00;0,00
2019-12-22;60,00;90,00;70,00;56,67;53,33;41,14;68,57;53,14;85,71;66,67;40,00;26,67;22,22;29,00;48,00;25,00;30,00;18,00;29,00;26,00;15,00;11,00;7,00;4,00;0,00;26,00;22,00;11,00;33,00;7,00;4,00;4,00;7,00;7,00;11,00;11,00;4,00;7,00;7,00;0,00;4,00;0,00;0,00;0,00
2019-12-29;41,00;85,42;54,67;58,08;75,17;70,04;83,71;63,21;54,67;75,53;56,11;36,68;32,37;25,00;51,00;29,00;56,00;43,00;44,00;11,00;25,00;7,00;25,00;25,00;0,00;18,00;18,00;7,00;15,00;25,00;14,00;11,00;7,00;11,00;4,00;4,00;7,00;7,00;4,00;4,00;0,00;0,00;0,00;0,00
2020-01-05;43,00;76,08;43,00;69,46;86,00;65,36;80,84;49,88;25,80;51,60;49,45;55,90;34,40;32,00;39,00;19,00;43,00;22,00;13,00;23,00;13,00;3,00;29,00;19,00;3,00;19,00;26,00;19,00;16,00;0,00;6,00;10,00;0,00;0,00;13,00;6,00;13,00;3,00;6,00;0,00;3,00;0,00;0,00;0,00
2020-01-12;77,00;60,26;80,35;73,65;73,65;75,33;61,93;68,63;56,91;50,60;15,40;50,60;37,40;44,00;19,00;47,00;52,00;38,00;29,00;22,00;38,00;9,00;19,00;16,00;0,00;19,00;22,00;6,00;16,00;19,00;3,00;16,00;6,00;9,00;3,00;0,00;0,00;13,00;3,00;3,00;0,00;0,00;0,00;0,00
2020-01-19;53,00;89,44;92,75;69,56;53,00;73,52;76,94;35,90;46,16;103,79;66,25;33,13;53,00;26,00;49,00;23,00;13,00;23,00;39,00;23,00;33,00;6,00;20,00;13,00;6,00;16,00;26,00;0,00;10,00;13,00;16,00;19,00;3,00;6,00;10,00;6,00;7,00;3,00;3,00;3,00;0,00;0,00;0,00;0,00
2020-01-26;40,00;120,00;126,67;100,00;86,67;61,67;120,00;88,33;68,33;84,44;55,56;40,00;35,56;65,00;23,00;32,00;37,00;42,00;20,00;23,00;46,00;23,00;26,00;13,00;0,00;23,00;3,00;23,00;13,00;13,00;10,00;0,00;6,00;3,00;16,00;19,00;7,00;3,00;10,00;3,00;0,00;0,00;0,00;0,00
2020-02-02;57,00;90,53;103,94;83,82;63,71;39,73;65,64;77,73;57,00;39,46;39,46;46,04;21,92;39,00;33,00;39,00;44,00;29,00;16,00;20,00;20,00;6,00;20,00;26,00;0,00;10,00;19,00;13,00;7,00;13,00;10,00;16,00;6,00;0,00;10,00;6,00;3,00;6,00;0,00;3,00;0,00;0,00;0,00;0,00
2020-02-09;52,00;65,00;65,00;39,00;48,75;67,10;43,61;67,10;35,23;21,67;34,67;41,17;32,50;25,00;35,00;25,00;33,00;19,00;16,00;10,00;19,00;0,00;10,00;22,00;3,00;19,00;6,00;0,00;3,00;22,00;10,00;16,00;10,00;6,00;6,00;6,00;10,00;6,00;3,00;6,00;6,00;0,00;0,00;0,00
2020-02-16;53,00;89,44;109,31;76,19;56,31;82,06;63,26;82,06;53,00;39,75;46,38;39,75;33,13;54,00;39,00;64,00;46,00;32,00;32,00;26,00;13,00;13,00;23,00;26,00;0,00;32,00;29,00;16,00;36,00;10,00;6,00;16,00;19,00;16,00;19,00;3,00;0,00;6,00;13,00;0,00;0,00;0,00;0,00;0,00
2020-02-23;79,00;92,17;72,42;88,88;59,25;77,32;94,13;84,04;55,47;35,11;54,86;32,92;13,17;35,00;42,00;51,00;30,00;29,00;13,00;13,00;26,00;10,00;26,00;13,00;0,00;48,00;26,00;16,00;3,00;19,00;35,00;6,00;13,00;19,00;16,00;10,00;3,00;16,00;6,00;6,00;0,00;0,00;0,00;0,00
2020-03-01;42,00;84,00;119,00;105,00;66,50;78,96;100,80;82,32;65,52;44,21;64,11;30,95;26,53;28,00;25,00;53,00;55,00;22,00;19,00;13,00;31,00;3,00;19,00;13,00;3,00;16,00;13,00;16,00;13,00;16,00;12,00;9,00;3,00;0,00;6,00;3,00;3,00;6,00;0,00;3,00;0,00;0,00;0,00;0,00
2020-03-08;41,00;164,00;116,17;105,92;341,67;85,42;129,83;85,42;66,63;41,00;82,00;58,26;28,05;68,00;13,00;49,00;38,00;15,00;16,00;22,00;34,00;25,00;16,00;22,00;3,00;22,00;25,00;9,00;19,00;12,00;15,00;6,00;6,00;3,00;3,00;9,00;6,00;6,00;3,00;3,00;0,00;0,00;0,00;0,00
2020-03-15;6,00;33,00;27,00;21,00;81,00;16,50;37,50;13,50;16,50;26,00;6,00;8,00;8,00;25,00;0,00;19,00;19,00;3,00;0,00;3,00;6,00;6,00;9,00;9,00;0,00;3,00;9,00;9,00;9,00;6,00;0,00;0,00;0,00;3,00;0,00;0,00;0,00;0,00;6,00;0,00;0,00;0,00;0,00;0,00
2020-03-22;12,00;9,00;3,00;9,00;57,00;3,43;8,57;12,00;3,43;2,00;0,00;8,00;6,00;0,00;3,00;18,00;9,00;3,00;3,00;3,00;3,00;0,00;3,00;6,00;0,00;0,00;6,00;0,00;0,00;0,00;0,00;0,00;0,00;3,00;0,00;0,00;0,00;0,00;0,00;0,00;0,00;0,00;0,00;0,00
2020-03-29;12,00;3,00;18,00;9,00;6,00;3,43;3,43;8,57;18,86;0,00;6,00;0,00;8,00;0,00;0,00;6,00;3,00;6,00;0,00;6,00;3,00;0,00;6,00;3,00;0,00;0,00;6,00;3,00;0,00;6,00;0,00;0,00;0,00;3,00;0,00;0,00;0,00;0,00;0,00;0,00;0,00;0,00;0,00;0,00
2020-04-05;10,00;3,33;16,67;13,33;13,33;3,33;11,67;3,33;10,00;7,50;7,50;2,50;17,50;3,00;0,00;6,00;6,00;0,00;0,00;10,00;3,00;0,00;3,00;0,00;0,00;3,00;0,00;6,00;3,00;3,00;0,00;0,00;3,00;0,00;3,00;3,00;0,00;0,00;0,00;0,00;0,00;0,00;0,00;0,00
2020-04-12;25,00;10,71;7,14;3,57;14,29;3,33;5,00;3,33;0,00;2,27;9,09;2,27;2,27;0,00;6,00;3,00;0,00;3,00;0,00;6,00;3,00;0,00;3,00;0,00;0,00;0,00;3,00;3,00;0,00;3,00;3,00;6,00;0,00;0,00;3,00;0,00;0,00;0,00;0,00;0,00;0,00;0,00;0,00;0,00
2020-04-19;3,00;0,00;12,00;9,00;6,00;4,50;0,00;7,50;0,00;0,00;3,00;9,00;12,00;0,00;3,00;3,00;3,00;3,00;0,00;0,00;3,00;0,00;3,00;0,00;0,00;3,00;0,00;3,00;3,00;0,00;0,00;0,00;0,00;0,00;3,00;0,00;0,00;0,00;3,00;0,00;0,00;0,00;0,00;0,00
2020-04-26;6,00;6,00;6,00;0,00;12,00;10,00;0,00;10,00;0,00;2,00;2,00;0,00;18,00;6,00;6,00;0,00;3,00;0,00;0,00;6,00;0,00;0,00;3,00;0,00;0,00;3,00;6,00;0,00;0,00;0,00;0,00;0,00;0,00;0,00;0,00;0,00;0,00;0,00;0,00;0,00;3,00;0,00;0,00;0,00
2020-05-03;9,00;0,00;3,00;9,00;12,00;5,40;3,60;3,60;5,40;2,25;0,00;0,00;2,25;9,00;3,00;6,00;0,00;6,00;0,00;12,00;0,00;0,00;3,00;0,00;0,00;3,00;3,00;0,00;0,00;3,00;0,00;0,00;0,00;3,00;0,00;0,00;0,00;3,00;0,00;0,00;0,00;0,00;0,00;0,00
2020-05-10;9,00;3,00;6,00;6,00;3,00;0,00;3,60;0,00;12,60;2,25;0,00;6,75;11,25;0,00;3,00;6,00;0,00;3,00;6,00;0,00;0,00;0,00;3,00;3,00;0,00;0,00;6,00;3,00;0,00;0,00;3,00;0,00;0,00;3,00;0,00;0,00;0,00;0,00;0,00;0,00;0,00;0,00;0,00;0,00
2020-05-17;31,00;3,44;3,44;10,33;13,78;8,61;3,44;6,89;0,00;0,00;2,21;2,21;2,21;3,00;6,00;15,00;12,00;0,00;6,00;6,00;0,00;0,00;3,00;0,00;0,00;0,00;0,00;0,00;0,00;0,00;0,00;0,00;0,00;0,00;6,00;3,00;3,00;0,00;12,00;0,00;0,00;0,00;0,00;0,00
2020-05-24;15,00;3,00;9,00;3,00;9,00;8,33;5,00;11,67;6,67;6,43;6,43;6,43;15,00;9,00;9,00;9,00;3,00;6,00;0,00;6,00;3,00;0,00;0,00;3,00;0,00;0,00;3,00;0,00;0,00;3,00;0,00;3,00;3,00;0,00;3,00;0,00;0,00;0,00;0,00;0,00;3,00;0,00;0,00;0,00
2020-05-31;26,00;6,50;9,75;3,25;9,75;0,00;8,67;17,33;13,87;0,00;8,67;2,17;13,00;3,00;3,00;0,00;3,00;8,00;6,00;14,00;8,00;0,00;3,00;3,00;0,00;3,00;8,00;8,00;0,00;0,00;3,00;3,00;0,00;0,00;3,00;8,00;3,00;0,00;0,00;3,00;0,00;0,00;0,00;0,00
2020-06-07;26,00;9,75;9,75;9,75;6,50;17,33;10,40;8,67;0,00;8,67;2,17;2,17;13,00;8,00;14,00;19,00;3,00;6,00;3,00;17,00;14,00;3,00;6,00;3,00;0,00;14,00;11,00;3,00;0,00;3,00;3,00;3,00;3,00;6,00;3,00;3,00;0,00;0,00;3,00;3,00;0,00;0,00;0,00;0,00
2020-06-14;44,00;0,00;23,69;20,31;16,92;25,38;3,38;20,31;3,38;2,20;2,20;15,40;26,40;3,00;14,00;20,00;6,00;6,00;6,00;32,00;6,00;6,00;3,00;0,00;0,00;9,00;11,00;9,00;6,00;3,00;0,00;3,00;3,00;0,00;3,00;0,00;3,00;0,00;3,00;9,00;0,00;0,00;0,00;0,00
2020-06-21;50,00;3,33;20,00;20,00;20,00;12,07;12,07;34,48;3,45;6,52;2,17;13,04;13,04;15,00;9,00;3,00;16,00;12,00;3,00;22,00;15,00;0,00;3,00;0,00;0,00;0,00;18,00;6,00;0,00;0,00;3,00;0,00;3,00;6,00;3,00;3,00;0,00;0,00;0,00;0,00;0,00;0,00;0,00;0,00
2020-06-28;83,00;6,64;23,24;23,24;13,28;35,57;16,94;22,02;20,33;8,74;0,00;8,74;34,95;9,00;21,00;15,00;28,00;36,00;15,00;15,00;6,00;0,00;6,00;6,00;0,00;12,00;12,00;0,00;0,00;3,00;9,00;0,00;3,00;3,00;6,00;3,00;3,00;0,00;0,00;9,00;0,00;0,00;0,00;3,00
2020-07-05;100,00;13,33;23,33;13,33;6,67;28,81;28,81;15,25;3,39;0,00;8,70;13,04;19,57;9,00;16,00;12,00;19,00;13,00;0,00;26,00;9,00;0,00;0,00;19,00;0,00;0,00;16,00;6,00;3,00;3,00;9,00;3,00;6,00;3,00;6,00;3,00;3,00;0,00;0,00;3,00;0,00;0,00;0,00;0,00
2020-07-12;95,00;10,18;27,14;20,36;10,18;6,79;6,79;33,93;16,96;11,05;4,42;11,05;19,88;10,00;33,00;20,00;14,00;26,00;7,00;47,00;10,00;0,00;0,00;0,00;0,00;7,00;20,00;3,00;10,00;7,00;3,00;10,00;3,00;3,00;0,00;7,00;0,00;0,00;0,00;0,00;0,00;0,00;0,00;0,00
2020-07-19;79,00;6,58;36,21;13,17;0,00;21,85;16,81;31,94;3,36;4,39;4,39;10,97;13,17;7,00;32,00;14,00;14,00;24,00;7,00;36,00;14,00;0,00;7,00;14,00;0,00;0,00;35,00;7,00;4,00;4,00;3,00;7,00;0,00;3,00;0,00;3,00;0,00;3,00;0,00;7,00;7,00;0,00;0,00;0,00
2020-07-26;92,00;23,00;13,14;26,29;6,57;13,38;6,69;33,45;20,07;4,38;10,95;10,95;17,52;10,00;27,00;13,00;17,00;10,00;0,00;17,00;3,00;0,00;7,00;3,00;0,00;0,00;17,00;3,00;0,00;3,00;7,00;3,00;10,00;0,00;3,00;3,00;0,00;0,00;0,00;3,00;0,00;0,00;0,00;0,00
2020-08-02;73,00;3,32;29,86;23,23;19,91;23,77;10,19;20,37;10,19;6,64;6,64;6,64;22,12;10,00;16,00;29,00;27,00;35,00;7,00;20,00;10,00;3,00;13,00;16,00;0,00;16,00;19,00;6,00;3,00;6,00;6,00;10,00;3,00;10,00;0,00;6,00;3,00;3,00;0,00;3,00;0,00;0,00;0,00;0,00
2020-08-09;53,00;16,56;16,56;16,56;26,50;27,35;20,52;8,55;11,97;6,63;0,00;13,25;24,29;9,00;24,00;15,00;19,00;9,00;12,00;12,00;12,00;0,00;9,00;6,00;0,00;3,00;6,00;0,00;0,00;3,00;12,00;3,00;0,00;3,00;0,00;6,00;0,00;0,00;3,00;3,00;0,00;0,00;0,00;0,00
2020-08-16;63,00;3,32;26,53;19,89;16,58;30,65;22,14;22,14;3,41;8,69;13,03;0,00;19,55;0,00;16,00;6,00;16,00;12,00;3,00;13,00;3,00;3,00;9,00;3,00;0,00;3,00;12,00;3,00;3,00;6,00;15,00;6,00;3,00;0,00;0,00;9,00;3,00;3,00;6,00;0,00;0,00;0,00;0,00;0,00
2020-08-23;70,00;16,67;16,67;13,33;10,00;37,56;15,37;11,95;11,95;0,00;13,13;6,56;24,06;3,00;3,00;18,00;22,00;15,00;16,00;3,00;0,00;0,00;6,00;3,00;0,00;12,00;9,00;0,00;6,00;3,00;6,00;0,00;6,00;6,00;3,00;9,00;3,00;0,00;0,00;0,00;0,00;0,00;0,00;0,00
2020-08-30;55,00;41,25;20,63;30,94;17,19;22,34;12,03;25,78;6,88;2,20;6,60;8,80;8,80;3,00;13,00;9,00;16,00;13,00;9,00;10,00;6,00;0,00;3,00;9,00;0,00;6,00;6,00;13,00;10,00;6,00;9,00;0,00;6,00;9,00;3,00;6,00;0,00;0,00;0,00;0,00;0,00;0,00;0,00;0,00
2020-09-06;46,00;9,86;16,43;6,57;13,14;13,63;18,74;22,15;10,22;13,14;13,14;13,14;15,33;3,00;10,00;6,00;16,00;19,00;13,00;0,00;3,00;0,00;13,00;0,00;0,00;6,00;0,00;3,00;3,00;3,00;0,00;0,00;3,00;3,00;0,00;6,00;0,00;0,00;3,00;0,00;0,00;0,00;0,00;0,00
2020-09-13;39,00;13,00;3,25;9,75;13,00;18,65;15,26;13,57;10,17;8,67;2,17;2,17;19,50;6,00;10,00;10,00;3,00;6,00;3,00;10,00;6,00;6,00;19,00;6,00;0,00;0,00;0,00;6,00;45,00;0,00;13,00;0,00;0,00;3,00;0,00;0,00;3,00;10,00;3,00;3,00;0,00;0,00;0,00;0,00
2020-09-20;19,00;22,17;12,67;15,83;15,83;25,91;8,64;19,00;15,55;2,11;2,11;6,33;21,11;12,00;0,00;6,00;19,00;21,00;12,00;6,00;9,00;6,00;6,00;0,00;3,00;3,00;6,00;6,00;0,00;3,00;0,00;0,00;6,00;3,00;3,00;3,00;0,00;3,00;3,00;3,00;0,00;0,00;0,00;0,00
2020-09-27;25,00;28,13;6,25;18,75;28,13;25,00;23,33;3,33;21,67;18,75;8,33;6,25;6,25;0,00;9,00;12,00;6,00;9,00;3,00;10,00;3,00;3,00;3,00;6,00;0,00;3,00;6,00;6,00;9,00;3,00;3,00;3,00;0,00;0,00;0,00;0,00;0,00;6,00;0,00;3,00;0,00;0,00;0,00;0,00
2020-10-04;30,00;20,00;26,67;3,33;10,00;26,47;19,41;22,94;3,53;8,57;12,86;6,43;6,43;6,00;3,00;22,00;10,00;10,00;3,00;7,00;0,00;6,00;6,00;6,00;0,00;0,00;0,00;3,00;0,00;3,00;3,00;3,00;0,00;3,00;0,00;0,00;0,00;0,00;3,00;3,00;0,00;0,00;0,00;0,00
2020-10-11;14,00;38,50;35,00;3,50;7,00;28,00;10,50;17,50;3,50;7,00;14,00;7,00;11,67;3,00;7,00;10,00;3,00;7,00;7,00;0,00;10,00;0,00;13,00;0,00;0,00;10,00;10,00;10,00;7,00;3,00;10,00;0,00;3,00;7,00;0,00;0,00;3,00;3,00;3,00;3,00;0,00;0,00;0,00;0,00
2020-10-18;3,00;18,00;21,00;15,00;0,00;18,00;3,00;15,00;3,00;7,50;9,00;3,00;9,00;3,00;10,00;7,00;3,00;3,00;10,00;0,00;7,00;0,00;7,00;13,00;3,00;0,00;0,00;0,00;3,00;0,00;3,00;0,00;0,00;0,00;0,00;0,00;0,00;10,00;0,00;3,00;0,00;0,00;0,00;0,00
2020-10-25;10,00;13,33;13,33;10,00;0,00;21,67;0,00;6,67;11,67;7,50;0,00;10,00;7,50;3,00;10,00;9,00;13,00;6,00;3,00;6,00;0,00;0,00;3,00;3,00;3,00;3,00;0,00;3,00;0,00;0,00;0,00;0,00;0,00;6,00;0,00;6,00;3,00;0,00;0,00;0,00;0,00;0,00;0,00;0,00
2020-11-01;9,00;15,00;9,00;6,00;3,00;7,20;10,80;9,00;21,60;6,75;9,00;2,25;15,75;0,00;6,00;12,00;3,00;12,00;0,00;0,00;9,00;0,00;0,00;0,00;0,00;3,00;6,00;0,00;0,00;0,00;9,00;3,00;0,00;3,00;0,00;3,00;0,00;0,00;0,00;0,00;0,00;0,00;0,00;0,00
2020-11-08;19,00;9,50;22,17;9,50;3,17;6,91;10,36;6,91;10,36;12,67;0,00;12,67;14,78;3,00;6,00;19,00;13,00;3,00;3,00;6,00;3,00;0,00;3,00;6,00;0,00;0,00;0,00;6,00;0,00;3,00;3,00;3,00;6,00;0,00;0,00;3,00;0,00;0,00;0,00;0,00;0,00;0,00;0,00;0,00
2020-11-15;13,00;13,00;32,50;6,50;13,00;7,43;18,57;16,71;13,00;6,50;13,00;8,67;15,17;3,00;13,00;19,00;6,00;6,00;3,00;12,00;3,00;6,00;12,00;3,00;0,00;0,00;9,00;3,00;9,00;6,00;0,00;3,00;3,00;3,00;3,00;6,00;0,00;0,00;0,00;0,00;0,00;0,00;0,00;0,00
2020-11-22;25,00;21,43;14,29;7,14;14,29;28,33;20,00;15,00;25,00;2,27;0,00;2,27;38,64;0,00;3,00;25,00;6,00;6,00;9,00;19,00;12,00;3,00;3,00;6,00;0,00;6,00;3,00;0,00;3,00;6,00;9,00;0,00;6,00;0,00;3,00;3,00;3,00;0,00;0,00;0,00;0,00;0,00;3,00;0,00
2020-11-29;13,00;35,75;9,75;6,50;32,50;14,63;9,75;14,63;9,75;2,17;8,67;19,50;41,17;6,00;13,00;29,00;0,00;6,00;6,00;3,00;6,00;0,00;9,00;3,00;0,00;6,00;6,00;6,00;16,00;0,00;6,00;3,00;3,00;0,00;6,00;3,00;0,00;0,00;0,00;6,00;0,00;0,00;3,00;0,00
2020-12-06;29,00;16,11;19,33;12,89;6,44;25,59;13,65;3,41;15,35;0,00;0,00;2,23;51,31;0,00;3,00;54,00;10,00;3,00;3,00;29,00;6,00;0,00;19,00;3,00;0,00;3,00;3,00;3,00;3,00;3,00;3,00;3,00;9,00;0,00;3,00;0,00;3,00;3,00;3,00;0,00;0,00;0,00;0,00;0,00
2020-12-13;16,00;9,60;19,20;12,80;9,60;12,80;3,20;9,60;14,40;6,86;0,00;2,29;41,14;3,00;3,00;39,00;0,00;3,00;3,00;16,00;3,00;3,00;6,00;0,00;0,00;3,00;0,00;0,00;3,00;0,00;6,00;0,00;0,00;0,00;0,00;3,00;0,00;3,00;6,00;0,00;0,00;0,00;0,00;0,00
2020-12-20;32,00;9,60;6,40;12,80;6,40;20,21;6,74;10,11;23,58;10,67;4,27;27,73;61,87;10,00;0,00;56,00;4,00;4,00;7,00;18,00;14,00;0,00;7,00;0,00;0,00;7,00;7,00;3,00;7,00;0,00;10,00;0,00;0,00;0,00;0,00;3,00;0,00;0,00;14,00;0,00;0,00;0,00;0,00;0,00
2020-12-27;28,00;14,00;28,00;3,50;10,50;21,00;10,50;24,50;24,50;12,92;6,46;12,92;19,38;10,00;14,00;54,00;3,00;7,00;10,00;7,00;7,00;0,00;7,00;13,00;0,00;10,00;7,00;0,00;24,00;3,00;3,00;0,00;3,00;10,00;3,00;3,00;0,00;0,00;3,00;0,00;0,00;0,00;0,00;0,00
2021-01-03;16,00;22,40;9,60;9,60;6,40;10,67;17,78;16,00;10,67;13,71;6,86;9,14;25,14;13,00;10,00;32,00;9,00;6,00;9,00;22,00;3,00;3,00;3,00;9,00;0,00;0,00;0,00;6,00;3,00;0,00;3,00;0,00;0,00;0,00;0,00;0,00;3,00;0,00;0,00;3,00;0,00;0,00;0,00;0,00
2021-01-10;29,00;16,11;6,44;12,89;16,11;13,65;3,41;10,24;10,24;2,23;13,38;13,38;49,08;9,00;10,00;44,00;3,00;16,00;3,00;10,00;25,00;0,00;13,00;0,00;0,00;0,00;3,00;3,00;3,00;0,00;10,00;0,00;0,00;0,00;0,00;6,00;3,00;0,00;3,00;3,00;0,00;0,00;0,00;0,00
2021-01-17;28,00;3,50;24,50;7,00;7,00;18,12;9,88;8,24;6,59;21,54;2,15;2,15;17,23;25,00;6,00;53,00;9,00;12,00;9,00;34,00;3,00;9,00;9,00;3,00;0,00;0,00;6,00;6,00;6,00;6,00;0,00;7,00;3,00;0,00;0,00;6,00;0,00;0,00;0,00;0,00;0,00;0,00;0,00;0,00
2021-01-24;29,00;22,56;22,56;0,00;9,67;29,00;3,41;3,41;10,24;2,23;8,92;8,92;15,62;3,00;3,00;19,00;3,00;3,00;3,00;10,00;13,00;0,00;3,00;3,00;0,00;3,00;3,00;3,00;0,00;6,00;3,00;3,00;3,00;0,00;0,00;0,00;3,00;3,00;3,00;3,00;0,00;0,00;0,00;0,00
2021-01-31;19,00;6,33;12,67;0,00;9,50;25,91;13,82;6,91;3,45;6,33;2,11;12,67;14,78;6,00;19,00;29,00;10,00;3,00;0,00;29,00;10,00;6,00;0,00;3,00;0,00;3,00;3,00;0,00;6,00;3,00;3,00;0,00;3,00;3,00;0,00;6,00;6,00;0,00;3,00;0,00;0,00;0,00;0,00;0,00
2021-02-07;38,00;10,36;10,36;13,82;6,91;14,87;9,91;14,87;0,00;6,33;2,11;2,11;21,11;3,00;13,00;28,00;3,00;9,00;9,00;13,00;9,00;0,00;19,00;0,00;6,00;0,00;3,00;3,00;3,00;3,00;0,00;0,00;3,00;0,00;6,00;3,00;0,00;3,00;0,00;3,00;0,00;0,00;0,00;0,00
2021-02-14;23,00;26,29;13,14;19,71;3,29;13,14;13,14;3,29;0,00;2,09;6,27;0,00;18,82;3,00;7,00;23,00;0,00;7,00;13,00;16,00;13,00;0,00;0,00;13,00;3,00;3,00;3,00;6,00;6,00;0,00;3,00;0,00;3,00;0,00;0,00;0,00;0,00;0,00;3,00;0,00;0,00;0,00;0,00;0,00
2021-02-21;20,00;16,67;13,33;3,33;13,33;20,00;3,33;3,33;6,67;6,67;11,11;11,11;13,33;0,00;0,00;33,00;3,00;3,00;3,00;7,00;3,00;3,00;0,00;7,00;0,00;0,00;10,00;0,00;7,00;0,00;0,00;0,00;7,00;0,00;0,00;0,00;0,00;0,00;0,00;0,00;0,00;0,00;0,00;0,00
2021-02-28;10,00;13,33;16,67;10,00;10,00;23,33;13,33;16,67;10,00;0,00;6,00;0,00;12,00;10,00;7,00;33,00;16,00;7,00;7,00;13,00;13,00;0,00;0,00;0,00;0,00;0,00;3,00;6,00;3,00;3,00;0,00;0,00;3,00;0,00;0,00;0,00;3,00;0,00;3,00;3,00;0,00;0,00;0,00;0,00
2021-03-07;13,00;9,75;19,50;0,00;6,50;11,38;3,25;6,50;11,38;6,50;0,00;8,67;15,17;9,00;3,00;38,00;13,00;0,00;3,00;6,00;3,00;0,00;16,00;0,00;0,00;0,00;0,00;0,00;3,00;3,00;3,00;3,00;3,00;0,00;3,00;3,00;0,00;0,00;0,00;3,00;0,00;0,00;0,00;0,00
2021-03-14;12,00;6,00;3,00;9,00;0,00;6,86;6,86;3,43;3,43;6,00;2,00;0,00;10,00;0,00;3,00;24,00;0,00;9,00;0,00;6,00;9,00;0,00;3,00;0,00;0,00;0,00;0,00;0,00;0,00;0,00;0,00;0,00;0,00;0,00;0,00;0,00;0,00;0,00;0,00;0,00;0,00;0,00;0,00;0,00
2021-03-21;10,00;6,67;10,00;3,33;3,33;13,33;3,33;6,67;13,33;0,00;2,50;7,50;10,00;6,00;7,00;23,00;3,00;0,00;0,00;3,00;0,00;0,00;3,00;3,00;0,00;0,00;3,00;0,00;6,00;3,00;0,00;3,00;0,00;0,00;0,00;0,00;0,00;0,00;3,00;0,00;0,00;0,00;0,00;0,00
2021-03-28;10,00;6,67;13,33;0,00;6,67;6,67;6,67;0,00;6,67;0,00;0,00;6,00;6,00;0,00;3,00;20,00;3,00;3,00;7,00;0,00;7,00;0,00;0,00;0,00;3,00;0,00;3,00;3,00;0,00;3,00;0,00;0,00;0,00;0,00;0,00;3,00;0,00;0,00;0,00;0,00;0,00;0,00;0,00;0,00
2021-04-04;23,00;3,29;6,57;0,00;3,29;10,62;3,54;3,54;3,54;6,90;6,90;6,90;23,00;3,00;13,00;3,00;3,00;3,00;3,00;0,00;0,00;0,00;3,00;0,00;0,00;0,00;0,00;13,00;3,00;0,00;3,00;0,00;6,00;0,00;3,00;0,00;0,00;0,00;0,00;3,00;0,00;0,00;0,00;0,00
2021-04-11;10,00;3,33;13,33;3,33;16,67;3,33;0,00;6,67;3,33;0,00;2,00;0,00;8,00;0,00;10,00;20,00;3,00;0,00;0,00;7,00;3,00;3,00;0,00;6,00;0,00;6,00;0,00;0,00;0,00;0,00;3,00;0,00;0,00;0,00;0,00;0,00;3,00;0,00;0,00;0,00;0,00;0,00;0,00;0,00
2021-04-18;17,00;3,40;3,40;0,00;6,80;10,20;3,40;3,40;3,40;4,25;6,38;0,00;12,75;0,00;3,00;7,00;17,00;17,00;3,00;13,00;7,00;0,00;0,00;3,00;0,00;10,00;3,00;0,00;0,00;0,00;0,00;0,00;0,00;0,00;3,00;0,00;3,00;0,00;0,00;0,00;0,00;0,00;0,00;3,00
2021-04-25;23,00;6,57;6,57;0,00;3,29;6,57;9,86;0,00;0,00;6,27;2,09;2,09;2,09;3,00;13,00;19,00;10,00;0,00;3,00;10,00;3,00;0,00;0,00;3,00;0,00;3,00;3,00;3,00;0,00;0,00;3,00;0,00;0,00;0,00;0,00;3,00;0,00;0,00;3,00;0,00;0,00;0,00;0,00;0,00
2021-05-02;25,00;15,63;9,38;6,25;12,50;21,67;0,00;6,67;3,33;8,33;0,00;0,00;12,50;3,00;6,00;3,00;6,00;6,00;9,00;16,00;3,00;0,00;3,00;0,00;0,00;3,00;9,00;3,00;3,00;0,00;0,00;0,00;0,00;0,00;0,00;3,00;0,00;0,00;3,00;3,00;0,00;0,00;0,00;0,00
2021-05-09;39,00;0,00;3,25;0,00;6,50;13,57;16,96;15,26;6,78;8,67;2,17;2,17;13,00;3,00;3,00;3,00;3,00;7,00;3,00;3,00;3,00;3,00;0,00;3,00;0,00;0,00;3,00;0,00;0,00;0,00;0,00;0,00;0,00;3,00;0,00;0,00;0,00;0,00;0,00;0,00;0,00;0,00;0,00;0,00
2021-05-16;35,00;3,50;17,50;14,00;7,00;12,25;3,50;3,50;3,50;2,19;8,75;2,19;39,38;0,00;13,00;9,00;6,00;6,00;0,00;6,00;3,00;0,00;3,00;0,00;0,00;3,00;3,00;0,00;0,00;0,00;3,00;0,00;6,00;6,00;6,00;0,00;6,00;0,00;0,00;6,00;0,00;0,00;0,00;0,00
2021-05-23;47,00;10,07;6,71;3,36;0,00;6,71;0,00;16,79;6,71;13,43;6,71;6,71;38,05;7,00;10,00;3,00;13,00;7,00;7,00;3,00;3,00;0,00;7,00;7,00;0,00;3,00;3,00;0,00;0,00;7,00;0,00;4,00;0,00;0,00;3,00;0,00;3,00;0,00;0,00;3,00;0,00;3,00;0,00;0,00
2021-05-30;23,00;9,86;3,29;6,57;16,43;6,57;9,86;16,43;0,00;10,45;12,55;4,18;6,27;10,00;10,00;3,00;3,00;10,00;3,00;7,00;7,00;0,00;0,00;3,00;0,00;3,00;17,00;0,00;3,00;3,00;0,00;0,00;6,00;0,00;10,00;0,00;3,00;0,00;0,00;3,00;3,00;0,00;0,00;0,00
2021-06-06;23,00;3,29;6,57;6,57;9,86;13,14;0,00;16,43;3,29;0,00;4,18;10,45;12,55;3,00;10,00;3,00;10,00;13,00;3,00;10,00;33,00;0,00;0,00;0,00;0,00;3,00;17,00;3,00;3,00;3,00;3,00;0,00;0,00;0,00;3,00;3,00;0,00;0,00;3,00;0,00;0,00;0,00;0,00;0,00
2021-06-13;32,00;3,20;19,20;0,00;6,40;21,89;6,74;18,53;0,00;6,40;0,00;12,80;14,93;6,00;10,00;10,00;3,00;3,00;0,00;13,00;6,00;3,00;0,00;9,00;0,00;0,00;3,00;0,00;0,00;0,00;0,00;0,00;0,00;0,00;6,00;3,00;3,00;3,00;0,00;6,00;3,00;0,00;0,00;0,00
2021-06-20;59,00;0,00;9,83;16,39;6,56;21,91;10,11;15,17;10,11;6,56;2,19;19,67;21,85;3,00;20,00;13,00;10,00;6,00;3,00;23,00;6,00;0,00;6,00;3,00;0,00;3,00;10,00;0,00;6,00;6,00;0,00;0,00;3,00;6,00;0,00;0,00;3,00;3,00;3,00;3,00;0,00;0,00;0,00;0,00
2021-06-27;40,00;3,33;3,33;20,00;6,67;16,67;6,67;20,00;0,00;4,44;4,44;11,11;6,67;0,00;27,00;13,00;13,00;13,00;16,00;30,00;13,00;3,00;0,00;10,00;0,00;10,00;7,00;0,00;10,00;0,00;7,00;0,00;3,00;0,00;0,00;10,00;0,00;0,00;3,00;0,00;0,00;0,00;0,00;0,00
2021-07-04;63,00;6,63;19,89;9,95;9,95;66,41;18,73;23,84;3,41;13,03;10,86;13,03;23,90;0,00;24,00;10,00;21,00;14,00;10,00;24,00;10,00;0,00;7,00;7,00;0,00;10,00;7,00;3,00;3,00;3,00;7,00;0,00;0,00;0,00;10,00;7,00;3,00;0,00;0,00;0,00;0,00;0,00;0,00;0,00
2021-07-11;58,00;6,82;34,12;17,06;13,65;29,00;3,41;10,24;18,76;15,04;6,44;6,44;23,63;4,00;15,00;7,00;14,00;22,00;0,00;18,00;4,00;4,00;0,00;0,00;0,00;4,00;29,00;0,00;14,00;0,00;0,00;4,00;7,00;11,00;0,00;7,00;0,00;0,00;4,00;29,00;7,00;0,00;0,00;0,00
2021-07-18;46,00;9,86;36,14;16,43;0,00;11,93;27,26;40,89;11,93;13,14;0,00;17,52;19,71;17,00;17,00;17,00;21,00;21,00;0,00;25,00;12,00;0,00;0,00;8,00;0,00;12,00;17,00;8,00;4,00;0,00;4,00;4,00;0,00;4,00;12,00;4,00;8,00;0,00;4,00;4,00;0,00;0,00;0,00;0,00
2021-07-25;48,00;0,00;30,86;24,00;24,00;29,14;0,00;15,43;6,86;4,36;0,00;21,82;21,82;4,00;33,00;18,00;11,00;11,00;7,00;40,00;11,00;7,00;0,00;11,00;0,00;11,00;11,00;11,00;0,00;0,00;7,00;4,00;0,00;7,00;7,00;7,00;0,00;0,00;4,00;7,00;4,00;0,00;0,00;0,00
2021-08-01;55,00;3,24;6,47;0,00;9,71;6,67;8,33;35,00;3,33;0,00;6,60;17,60;22,00;14,00;22,00;33,00;11,00;22,00;7,00;29,00;26,00;0,00;7,00;18,00;4,00;7,00;11,00;0,00;0,00;0,00;4,00;0,00;4,00;4,00;7,00;4,00;4,00;0,00;0,00;11,00;0,00;0,00;0,00;0,00
2021-08-08;53,00;0,00;19,88;6,63;26,50;25,65;3,42;25,65;6,84;4,42;6,63;11,04;26,50;15,00;15,00;26,00;22,00;22,00;15,00;22,00;11,00;0,00;11,00;11,00;0,00;0,00;15,00;4,00;7,00;4,00;0,00;4,00;22,00;4,00;18,00;7,00;4,00;0,00;0,00;4,00;0,00;0,00;0,00;0,00
2021-08-15;59,00;22,94;26,22;26,22;32,78;15,17;8,43;28,66;18,54;10,93;4,37;6,56;37,15;11,00;15,00;4,00;33,00;18,00;11,00;44,00;0,00;4,00;14,00;22,00;0,00;11,00;11,00;0,00;7,00;11,00;11,00;0,00;0,00;7,00;0,00;4,00;0,00;0,00;0,00;7,00;0,00;0,00;0,00;0,00
2021-08-22;46,00;26,29;16,43;23,00;9,86;23,85;3,41;11,93;22,15;6,57;10,95;6,57;21,90;15,00;15,00;4,00;15,00;8,00;15,00;30,00;8,00;4,00;8,00;11,00;0,00;4,00;4,00;7,00;4,00;0,00;4,00;0,00;0,00;4,00;15,00;8,00;4,00;0,00;4,00;4,00;0,00;0,00;0,00;0,00
2021-08-29;34,00;20,40;30,60;27,20;10,20;30,60;8,50;25,50;22,10;0,00;6,38;21,25;14,88;0,00;11,00;15,00;19,00;15,00;4,00;15,00;11,00;0,00;4,00;7,00;0,00;4,00;4,00;0,00;11,00;4,00;11,00;0,00;4,00;0,00;8,00;4,00;0,00;4,00;0,00;0,00;0,00;0,00;0,00;0,00
2021-09-05;32,00;24,89;7,11;7,11;21,33;8,42;3,37;8,42;20,21;10,67;14,93;19,20;25,60;16,00;12,00;16,00;4,00;4,00;8,00;4,00;4,00;8,00;4,00;16,00;4,00;0,00;0,00;0,00;4,00;4,00;4,00;4,00;12,00;0,00;4,00;4,00;0,00;4,00;4,00;4,00;0,00;0,00;0,00;0,00
2021-09-12;39,00;29,25;26,00;13,00;26,00;3,39;28,83;37,30;23,74;8,67;15,17;4,33;19,50;4,00;23,00;12,00;23,00;23,00;8,00;0,00;12,00;0,00;0,00;8,00;0,00;8,00;8,00;8,00;11,00;4,00;8,00;0,00;0,00;0,00;0,00;4,00;4,00;0,00;4,00;8,00;0,00;0,00;0,00;0,00
2021-09-19;12,00;32,00;24,00;8,00;4,00;12,00;20,57;34,29;3,43;12,00;9,60;0,00;24,00;23,00;15,00;15,00;31,00;12,00;11,00;12,00;0,00;11,00;8,00;4,00;0,00;4,00;0,00;0,00;4,00;4,00;0,00;0,00;0,00;8,00;8,00;4,00;4,00;0,00;4,00;0,00;4,00;0,00;0,00;0,00
2021-09-26;49,00;35,93;9,80;22,87;9,80;15,21;20,28;15,21;18,59;6,68;0,00;4,45;17,82;4,00;8,00;11,00;11,00;11,00;7,00;7,00;11,00;7,00;4,00;7,00;0,00;4,00;11,00;0,00;4,00;15,00;4,00;8,00;7,00;4,00;0,00;4,00;0,00;0,00;7,00;0,00;0,00;0,00;0,00;0,00
2021-10-03;15,00;33,75;45,00;33,75;41,25;30,00;26,67;21,67;25,00;10,71;19,29;4,29;17,14;18,00;11,00;26,00;19,00;4,00;18,00;7,00;15,00;4,00;11,00;22,00;4,00;4,00;7,00;15,00;4,00;7,00;7,00;4,00;11,00;0,00;0,00;4,00;0,00;0,00;0,00;0,00;0,00;0,00;0,00;0,00
2021-10-10;27,00;50,63;20,25;27,00;20,25;38,81;35,44;33,75;18,56;20,25;22,50;6,75;11,25;11,00;12,00;8,00;30,00;8,00;15,00;8,00;8,00;7,00;4,00;7,00;0,00;4,00;4,00;7,00;8,00;0,00;4,00;4,00;0,00;8,00;0,00;4,00;0,00;4,00;4,00;0,00;0,00;0,00;0,00;0,00
2021-10-17;34,00;74,80;23,80;13,60;10,20;52,70;11,90;28,90;37,40;15,87;11,33;18,13;6,80;11,00;0,00;15,00;18,00;7,00;11,00;0,00;15,00;0,00;7,00;11,00;0,00;7,00;0,00;4,00;4,00;4,00;0,00;0,00;4,00;0,00;0,00;4,00;0,00;7,00;0,00;0,00;0,00;0,00;0,00;0,00
2021-10-24;15,00;60,00;41,25;52,50;22,50;25,00;3,33;36,67;15,00;36,43;21,43;10,71;15,00;4,00;11,00;15,00;33,00;7,00;11,00;4,00;4,00;4,00;0,00;11,00;4,00;11,00;4,00;11,00;11,00;15,00;4,00;0,00;4,00;0,00;0,00;0,00;0,00;0,00;0,00;4,00;0,00;0,00;0,00;0,00
2021-10-31;35,00;49,00;42,00;63,00;24,50;50,00;23,33;18,33;56,67;39,38;15,31;15,31;15,31;15,00;16,00;27,00;15,00;15,00;11,00;27,00;12,00;0,00;11,00;19,00;4,00;0,00;15,00;8,00;4,00;8,00;12,00;0,00;4,00;0,00;4,00;4,00;0,00;0,00;4,00;4,00;0,00;0,00;0,00;0,00
2021-11-07;23,00;52,57;32,86;29,57;19,71;29,57;26,29;18,07;11,50;20,70;59,80;23,00;11,50;7,00;19,00;11,00;11,00;8,00;19,00;11,00;15,00;11,00;11,00;4,00;0,00;15,00;11,00;0,00;15,00;0,00;8,00;4,00;4,00;4,00;4,00;4,00;0,00;7,00;0,00;0,00;0,00;0,00;0,00;0,00
2021-11-14;33,00;39,60;13,20;29,70;13,20;43,42;31,26;22,58;6,95;26,40;22,00;4,40;22,00;7,00;14,00;36,00;36,00;21,00;7,00;14,00;11,00;7,00;4,00;0,00;4,00;11,00;11,00;14,00;14,00;11,00;0,00;0,00;4,00;7,00;7,00;4,00;0,00;0,00;0,00;0,00;0,00;0,00;0,00;0,00
2021-11-21;46,00;49,29;36,14;46,00;16,43;28,96;15,33;23,85;20,44;13,14;10,95;0,00;24,10;0,00;18,00;21,00;0,00;11,00;7,00;4,00;0,00;10,00;3,00;3,00;3,00;14,00;4,00;0,00;7,00;11,00;11,00;4,00;10,00;0,00;4,00;4,00;0,00;0,00;0,00;4,00;0,00;0,00;0,00;0,00
2021-11-28;21,00;66,50;35,00;21,00;21,00;50,75;22,75;10,50;24,50;16,80;6,30;21,00;23,10;3,00;14,00;28,00;14,00;3,00;3,00;7,00;10,00;10,00;17,00;0,00;7,00;0,00;11,00;10,00;3,00;24,00;21,00;0,00;0,00;3,00;3,00;3,00;3,00;0,00;3,00;0,00;0,00;0,00;0,00;0,00
2021-12-05;40,00;73,33;46,67;40,00;40,00;46,67;36,67;31,67;38,33;28,89;28,89;6,67;35,56;11,00;22,00;21,00;14,00;32,00;21,00;7,00;25,00;11,00;14,00;7,00;4,00;21,00;11,00;0,00;28,00;14,00;7,00;4,00;0,00;0,00;0,00;4,00;11,00;0,00;7,00;0,00;0,00;0,00;0,00;0,00
2021-12-12;38,00;79,45;38,00;44,91;41,45;41,45;36,27;34,55;34,55;20,12;33,53;22,35;33,53;4,00;19,00;30,00;34,00;15,00;15,00;22,00;22,00;11,00;22,00;11,00;4,00;4,00;15,00;4,00;11,00;4,00;7,00;0,00;0,00;0,00;7,00;4,00;0,00;11,00;7,00;4,00;0,00;0,00;0,00;0,00
2021-12-19;47,00;36,93;67,14;73,86;57,07;63,79;35,25;36,93;53,71;12,82;40,59;25,64;8,55;21,00;21,00;30,00;13,00;30,00;29,00;17,00;25,00;21,00;54,00;13,00;4,00;4,00;4,00;4,00;13,00;21,00;25,00;0,00;4,00;4,00;17,00;21,00;4,00;8,00;8,00;0,00;0,00;4,00;0,00;0,00
2021-12-26;66,00;138,60;99,00;92,40;59,40;91,38;126,92;77,85;77,85;39,60;92,40;39,60;39,60;47,00;61,00;30,00;39,00;48,00;17,00;17,00;56,00;17,00;30,00;17,00;9,00;21,00;26,00;9,00;47,00;13,00;22,00;9,00;13,00;4,00;9,00;17,00;9,00;9,00;0,00;0,00;4,00;0,00;4,00;0,00
2022-01-02;73,00;132,73;89,59;89,59;46,45;115,44;122,23;95,07;71,30;35,39;73,00;53,09;64,15;79,00;48,00;36,00;56,00;32,00;24,00;20,00;28,00;0,00;35,00;24,00;4,00;31,00;8,00;24,00;39,00;40,00;12,00;8,00;12,00;4,00;16,00;8,00;4,00;8,00;8,00;0,00;0,00;0,00;0,00;0,00
2022-01-09;92,00;85,19;71,56;64,74;34,07;74,96;25,56;47,70;35,78;54,76;48,19;70,10;24,10;27,00;48,00;59,00;47,00;28,00;16,00;32,00;39,00;12,00;16,00;35,00;0,00;16,00;12,00;12,00;27,00;20,00;31,00;0,00;0,00;4,00;16,00;4,00;19,00;8,00;12,00;0,00;0,00;0,00;0,00;0,00
2022-01-16;77,00;100,43;83,70;56,91;77,00;83,70;66,96;93,74;75,33;22,00;61,60;26,40;50,60;30,00;58,00;38,00;30,00;61,00;26,00;4,00;23,00;0,00;34,00;23,00;0,00;30,00;15,00;11,00;34,00;34,00;15,00;4,00;11,00;4,00;8,00;15,00;4,00;4,00;8,00;0,00;0,00;0,00;0,00;0,00
2022-01-23;51,00;102,00;95,20;68,00;71,40;96,90;61,20;57,80;57,80;19,96;51,00;19,96;39,91;34,00;39,00;42,00;35,00;39,00;34,00;15,00;23,00;11,00;15,00;11,00;11,00;8,00;16,00;8,00;23,00;8,00;19,00;12,00;15,00;4,00;4,00;4,00;11,00;4,00;4,00;8,00;0,00;0,00;0,00;0,00
2022-01-30;92,00;78,86;108,43;92,00;42,71;81,96;58,55;70,25;61,89;52,57;39,43;78,86;30,67;43,00;36,00;40,00;68,00;20,00;32,00;40,00;28,00;0,00;16,00;27,00;8,00;24,00;8,00;16,00;12,00;28,00;20,00;8,00;28,00;4,00;8,00;8,00;8,00;12,00;4,00;8,00;0,00;0,00;0,00;0,00
2022-02-06;49,00;107,80;65,33;91,47;52,27;86,17;55,76;72,66;43,93;68,17;14,91;27,70;38,35;32,00;49,00;24,00;28,00;29,00;16,00;29,00;28,00;4,00;16,00;40,00;0,00;16,00;12,00;8,00;20,00;8,00;8,00;0,00;8,00;12,00;4,00;8,00;8,00;0,00;4,00;0,00;4,00;0,00;0,00;0,00
2022-02-13;52,00;48,53;41,60;55,47;48,53;55,35;53,68;62,06;46,97;19,50;47,67;54,17;49,83;20,00;16,00;32,00;20,00;51,00;24,00;24,00;16,00;8,00;12,00;20,00;0,00;8,00;16,00;19,00;16,00;12,00;4,00;8,00;0,00;16,00;0,00;4,00;4,00;4,00;4,00;8,00;0,00;0,00;0,00;0,00
2022-02-20;60,00;60,00;40,00;56,67;53,33;78,33;41,67;41,67;85,00;34,29;38,57;53,57;19,29;43,00;48,00;20,00;36,00;16,00;35,00;12,00;48,00;8,00;12,00;16,00;12,00;24,00;28,00;16,00;20,00;12,00;24,00;0,00;20,00;0,00;24,00;12,00;0,00;4,00;4,00;0,00;0,00;0,00;0,00;0,00
2022-02-27;55,00;30,94;51,56;92,81;30,94;46,41;30,94;49,84;79,06;33,00;17,60;13,20;8,80;58,00;21,00;37,00;21,00;50,00;8,00;17,00;29,00;0,00;16,00;16,00;8,00;4,00;13,00;16,00;4,00;17,00;12,00;0,00;4,00;0,00;12,00;21,00;12,00;0,00;12,00;4,00;0,00;0,00;0,00;0,00
2022-03-06;59,00;45,89;75,39;72,11;65,56;67,43;21,91;33,71;33,71;32,78;32,78;218,52;13,11;17,00;17,00;21,00;42,00;4,00;8,00;21,00;38,00;8,00;21,00;8,00;4,00;21,00;17,00;4,00;8,00;8,00;4,00;4,00;4,00;0,00;0,00;4,00;4,00;12,00;0,00;4,00;0,00;0,00;0,00;4,00
2022-03-13;48,00;65,14;68,57;78,86;37,71;56,57;66,86;54,86;44,57;34,91;48,00;91,64;34,91;28,00;8,00;12,00;24,00;8,00;8,00;4,00;20,00;16,00;20,00;4,00;4,00;8,00;8,00;4,00;4,00;4,00;12,00;4,00;4,00;4,00;0,00;0,00;8,00;4,00;4,00;4,00;0,00;0,00;0,00;0,00
2022-03-20;17,00;68,00;81,60;44,20;30,60;79,90;66,30;45,90;45,90;17,00;19,13;36,13;31,88;29,00;25,00;21,00;33,00;33,00;4,00;8,00;0,00;12,00;16,00;12,00;4,00;37,00;8,00;8,00;12,00;4,00;4,00;0,00;0,00;0,00;4,00;4,00;0,00;0,00;4,00;0,00;4,00;0,00;0,00;0,00
2022-03-27;48,00;85,71;48,00;68,57;44,57;56,57;66,86;36,00;102,86;28,36;32,73;30,55;24,00;16,00;28,00;39,00;20,00;12,00;27,00;4,00;32,00;20,00;8,00;4,00;0,00;23,00;24,00;23,00;8,00;16,00;12,00;0,00;12,00;0,00;0,00;8,00;0,00;16,00;4,00;0,00;0,00;0,00;0,00;0,00
2022-04-03;39,00;74,75;58,50;48,75;39,00;69,52;32,22;22,04;91,57;30,33;56,33;39,00;19,50;11,00;27,00;23,00;15,00;23,00;11,00;8,00;23,00;8,00;15,00;4,00;4,00;15,00;12,00;26,00;4,00;4,00;0,00;8,00;8,00;0,00;0,00;4,00;4,00;4,00;0,00;0,00;4,00;0,00;0,00;0,00
2022-04-10;30,00;46,67;26,67;26,67;16,67;13,33;18,33;5,00;8,33;17,14;21,43;17,14;21,43;4,00;22,00;13,00;13,00;22,00;17,00;17,00;4,00;0,00;17,00;9,00;4,00;0,00;17,00;4,00;0,00;0,00;9,00;0,00;4,00;0,00;0,00;0,00;0,00;9,00;0,00;0,00;0,00;0,00;0,00;0,00
2022-04-17;17,00;6,80;20,40;13,60;23,80;20,40;13,60;23,80;3,40;0,00;8,50;8,50;14,88;4,00;4,00;8,00;21,00;0,00;0,00;8,00;4,00;0,00;0,00;8,00;0,00;4,00;4,00;8,00;0,00;4,00;4,00;4,00;0,00;0,00;0,00;4,00;0,00;0,00;0,00;0,00;0,00;0,00;0,00;0,00
2022-04-24;20,00;13,33;3,33;6,67;36,67;0,00;3,33;11,67;3,33;8,89;0,00;4,44;15,56;0,00;4,00;4,00;12,00;4,00;8,00;4,00;4,00;0,00;4,00;4,00;0,00;0,00;4,00;12,00;8,00;0,00;4,00;9,00;0,00;0,00;0,00;8,00;0,00;4,00;8,00;0,00;0,00;0,00;0,00;0,00
2022-05-01;24,00;6,86;6,86;17,14;13,71;15,43;12,00;8,57;3,43;0,00;4,36;0,00;4,36;4,00;4,00;12,00;4,00;8,00;0,00;4,00;8,00;0,00;0,00;11,00;0,00;4,00;0,00;8,00;4,00;4,00;8,00;4,00;4,00;4,00;0,00;4,00;0,00;0,00;0,00;0,00;0,00;0,00;0,00;0,00
2022-05-08;37,00;13,45;0,00;13,45;0,00;20,18;8,41;11,77;11,77;0,00;0,00;4,35;15,24;0,00;12,00;24,00;4,00;8,00;8,00;4,00;4,00;4,00;4,00;0,00;4,00;4,00;8,00;0,00;4,00;4,00;4,00;4,00;0,00;0,00;0,00;0,00;0,00;0,00;4,00;4,00;0,00;0,00;0,00;0,00
2022-05-15;11,00;3,67;0,00;3,67;0,00;11,00;3,14;17,29;0,00;0,00;0,00;0,00;19,80;8,00;11,00;11,00;11,00;4,00;0,00;11,00;4,00;0,00;0,00;0,00;0,00;4,00;0,00;0,00;7,00;4,00;0,00;4,00;0,00;4,00;4,00;4,00;0,00;0,00;0,00;0,00;0,00;0,00;4,00;0,00
2022-05-22;41,00;0,00;6,83;17,08;17,08;0,00;8,54;15,38;0,00;8,63;4,32;4,32;32,37;8,00;12,00;8,00;16,00;8,00;0,00;16,00;0,00;0,00;0,00;4,00;4,00;4,00;8,00;0,00;0,00;0,00;4,00;0,00;0,00;0,00;8,00;0,00;4,00;0,00;4,00;0,00;4,00;0,00;0,00;0,00
2022-05-29;27,00;6,75;20,25;0,00;27,00;11,81;8,44;11,81;3,38;0,00;11,25;4,50;15,75;11,00;8,00;4,00;8,00;15,00;0,00;12,00;8,00;0,00;0,00;4,00;4,00;0,00;0,00;0,00;0,00;4,00;4,00;0,00;0,00;0,00;0,00;4,00;4,00;4,00;0,00;0,00;0,00;0,00;0,00;0,00
2022-06-05;28,00;7,00;21,00;21,00;0,00;3,50;17,50;15,75;8,75;4,31;0,00;4,31;19,38;8,00;4,00;4,00;8,00;20,00;12,00;20,00;16,00;4,00;0,00;12,00;0,00;0,00;8,00;4,00;0,00;0,00;4,00;0,00;4,00;4,00;0,00;0,00;0,00;0,00;4,00;8,00;0,00;0,00;0,00;0,00
2022-06-12;37,00;6,73;20,18;6,73;6,73;11,77;8,41;16,82;11,77;8,71;0,00;4,35;15,24;4,00;12,00;8,00;12,00;8,00;8,00;21,00;4,00;0,00;8,00;4,00;0,00;12,00;16,00;4,00;8,00;0,00;4,00;0,00;4,00;4,00;0,00;8,00;0,00;0,00;0,00;0,00;0,00;0,00;0,00;0,00
2022-06-19;49,00;0,00;6,53;13,07;6,53;20,28;8,45;8,45;8,45;4,45;8,91;0,00;15,59;12,00;16,00;4,00;16,00;12,00;8,00;20,00;16,00;4,00;0,00;12,00;0,00;0,00;4,00;0,00;4,00;0,00;4,00;0,00;0,00;8,00;4,00;4,00;0,00;0,00;0,00;4,00;0,00;0,00;0,00;0,00
2022-06-26;43,00;13,23;9,92;16,54;19,85;13,76;8,60;17,20;8,60;4,30;4,30;12,90;17,20;13,00;13,00;26,00;21,00;13,00;17,00;17,00;13,00;0,00;4,00;13,00;0,00;13,00;21,00;0,00;0,00;8,00;0,00;5,00;4,00;4,00;0,00;8,00;0,00;0,00;0,00;0,00;0,00;0,00;0,00;0,00
2022-07-03;77,00;13,39;26,78;23,43;13,39;22,24;5,13;39,36;5,13;0,00;0,00;0,00;22,00;4,00;13,00;4,00;40,00;27,00;4,00;36,00;0,00;4,00;4,00;4,00;0,00;9,00;9,00;4,00;0,00;4,00;0,00;5,00;0,00;4,00;4,00;4,00;0,00;0,00;0,00;4,00;0,00;0,00;0,00;0,00
2022-07-10;49,00;16,33;225,40;16,33;9,80;10,14;16,90;37,17;21,97;4,45;22,27;4,45;33,41;0,00;16,00;21,00;16,00;37,00;27,00;37,00;0,00;0,00;0,00;16,00;0,00;16,00;16,00;11,00;11,00;5,00;21,00;6,00;5,00;5,00;0,00;11,00;0,00;5,00;5,00;0,00;0,00;0,00;0,00;0,00
