Semaine;Chamonix (FR);Barèges (FR);La Mongie (FR);Peyragudes (FR);Sestriere (IT);Gstaad (CH);Font Romeu (FR);St Lary (FR);Garmisch (DE);Schladming (AT);Grand Bornand (FR);Brixental (AT);Val d Isère (FR);Megève (FR);Kitzbuhel (AT);Vars (FR);Serre Chevalier (FR);Samoëns (FR);Valloire (FR);Méribel (FR);Val Cenis (FR);Courchevel (FR);Mayrhofen (AT);Val Gardena (IT);Morzine (FR);Châtel (FR);St Moritz (DE);Les Gets (FR);Flachau (AT);La Clusaz (FR);Verbier (CH);Zillertal (AT);Avoriaz (FR);La Plagne (FR);Sankt Anton (AT);Zermatt (CH);Tignes (FR);Les Arcs (FR);Saalbach (AT);Les Ménuires (FR);Val Thorens (FR);Alpe d Huez (FR);Les Deux Alpes (FR);Ischgl (AT)
2019-01-06;29,00;0,00;0,00;0,00;0,00;0,00;0,00;0,00;0,00;0,00;0,00;0,00;19,00;5,00;5,00;0,00;0,00;0,00;0,00;9,00;0,00;0,00;0,00;0,00;5,00;0,00;23,00;0,00;0,00;0,00;9,00;0,00;18,00;0,00;28,00;46,00;9,00;9,00;9,00;0,00;0,00;0,00;0,00;0,00
2019-01-13;100,00;0,00;0,00;0,00;0,00;0,00;0,00;0,00;0,00;0,00;0,00;0,00;5,00;5,00;0,00;0,00;0,00;0,00;0,00;5,00;0,00;14,00;0,00;0,00;0,00;0,00;18,00;0,00;0,00;4,00;9,00;0,00;4,00;4,00;14,00;50,00;4,00;13,00;5,00;4,00;14,00;9,00;4,00;0,00
2019-01-20;98,00;0,00;0,00;0,00;5,00;0,00;0,00;0,00;5,00;0,00;0,00;0,00;9,00;0,00;4,00;4,00;0,00;0,00;4,00;4,00;0,00;13,00;0,00;0,00;0,00;0,00;22,00;0,00;0,00;0,00;4,00;0,00;0,00;9,00;13,00;40,00;18,00;4,00;9,00;9,00;18,00;13,00;0,00;0,00
2019-01-27;47,00;0,00;0,00;0,00;0,00;0,00;5,00;0,00;0,00;0,00;5,00;0,00;0,00;5,00;14,00;0,00;4,00;0,00;0,00;9,00;0,00;23,00;4,00;0,00;0,00;0,00;9,00;0,00;9,00;4,00;27,00;4,00;4,00;4,00;9,00;68,00;0,00;4,00;9,00;0,00;4,00;0,00;9,00;0,00
2019-02-03;41,00;0,00;0,00;0,00;4,00;0,00;0,00;0,00;4,00;0,00;0,00;0,00;9,00;4,00;4,00;0,00;0,00;0,00;0,00;9,00;0,00;4,00;4,00;4,00;0,00;0,00;22,00;0,00;0,00;4,00;4,00;0,00;0,00;0,00;9,00;39,00;17,00;4,00;0,00;9,00;9,00;9,00;0,00;0,00
2019-02-10;42,00;0,00;0,00;5,00;0,00;5,00;0,00;0,00;0,00;5,00;0,00;0,00;9,00;0,00;0,00;0,00;4,00;22,00;9,00;4,00;0,00;13,00;0,00;0,00;4,00;0,00;14,00;4,00;0,00;4,00;18,00;4,00;4,00;0,00;4,00;27,00;4,00;0,00;9,00;0,00;0,00;13,00;0,00;4,00
2019-02-17;39,00;0,00;0,00;0,00;5,00;5,00;5,00;0,00;5,00;5,00;5,00;0,00;19,00;0,00;0,00;0,00;0,00;5,00;0,00;0,00;0,00;14,00;0,00;0,00;0,00;0,00;9,00;0,00;0,00;0,00;9,00;9,00;0,00;0,00;5,00;33,00;0,00;5,00;5,00;5,00;9,00;9,00;0,00;9,00
2019-02-24;32,00;0,00;0,00;0,00;0,00;0,00;0,00;0,00;0,00;0,00;0,00;0,00;13,00;0,00;0,00;0,00;0,00;0,00;0,00;4,00;0,00;4,00;4,00;4,00;0,00;0,00;36,00;0,00;0,00;4,00;18,00;0,00;0,00;0,00;13,00;36,00;17,00;9,00;4,00;0,00;18,00;4,00;0,00;0,00
2019-03-03;42,00;0,00;0,00;0,00;0,00;5,00;5,00;0,00;0,00;5,00;5,00;0,00;9,00;0,00;0,00;0,00;4,00;0,00;0,00;0,00;0,00;9,00;0,00;0,00;4,00;0,00;23,00;9,00;0,00;0,00;22,00;4,00;4,00;0,00;14,00;18,00;4,00;0,00;4,00;0,00;9,00;18,00;0,00;0,00
2019-03-10;68,00;0,00;0,00;0,00;5,00;0,00;0,00;0,00;5,00;0,00;0,00;0,00;14,00;0,00;5,00;5,00;0,00;0,00;0,00;0,00;0,00;9,00;0,00;0,00;9,00;0,00;9,00;5,00;9,00;0,00;9,00;5,00;9,00;5,00;19,00;47,00;0,00;5,00;19,00;5,00;18,00;23,00;5,00;0,00
2019-03-17;44,00;0,00;0,00;0,00;0,00;0,00;0,00;0,00;0,00;0,00;0,00;0,00;5,00;0,00;0,00;0,00;0,00;0,00;0,00;9,00;0,00;14,00;5,00;0,00;5,00;0,00;14,00;5,00;5,00;0,00;23,00;0,00;0,00;0,00;14,00;42,00;14,00;9,00;0,00;0,00;9,00;0,00;5,00;0,00
2019-03-24;82,00;0,00;0,00;0,00;0,00;0,00;0,00;0,00;0,00;0,00;0,00;0,00;5,00;0,00;0,00;0,00;0,00;0,00;5,00;0,00;0,00;5,00;0,00;0,00;0,00;9,00;37,00;5,00;0,00;0,00;9,00;5,00;0,00;0,00;0,00;32,00;14,00;0,00;5,00;0,00;0,00;14,00;5,00;5,00
2019-03-31;19,00;0,00;0,00;0,00;0,00;0,00;0,00;0,00;0,00;0,00;0,00;0,00;5,00;0,00;0,00;0,00;0,00;5,00;0,00;0,00;0,00;0,00;5,00;0,00;0,00;0,00;23,00;0,00;5,00;5,00;5,00;9,00;0,00;0,00;5,00;51,00;0,00;9,00;5,00;0,00;5,00;5,00;0,00;0,00
2019-04-07;28,00;0,00;0,00;0,00;5,00;0,00;0,00;0,00;5,00;0,00;0,00;0,00;0,00;0,00;4,00;0,00;0,00;0,00;0,00;0,00;0,00;0,00;0,00;0,00;9,00;0,00;23,00;0,00;0,00;4,00;4,00;0,00;0,00;0,00;4,00;27,00;4,00;4,00;4,00;4,00;9,00;0,00;0,00;9,00
2019-04-14;43,00;0,00;0,00;0,00;0,00;0,00;0,00;0,00;0,00;0,00;0,00;0,00;5,00;0,00;14,00;0,00;0,00;0,00;0,00;0,00;0,00;0,00;5,00;5,00;5,00;0,00;5,00;0,00;0,00;0,00;5,00;9,00;0,00;0,00;5,00;37,00;0,00;0,00;14,00;0,00;5,00;9,00;0,00;9,00
2019-04-21;24,00;0,00;0,00;0,00;5,00;0,00;5,00;0,00;5,00;0,00;5,00;0,00;14,00;0,00;5,00;0,00;0,00;0,00;5,00;14,00;0,00;9,00;0,00;0,00;5,00;0,00;23,00;0,00;0,00;4,00;0,00;5,00;0,00;0,00;5,00;27,00;0,00;0,00;5,00;0,00;5,00;9,00;0,00;0,00
2019-04-28;29,00;0,00;0,00;0,00;0,00;0,00;0,00;0,00;0,00;0,00;0,00;0,00;5,00;0,00;0,00;0,00;0,00;0,00;0,00;5,00;0,00;0,00;0,00;0,00;0,00;0,00;18,00;0,00;5,00;0,00;5,00;0,00;0,00;0,00;0,00;28,00;0,00;0,00;9,00;0,00;5,00;4,00;0,00;0,00
2019-05-05;34,00;0,00;0,00;0,00;0,00;0,00;0,00;0,00;0,00;0,00;0,00;0,00;5,00;0,00;0,00;0,00;5,00;0,00;0,00;0,00;0,00;0,00;0,00;0,00;0,00;0,00;18,00;0,00;0,00;0,00;0,00;0,00;0,00;0,00;5,00;9,00;0,00;0,00;5,00;0,00;0,00;9,00;0,00;0,00
2019-05-12;39,00;0,00;0,00;0,00;0,00;0,00;0,00;0,00;0,00;0,00;0,00;0,00;0,00;9,00;5,00;0,00;5,00;0,00;0,00;0,00;0,00;0,00;0,00;0,00;5,00;0,00;19,00;0,00;0,00;0,00;14,00;5,00;0,00;0,00;5,00;19,00;5,00;0,00;14,00;0,00;0,00;0,00;0,00;0,00
2019-05-19;39,00;0,00;0,00;0,00;0,00;0,00;0,00;0,00;0,00;0,00;0,00;0,00;5,00;0,00;5,00;0,00;5,00;5,00;0,00;5,00;0,00;0,00;5,00;0,00;0,00;0,00;28,00;0,00;0,00;0,00;9,00;5,00;0,00;0,00;9,00;37,00;9,00;0,00;5,00;5,00;0,00;5,00;0,00;0,00
2019-05-26;38,00;0,00;0,00;0,00;0,00;0,00;0,00;0,00;0,00;0,00;0,00;0,00;5,00;5,00;0,00;0,00;0,00;4,00;0,00;4,00;0,00;9,00;4,00;4,00;0,00;0,00;27,00;0,00;4,00;4,00;9,00;9,00;0,00;0,00;0,00;50,00;13,00;0,00;4,00;0,00;4,00;0,00;0,00;0,00
2019-06-02;46,00;0,00;0,00;0,00;0,00;0,00;0,00;0,00;0,00;0,00;0,00;0,00;13,00;0,00;0,00;0,00;0,00;0,00;0,00;0,00;0,00;0,00;0,00;0,00;4,00;0,00;22,00;4,00;0,00;4,00;4,00;4,00;0,00;0,00;4,00;13,00;0,00;9,00;0,00;0,00;0,00;0,00;4,00;0,00
2019-06-09;46,00;0,00;0,00;4,00;0,00;4,00;0,00;4,00;0,00;4,00;0,00;4,00;4,00;0,00;4,00;4,00;0,00;0,00;0,00;0,00;0,00;0,00;4,00;0,00;4,00;0,00;18,00;0,00;0,00;0,00;0,00;17,00;0,00;4,00;0,00;18,00;4,00;0,00;4,00;0,00;4,00;17,00;4,00;0,00
2019-06-16;24,00;0,00;0,00;0,00;5,00;5,00;0,00;0,00;5,00;5,00;0,00;0,00;0,00;5,00;5,00;0,00;5,00;0,00;0,00;0,00;0,00;0,00;0,00;0,00;0,00;0,00;14,00;5,00;0,00;4,00;9,00;0,00;4,00;0,00;5,00;18,00;0,00;4,00;0,00;0,00;0,00;0,00;0,00;4,00
2019-06-23;84,00;0,00;0,00;0,00;0,00;0,00;0,00;0,00;0,00;0,00;0,00;0,00;5,00;0,00;0,00;0,00;0,00;5,00;0,00;0,00;0,00;0,00;0,00;0,00;0,00;0,00;29,00;0,00;0,00;5,00;0,00;5,00;0,00;0,00;14,00;19,00;5,00;0,00;5,00;0,00;5,00;9,00;23,00;0,00
2019-06-30;50,00;0,00;0,00;0,00;0,00;0,00;0,00;0,00;0,00;0,00;0,00;0,00;5,00;0,00;5,00;0,00;0,00;0,00;0,00;0,00;0,00;0,00;0,00;0,00;0,00;0,00;24,00;0,00;0,00;0,00;9,00;5,00;0,00;5,00;5,00;38,00;0,00;0,00;9,00;5,00;5,00;5,00;9,00;0,00
2019-07-07;34,00;0,00;0,00;0,00;0,00;0,00;0,00;5,00;0,00;0,00;0,00;5,00;5,00;0,00;0,00;0,00;0,00;0,00;0,00;0,00;0,00;5,00;0,00;5,00;5,00;5,00;28,00;18,00;0,00;0,00;5,00;5,00;0,00;0,00;5,00;9,00;14,00;0,00;5,00;5,00;14,00;0,00;5,00;5,00
2019-07-14;44,00;0,00;5,00;0,00;5,00;0,00;0,00;0,00;5,00;0,00;0,00;0,00;9,00;0,00;0,00;0,00;0,00;5,00;0,00;5,00;0,00;0,00;0,00;0,00;0,00;0,00;37,00;18,00;0,00;5,00;0,00;5,00;5,00;0,00;5,00;23,00;0,00;0,00;9,00;5,00;5,00;0,00;0,00;0,00
2019-07-21;67,00;0,00;0,00;0,00;5,00;5,00;0,00;0,00;5,00;5,00;0,00;0,00;10,00;0,00;10,00;0,00;0,00;0,00;5,00;0,00;0,00;5,00;0,00;0,00;5,00;0,00;10,00;10,00;0,00;0,00;5,00;5,00;0,00;0,00;0,00;30,00;0,00;0,00;15,00;0,00;15,00;15,00;0,00;0,00
2019-07-28;41,00;0,00;0,00;0,00;0,00;0,00;0,00;0,00;0,00;0,00;0,00;0,00;0,00;5,00;0,00;0,00;0,00;0,00;0,00;0,00;0,00;0,00;0,00;0,00;5,00;0,00;10,00;0,00;0,00;0,00;5,00;0,00;0,00;0,00;0,00;20,00;0,00;5,00;10,00;0,00;0,00;0,00;0,00;10,00
2019-08-04;66,00;0,00;0,00;0,00;0,00;5,00;5,00;0,00;0,00;5,00;5,00;0,00;10,00;10,00;0,00;0,00;0,00;0,00;0,00;0,00;0,00;0,00;0,00;0,00;0,00;0,00;10,00;0,00;0,00;0,00;0,00;0,00;0,00;0,00;5,00;44,00;0,00;5,00;5,00;5,00;5,00;10,00;5,00;5,00
2019-08-11;39,00;0,00;5,00;0,00;0,00;5,00;0,00;0,00;0,00;5,00;0,00;0,00;9,00;5,00;0,00;5,00;0,00;0,00;0,00;0,00;0,00;5,00;0,00;0,00;5,00;9,00;23,00;0,00;0,00;0,00;5,00;0,00;5,00;5,00;9,00;42,00;18,00;0,00;14,00;5,00;0,00;18,00;0,00;5,00
2019-08-18;24,00;0,00;0,00;0,00;0,00;0,00;0,00;0,00;0,00;0,00;0,00;0,00;14,00;0,00;14,00;5,00;0,00;5,00;0,00;5,00;0,00;0,00;0,00;0,00;5,00;0,00;5,00;0,00;0,00;0,00;9,00;0,00;5,00;0,00;9,00;14,00;5,00;5,00;5,00;9,00;9,00;5,00;5,00;0,00
2019-08-25;34,00;0,00;0,00;0,00;0,00;0,00;5,00;0,00;0,00;0,00;5,00;0,00;5,00;5,00;0,00;5,00;0,00;0,00;0,00;5,00;0,00;0,00;0,00;5,00;0,00;0,00;23,00;0,00;0,00;5,00;0,00;5,00;0,00;0,00;9,00;32,00;5,00;5,00;9,00;14,00;5,00;0,00;5,00;0,00
2019-09-01;41,00;0,00;0,00;0,00;0,00;4,00;0,00;0,00;0,00;4,00;0,00;0,00;13,00;4,00;0,00;0,00;0,00;0,00;0,00;4,00;0,00;13,00;4,00;4,00;9,00;0,00;18,00;0,00;0,00;0,00;13,00;9,00;0,00;0,00;0,00;27,00;4,00;0,00;13,00;0,00;0,00;0,00;0,00;0,00
2019-09-08;22,00;0,00;0,00;0,00;0,00;0,00;0,00;0,00;0,00;0,00;0,00;0,00;4,00;0,00;0,00;0,00;0,00;4,00;0,00;0,00;0,00;4,00;0,00;0,00;4,00;0,00;13,00;0,00;0,00;4,00;4,00;8,00;0,00;0,00;13,00;30,00;4,00;8,00;17,00;0,00;4,00;0,00;0,00;8,00
2019-09-15;40,00;0,00;0,00;0,00;0,00;9,00;0,00;0,00;0,00;9,00;0,00;0,00;4,00;0,00;0,00;4,00;0,00;0,00;0,00;9,00;0,00;0,00;0,00;0,00;21,00;8,00;26,00;0,00;0,00;0,00;4,00;8,00;0,00;0,00;13,00;34,00;4,00;0,00;30,00;4,00;0,00;13,00;4,00;13,00
2019-09-22;18,00;0,00;0,00;0,00;4,00;0,00;0,00;0,00;4,00;0,00;0,00;0,00;4,00;0,00;21,00;0,00;0,00;0,00;0,00;0,00;0,00;0,00;4,00;0,00;0,00;4,00;34,00;0,00;0,00;0,00;13,00;4,00;4,00;4,00;4,00;30,00;4,00;8,00;8,00;4,00;8,00;4,00;4,00;13,00
2019-09-29;31,00;0,00;0,00;0,00;0,00;0,00;9,00;0,00;0,00;0,00;9,00;0,00;13,00;0,00;0,00;0,00;0,00;0,00;0,00;0,00;0,00;0,00;4,00;4,00;8,00;0,00;8,00;0,00;4,00;8,00;13,00;4,00;0,00;8,00;13,00;17,00;8,00;4,00;8,00;0,00;8,00;8,00;0,00;0,00
2019-10-06;27,00;0,00;0,00;0,00;0,00;0,00;0,00;0,00;0,00;0,00;0,00;0,00;0,00;4,00;13,00;0,00;0,00;0,00;0,00;0,00;4,00;4,00;0,00;0,00;17,00;0,00;9,00;0,00;0,00;4,00;4,00;4,00;0,00;4,00;17,00;17,00;4,00;4,00;21,00;0,00;8,00;13,00;0,00;0,00
2019-10-13;37,00;0,00;0,00;4,00;9,00;4,00;4,00;0,00;9,00;4,00;4,00;0,00;4,00;4,00;0,00;0,00;0,00;0,00;0,00;13,00;0,00;4,00;4,00;0,00;17,00;0,00;22,00;4,00;4,00;0,00;9,00;4,00;4,00;4,00;26,00;22,00;4,00;0,00;22,00;9,00;4,00;9,00;4,00;9,00
2019-10-20;51,00;0,00;4,00;0,00;0,00;0,00;4,00;0,00;0,00;0,00;4,00;0,00;0,00;4,00;16,00;4,00;0,00;0,00;0,00;8,00;0,00;0,00;0,00;0,00;12,00;0,00;8,00;0,00;0,00;0,00;4,00;12,00;4,00;0,00;16,00;12,00;8,00;0,00;0,00;0,00;8,00;4,00;0,00;8,00
2019-10-27;36,00;0,00;0,00;0,00;0,00;4,00;0,00;0,00;0,00;4,00;0,00;0,00;0,00;4,00;4,00;4,00;0,00;0,00;0,00;4,00;0,00;4,00;0,00;0,00;13,00;0,00;26,00;0,00;0,00;4,00;0,00;4,00;4,00;0,00;4,00;21,00;4,00;8,00;0,00;0,00;0,00;8,00;0,00;0,00
2019-11-03;43,00;0,00;4,00;0,00;0,00;0,00;4,00;0,00;0,00;0,00;4,00;0,00;4,00;0,00;8,00;0,00;0,00;0,00;0,00;0,00;0,00;4,00;4,00;0,00;8,00;0,00;12,00;0,00;4,00;0,00;8,00;4,00;4,00;0,00;8,00;21,00;4,00;0,00;4,00;4,00;16,00;4,00;0,00;4,00
2019-11-10;43,00;0,00;0,00;0,00;0,00;4,00;0,00;0,00;0,00;4,00;0,00;0,00;8,00;0,00;0,00;4,00;0,00;4,00;0,00;8,00;0,00;8,00;4,00;0,00;8,00;0,00;37,00;0,00;0,00;0,00;12,00;0,00;12,00;4,00;12,00;45,00;4,00;0,00;4,00;0,00;4,00;4,00;0,00;4,00
2019-11-17;43,00;0,00;0,00;0,00;0,00;4,00;4,00;0,00;0,00;4,00;4,00;0,00;4,00;0,00;4,00;0,00;4,00;0,00;0,00;0,00;0,00;0,00;0,00;0,00;12,00;0,00;17,00;8,00;0,00;0,00;4,00;8,00;16,00;0,00;4,00;37,00;4,00;0,00;29,00;0,00;8,00;4,00;0,00;4,00
2019-11-24;51,00;0,00;0,00;0,00;0,00;0,00;0,00;0,00;0,00;0,00;0,00;0,00;0,00;0,00;4,00;4,00;0,00;0,00;0,00;8,00;0,00;0,00;8,00;0,00;4,00;4,00;4,00;0,00;0,00;0,00;16,00;0,00;4,00;0,00;12,00;24,00;8,00;4,00;20,00;0,00;8,00;4,00;4,00;0,00
2019-12-01;60,00;0,00;0,00;0,00;0,00;0,00;0,00;0,00;0,00;0,00;0,00;0,00;4,00;4,00;0,00;0,00;0,00;8,00;0,00;8,00;0,00;4,00;4,00;0,00;4,00;0,00;29,00;0,00;4,00;4,00;8,00;12,00;4,00;0,00;8,00;41,00;8,00;4,00;20,00;8,00;4,00;12,00;4,00;0,00
2019-12-08;27,00;0,00;0,00;0,00;4,00;4,00;0,00;0,00;4,00;4,00;0,00;0,00;4,00;4,00;4,00;0,00;0,00;4,00;0,00;17,00;0,00;0,00;0,00;0,00;4,00;0,00;17,00;8,00;0,00;8,00;4,00;17,00;4,00;4,00;17,00;34,00;0,00;4,00;4,00;4,00;8,00;8,00;0,00;8,00
2019-12-15;55,00;0,00;0,00;0,00;0,00;0,00;0,00;0,00;0,00;0,00;0,00;0,00;18,00;0,00;0,00;0,00;0,00;0,00;0,00;13,00;0,00;0,00;0,00;4,00;4,00;0,00;13,00;0,00;0,00;0,00;9,00;9,00;0,00;0,00;13,00;75,00;4,00;0,00;9,00;9,00;4,00;13,00;0,00;4,00
2019-12-22;45,00;0,00;5,00;0,00;5,00;0,00;0,00;0,00;5,00;0,00;0,00;0,00;10,00;5,00;5,00;0,00;0,00;9,00;0,00;5,00;0,00;14,00;5,00;0,00;0,00;0,00;34,00;0,00;5,00;9,00;14,00;24,00;14,00;5,00;19,00;53,00;9,00;9,00;33,00;5,00;19,00;28,00;0,00;19,00
2019-12-29;69,00;0,00;0,00;0,00;5,00;5,00;0,00;0,00;5,00;5,00;0,00;0,00;9,00;4,00;4,00;4,00;0,00;0,00;0,00;4,00;0,00;4,00;4,00;0,00;9,00;0,00;40,00;4,00;0,00;4,00;9,00;0,00;9,00;4,00;18,00;53,00;9,00;9,00;22,00;0,00;26,00;0,00;0,00;9,00
2020-01-05;39,00;0,00;0,00;0,00;0,00;0,00;0,00;0,00;0,00;0,00;0,00;0,00;21,00;8,00;0,00;0,00;0,00;0,00;4,00;8,00;0,00;17,00;0,00;4,00;4,00;0,00;29,00;0,00;0,00;0,00;4,00;4,00;4,00;0,00;33,00;63,00;8,00;0,00;8,00;12,00;16,00;4,00;8,00;0,00
2020-01-12;50,00;0,00;0,00;0,00;0,00;4,00;4,00;0,00;0,00;4,00;4,00;0,00;28,00;8,00;8,00;0,00;8,00;8,00;0,00;12,00;0,00;12,00;4,00;0,00;8,00;8,00;28,00;0,00;0,00;12,00;28,00;4,00;4,00;0,00;24,00;48,00;4,00;8,00;4,00;4,00;16,00;12,00;4,00;4,00
2020-01-19;82,00;0,00;0,00;0,00;0,00;0,00;0,00;0,00;0,00;0,00;0,00;0,00;12,00;12,00;12,00;4,00;8,00;4,00;0,00;16,00;0,00;8,00;8,00;4,00;0,00;4,00;46,00;0,00;4,00;4,00;29,00;0,00;8,00;0,00;41,00;70,00;8,00;4,00;0,00;8,00;16,00;12,00;4,00;16,00
2020-01-26;43,00;0,00;0,00;4,00;4,00;0,00;0,00;0,00;4,00;0,00;0,00;0,00;4,00;0,00;0,00;0,00;0,00;4,00;0,00;8,00;0,00;8,00;0,00;0,00;0,00;4,00;33,00;4,00;0,00;4,00;29,00;0,00;0,00;0,00;21,00;33,00;8,00;4,00;12,00;4,00;20,00;4,00;12,00;4,00
2020-02-02;82,00;0,00;0,00;0,00;4,00;0,00;4,00;0,00;4,00;0,00;4,00;0,00;8,00;4,00;8,00;0,00;0,00;4,00;0,00;8,00;0,00;0,00;0,00;4,00;8,00;0,00;17,00;0,00;0,00;12,00;8,00;8,00;0,00;0,00;17,00;58,00;4,00;4,00;17,00;0,00;8,00;4,00;0,00;0,00
2020-02-09;64,00;0,00;0,00;0,00;0,00;4,00;8,00;0,00;0,00;4,00;8,00;0,00;0,00;4,00;4,00;0,00;4,00;4,00;4,00;4,00;0,00;4,00;0,00;0,00;12,00;4,00;41,00;0,00;4,00;8,00;12,00;4,00;4,00;4,00;16,00;37,00;16,00;12,00;12,00;0,00;16,00;12,00;0,00;4,00
2020-02-16;43,00;0,00;0,00;0,00;4,00;8,00;0,00;0,00;4,00;8,00;0,00;0,00;25,00;0,00;4,00;4,00;0,00;0,00;0,00;0,00;0,00;12,00;0,00;0,00;0,00;0,00;41,00;12,00;0,00;8,00;0,00;0,00;0,00;4,00;12,00;49,00;8,00;12,00;16,00;0,00;4,00;8,00;4,00;4,00
2020-02-23;65,00;0,00;0,00;0,00;0,00;0,00;0,00;0,00;0,00;0,00;0,00;0,00;8,00;4,00;8,00;4,00;0,00;8,00;0,00;12,00;0,00;8,00;0,00;0,00;27,00;0,00;39,00;0,00;0,00;4,00;19,00;0,00;11,00;8,00;12,00;35,00;11,00;8,00;12,00;0,00;4,00;0,00;0,00;0,00
2020-03-01;29,00;0,00;0,00;0,00;0,00;8,00;4,00;0,00;0,00;8,00;4,00;0,00;8,00;4,00;12,00;4,00;0,00;4,00;0,00;12,00;0,00;8,00;4,00;4,00;12,00;4,00;20,00;0,00;0,00;8,00;8,00;4,00;15,00;0,00;8,00;39,00;19,00;12,00;4,00;0,00;19,00;15,00;8,00;8,00
2020-03-08;32,00;0,00;0,00;0,00;4,00;0,00;0,00;4,00;4,00;0,00;0,00;4,00;0,00;0,00;0,00;0,00;0,00;0,00;0,00;15,00;0,00;0,00;4,00;0,00;4,00;0,00;15,00;4,00;4,00;4,00;8,00;0,00;7,00;0,00;8,00;15,00;11,00;0,00;23,00;0,00;15,00;11,00;0,00;11,00
2020-03-15;12,00;0,00;4,00;0,00;0,00;0,00;0,00;0,00;0,00;0,00;0,00;0,00;7,00;0,00;0,00;0,00;0,00;0,00;0,00;0,00;0,00;4,00;0,00;0,00;7,00;0,00;22,00;0,00;4,00;4,00;7,00;0,00;0,00;0,00;0,00;26,00;11,00;0,00;11,00;0,00;0,00;4,00;4,00;4,00
2020-03-22;7,00;0,00;0,00;0,00;0,00;0,00;0,00;0,00;0,00;0,00;0,00;0,00;7,00;4,00;4,00;0,00;4,00;4,00;0,00;4,00;0,00;0,00;0,00;0,00;7,00;0,00;4,00;0,00;4,00;0,00;4,00;3,00;3,00;0,00;7,00;21,00;0,00;0,00;11,00;0,00;3,00;3,00;3,00;24,00
2020-03-29;33,00;0,00;0,00;0,00;0,00;0,00;4,00;0,00;0,00;0,00;4,00;0,00;4,00;4,00;3,00;0,00;0,00;0,00;3,00;0,00;0,00;3,00;3,00;0,00;3,00;3,00;18,00;0,00;3,00;3,00;3,00;3,00;0,00;0,00;10,00;21,00;7,00;0,00;7,00;0,00;10,00;7,00;3,00;7,00
2020-04-05;25,00;0,00;0,00;0,00;0,00;0,00;3,00;0,00;0,00;0,00;3,00;0,00;0,00;0,00;0,00;3,00;3,00;3,00;0,00;0,00;0,00;3,00;0,00;0,00;7,00;0,00;0,00;0,00;3,00;0,00;3,00;3,00;0,00;0,00;0,00;24,00;3,00;7,00;10,00;0,00;7,00;7,00;3,00;3,00
2020-04-12;7,00;0,00;0,00;0,00;4,00;0,00;0,00;0,00;4,00;0,00;0,00;0,00;4,00;3,00;0,00;0,00;0,00;0,00;0,00;0,00;0,00;0,00;0,00;0,00;3,00;3,00;17,00;3,00;0,00;0,00;3,00;0,00;0,00;0,00;0,00;21,00;10,00;0,00;10,00;3,00;7,00;3,00;3,00;7,00
2020-04-19;14,00;0,00;3,00;0,00;0,00;0,00;0,00;0,00;0,00;0,00;0,00;0,00;0,00;0,00;0,00;3,00;0,00;0,00;0,00;0,00;0,00;0,00;0,00;0,00;0,00;0,00;14,00;0,00;0,00;0,00;10,00;3,00;3,00;0,00;10,00;34,00;3,00;3,00;3,00;3,00;0,00;0,00;0,00;7,00
2020-04-26;37,00;0,00;0,00;0,00;0,00;0,00;0,00;0,00;0,00;0,00;0,00;0,00;4,00;0,00;4,00;4,00;0,00;4,00;0,00;4,00;0,00;0,00;0,00;0,00;3,00;0,00;7,00;3,00;0,00;3,00;4,00;0,00;0,00;0,00;4,00;28,00;0,00;0,00;4,00;3,00;14,00;0,00;0,00;0,00
2020-05-03;11,00;0,00;0,00;0,00;0,00;0,00;0,00;0,00;0,00;0,00;0,00;0,00;0,00;0,00;0,00;0,00;0,00;0,00;0,00;0,00;0,00;7,00;0,00;0,00;0,00;0,00;10,00;0,00;0,00;3,00;0,00;0,00;3,00;0,00;3,00;3,00;0,00;3,00;3,00;0,00;0,00;14,00;7,00;3,00
2020-05-10;18,00;0,00;0,00;0,00;0,00;0,00;0,00;0,00;0,00;0,00;0,00;0,00;4,00;4,00;4,00;0,00;0,00;0,00;0,00;0,00;0,00;0,00;0,00;3,00;3,00;3,00;18,00;0,00;4,00;3,00;7,00;7,00;3,00;0,00;4,00;32,00;0,00;0,00;11,00;0,00;3,00;10,00;3,00;7,00
2020-05-17;23,00;0,00;0,00;0,00;0,00;0,00;0,00;0,00;0,00;0,00;0,00;0,00;4,00;0,00;4,00;4,00;0,00;0,00;0,00;0,00;0,00;0,00;0,00;0,00;4,00;11,00;7,00;4,00;0,00;4,00;4,00;0,00;0,00;0,00;15,00;36,00;4,00;0,00;11,00;0,00;4,00;4,00;0,00;4,00
2020-05-24;8,00;0,00;0,00;0,00;0,00;0,00;4,00;0,00;0,00;0,00;4,00;0,00;0,00;0,00;0,00;0,00;0,00;0,00;0,00;0,00;0,00;0,00;0,00;4,00;7,00;4,00;4,00;0,00;4,00;0,00;0,00;4,00;0,00;0,00;7,00;7,00;0,00;0,00;4,00;0,00;0,00;4,00;0,00;4,00
2020-05-31;29,00;0,00;0,00;0,00;4,00;0,00;0,00;0,00;4,00;0,00;0,00;0,00;4,00;3,00;7,00;0,00;0,00;0,00;0,00;0,00;0,00;0,00;0,00;0,00;0,00;0,00;7,00;3,00;0,00;0,00;10,00;7,00;7,00;0,00;3,00;14,00;0,00;3,00;0,00;0,00;7,00;3,00;0,00;3,00
2020-06-07;11,00;0,00;0,00;0,00;4,00;0,00;0,00;0,00;4,00;0,00;0,00;0,00;0,00;4,00;4,00;0,00;0,00;4,00;0,00;0,00;0,00;0,00;0,00;0,00;7,00;4,00;11,00;0,00;0,00;0,00;7,00;0,00;4,00;0,00;4,00;7,00;0,00;0,00;0,00;0,00;4,00;4,00;0,00;4,00
2020-06-14;12,00;0,00;0,00;0,00;0,00;0,00;0,00;0,00;0,00;0,00;0,00;0,00;8,00;0,00;4,00;4,00;0,00;0,00;0,00;4,00;0,00;8,00;4,00;0,00;7,00;4,00;26,00;4,00;0,00;4,00;7,00;0,00;4,00;0,00;8,00;26,00;0,00;0,00;0,00;7,00;7,00;4,00;7,00;0,00
2020-06-21;20,00;0,00;0,00;0,00;4,00;0,00;0,00;0,00;4,00;0,00;0,00;0,00;0,00;0,00;4,00;0,00;0,00;0,00;0,00;4,00;0,00;0,00;0,00;0,00;4,00;0,00;12,00;0,00;0,00;0,00;11,00;0,00;0,00;0,00;4,00;19,00;0,00;4,00;0,00;0,00;4,00;11,00;4,00;4,00
2020-06-28;16,00;0,00;0,00;0,00;0,00;0,00;0,00;0,00;0,00;0,00;0,00;0,00;0,00;0,00;4,00;0,00;0,00;4,00;0,00;0,00;0,00;4,00;0,00;0,00;0,00;0,00;8,00;0,00;0,00;0,00;4,00;8,00;0,00;0,00;4,00;20,00;4,00;0,00;4,00;0,00;12,00;8,00;0,00;4,00
2020-07-05;16,00;0,00;0,00;0,00;0,00;0,00;0,00;0,00;0,00;0,00;0,00;0,00;4,00;4,00;0,00;0,00;0,00;0,00;0,00;0,00;0,00;0,00;4,00;0,00;0,00;4,00;16,00;0,00;4,00;0,00;12,00;0,00;0,00;0,00;4,00;16,00;0,00;0,00;12,00;0,00;8,00;4,00;0,00;4,00
2020-07-12;34,00;0,00;0,00;0,00;0,00;0,00;4,00;0,00;0,00;0,00;4,00;0,00;0,00;0,00;8,00;0,00;0,00;4,00;0,00;0,00;0,00;4,00;0,00;0,00;0,00;12,00;8,00;4,00;8,00;0,00;16,00;8,00;4,00;0,00;12,00;16,00;0,00;0,00;8,00;0,00;0,00;0,00;4,00;8,00
2020-07-19;26,00;0,00;0,00;0,00;0,00;0,00;0,00;0,00;0,00;0,00;0,00;0,00;0,00;4,00;0,00;0,00;0,00;0,00;0,00;0,00;0,00;0,00;0,00;0,00;4,00;4,00;12,00;0,00;0,00;0,00;16,00;0,00;8,00;0,00;4,00;41,00;8,00;4,00;8,00;0,00;4,00;4,00;0,00;8,00
2020-07-26;21,00;0,00;0,00;0,00;0,00;0,00;4,00;0,00;0,00;0,00;4,00;0,00;0,00;4,00;0,00;4,00;0,00;4,00;0,00;0,00;0,00;4,00;0,00;0,00;0,00;4,00;4,00;0,00;4,00;0,00;8,00;4,00;0,00;4,00;4,00;21,00;4,00;0,00;0,00;0,00;0,00;0,00;0,00;8,00
2020-08-02;13,00;0,00;0,00;0,00;4,00;4,00;0,00;0,00;4,00;4,00;0,00;0,00;8,00;4,00;0,00;0,00;0,00;0,00;4,00;0,00;0,00;0,00;0,00;0,00;12,00;0,00;8,00;4,00;4,00;4,00;8,00;4,00;4,00;0,00;0,00;41,00;12,00;0,00;12,00;0,00;8,00;0,00;0,00;8,00
2020-08-09;25,00;0,00;0,00;0,00;0,00;0,00;4,00;0,00;0,00;0,00;4,00;0,00;4,00;0,00;4,00;0,00;0,00;4,00;0,00;0,00;0,00;0,00;4,00;0,00;0,00;0,00;12,00;4,00;4,00;0,00;0,00;16,00;0,00;4,00;0,00;12,00;0,00;4,00;8,00;8,00;4,00;4,00;0,00;4,00
2020-08-16;21,00;0,00;0,00;0,00;4,00;0,00;0,00;0,00;4,00;0,00;0,00;0,00;8,00;0,00;4,00;0,00;0,00;4,00;0,00;0,00;0,00;0,00;0,00;0,00;0,00;8,00;4,00;0,00;4,00;4,00;8,00;0,00;8,00;0,00;8,00;16,00;4,00;0,00;16,00;0,00;0,00;0,00;4,00;4,00
2020-08-23;25,00;0,00;0,00;0,00;0,00;0,00;4,00;0,00;0,00;0,00;4,00;0,00;12,00;12,00;0,00;0,00;0,00;0,00;0,00;0,00;0,00;8,00;4,00;0,00;12,00;8,00;8,00;4,00;4,00;4,00;8,00;0,00;0,00;4,00;12,00;20,00;0,00;8,00;4,00;0,00;8,00;0,00;0,00;8,00
2020-08-30;33,00;0,00;0,00;0,00;0,00;0,00;0,00;0,00;0,00;0,00;0,00;0,00;0,00;0,00;8,00;0,00;4,00;0,00;0,00;0,00;0,00;0,00;8,00;0,00;4,00;0,00;8,00;0,00;0,00;0,00;0,00;4,00;0,00;0,00;12,00;32,00;8,00;0,00;8,00;4,00;4,00;0,00;0,00;8,00
2020-09-06;29,00;0,00;0,00;0,00;0,00;0,00;0,00;0,00;0,00;0,00;0,00;0,00;0,00;0,00;0,00;0,00;0,00;0,00;0,00;0,00;0,00;4,00;0,00;0,00;8,00;4,00;24,00;0,00;0,00;0,00;24,00;8,00;8,00;0,00;4,00;16,00;8,00;0,00;20,00;0,00;8,00;0,00;0,00;8,00
2020-09-13;24,00;0,00;0,00;0,00;8,00;0,00;4,00;0,00;8,00;0,00;4,00;0,00;0,00;0,00;0,00;0,00;0,00;4,00;0,00;8,00;0,00;0,00;4,00;0,00;0,00;0,00;4,00;4,00;0,00;4,00;4,00;0,00;0,00;0,00;12,00;27,00;0,00;0,00;19,00;0,00;0,00;4,00;12,00;8,00
2020-09-20;29,00;0,00;0,00;0,00;0,00;0,00;4,00;0,00;0,00;0,00;4,00;0,00;8,00;8,00;0,00;0,00;0,00;0,00;0,00;0,00;0,00;4,00;0,00;0,00;4,00;0,00;4,00;12,00;0,00;4,00;8,00;0,00;0,00;0,00;4,00;16,00;0,00;0,00;12,00;0,00;0,00;0,00;4,00;8,00
2020-09-27;4,00;0,00;0,00;0,00;0,00;4,00;0,00;0,00;0,00;4,00;0,00;0,00;0,00;0,00;4,00;0,00;0,00;0,00;0,00;8,00;0,00;8,00;0,00;0,00;8,00;0,00;12,00;0,00;0,00;0,00;16,00;8,00;0,00;0,00;0,00;8,00;4,00;8,00;8,00;0,00;4,00;0,00;0,00;0,00
2020-10-04;17,00;0,00;0,00;0,00;0,00;0,00;4,00;0,00;0,00;0,00;4,00;0,00;4,00;4,00;0,00;0,00;0,00;0,00;0,00;4,00;0,00;0,00;0,00;0,00;4,00;12,00;12,00;4,00;8,00;0,00;0,00;0,00;0,00;0,00;4,00;16,00;0,00;0,00;4,00;0,00;4,00;0,00;0,00;8,00
2020-10-11;33,00;0,00;0,00;0,00;0,00;0,00;0,00;0,00;0,00;0,00;0,00;0,00;9,00;13,00;0,00;0,00;4,00;4,00;0,00;0,00;0,00;0,00;0,00;0,00;4,00;0,00;22,00;4,00;0,00;4,00;9,00;0,00;0,00;0,00;9,00;18,00;4,00;0,00;4,00;0,00;0,00;4,00;0,00;4,00
2020-10-18;18,00;0,00;0,00;0,00;0,00;0,00;4,00;0,00;0,00;0,00;4,00;0,00;0,00;0,00;4,00;0,00;0,00;0,00;0,00;0,00;0,00;4,00;0,00;0,00;4,00;0,00;0,00;4,00;0,00;8,00;0,00;0,00;4,00;4,00;0,00;31,00;0,00;0,00;9,00;4,00;13,00;4,00;0,00;13,00
2020-10-25;9,00;0,00;0,00;0,00;0,00;0,00;0,00;0,00;0,00;0,00;0,00;0,00;4,00;4,00;0,00;0,00;0,00;0,00;4,00;0,00;0,00;0,00;9,00;0,00;0,00;0,00;13,00;0,00;0,00;0,00;13,00;0,00;0,00;0,00;4,00;26,00;0,00;0,00;4,00;0,00;0,00;13,00;0,00;17,00
2020-11-01;8,00;0,00;0,00;0,00;4,00;0,00;0,00;0,00;4,00;0,00;0,00;0,00;4,00;0,00;4,00;4,00;0,00;4,00;0,00;4,00;0,00;0,00;0,00;0,00;0,00;4,00;12,00;0,00;4,00;0,00;8,00;4,00;0,00;4,00;0,00;16,00;4,00;4,00;15,00;0,00;19,00;4,00;4,00;8,00
2020-11-08;35,00;0,00;0,00;0,00;0,00;0,00;4,00;0,00;0,00;0,00;4,00;0,00;8,00;4,00;0,00;0,00;0,00;0,00;0,00;0,00;0,00;8,00;0,00;0,00;4,00;0,00;8,00;0,00;0,00;0,00;8,00;4,00;0,00;0,00;17,00;13,00;4,00;0,00;4,00;4,00;12,00;8,00;0,00;0,00
2020-11-15;13,00;0,00;0,00;0,00;0,00;4,00;0,00;0,00;0,00;4,00;0,00;0,00;0,00;4,00;0,00;4,00;0,00;0,00;0,00;0,00;0,00;0,00;0,00;4,00;0,00;0,00;13,00;4,00;0,00;8,00;8,00;4,00;0,00;0,00;0,00;13,00;8,00;0,00;12,00;0,00;0,00;0,00;0,00;4,00
2020-11-22;35,00;0,00;0,00;0,00;4,00;0,00;0,00;0,00;4,00;0,00;0,00;0,00;0,00;0,00;8,00;0,00;0,00;4,00;0,00;0,00;0,00;0,00;0,00;0,00;8,00;4,00;41,00;8,00;0,00;0,00;4,00;0,00;8,00;0,00;16,00;17,00;4,00;0,00;4,00;0,00;4,00;0,00;0,00;0,00
2020-11-29;17,00;0,00;0,00;0,00;0,00;0,00;0,00;0,00;0,00;0,00;0,00;0,00;0,00;0,00;0,00;0,00;0,00;4,00;0,00;0,00;0,00;4,00;0,00;0,00;0,00;4,00;12,00;0,00;4,00;0,00;12,00;0,00;0,00;0,00;0,00;17,00;0,00;0,00;12,00;4,00;12,00;16,00;4,00;8,00
2020-12-06;9,00;4,00;0,00;0,00;0,00;4,00;0,00;0,00;0,00;4,00;0,00;0,00;4,00;0,00;4,00;0,00;0,00;0,00;0,00;4,00;0,00;4,00;0,00;8,00;0,00;0,00;25,00;0,00;0,00;0,00;8,00;4,00;4,00;0,00;4,00;17,00;0,00;4,00;4,00;0,00;4,00;0,00;4,00;16,00
2020-12-13;5,00;0,00;0,00;0,00;0,00;0,00;0,00;0,00;0,00;0,00;0,00;0,00;0,00;0,00;9,00;0,00;0,00;0,00;0,00;4,00;0,00;4,00;0,00;4,00;0,00;0,00;13,00;0,00;8,00;8,00;8,00;0,00;0,00;0,00;8,00;17,00;0,00;8,00;13,00;4,00;0,00;4,00;0,00;4,00
2020-12-20;71,00;0,00;0,00;0,00;0,00;0,00;5,00;0,00;0,00;0,00;5,00;0,00;0,00;0,00;0,00;0,00;0,00;0,00;0,00;0,00;0,00;0,00;4,00;0,00;0,00;4,00;14,00;0,00;0,00;0,00;31,00;4,00;0,00;4,00;4,00;23,00;9,00;4,00;0,00;4,00;0,00;4,00;0,00;9,00
2020-12-27;32,00;0,00;0,00;0,00;4,00;4,00;0,00;0,00;4,00;4,00;0,00;0,00;0,00;0,00;4,00;0,00;0,00;0,00;0,00;4,00;0,00;4,00;0,00;0,00;4,00;0,00;9,00;0,00;0,00;4,00;9,00;4,00;4,00;4,00;9,00;13,00;4,00;4,00;4,00;0,00;0,00;4,00;9,00;4,00
2021-01-03;30,00;0,00;0,00;0,00;0,00;0,00;0,00;0,00;0,00;0,00;0,00;0,00;0,00;0,00;4,00;0,00;0,00;0,00;0,00;4,00;0,00;8,00;0,00;0,00;4,00;4,00;4,00;0,00;0,00;0,00;16,00;0,00;4,00;0,00;16,00;12,00;0,00;0,00;12,00;8,00;8,00;16,00;0,00;0,00
2021-01-10;26,00;0,00;0,00;0,00;0,00;0,00;0,00;0,00;0,00;0,00;0,00;0,00;0,00;0,00;0,00;0,00;4,00;4,00;0,00;4,00;0,00;0,00;0,00;0,00;8,00;0,00;33,00;0,00;20,00;0,00;4,00;0,00;4,00;0,00;4,00;17,00;0,00;0,00;4,00;0,00;8,00;8,00;0,00;12,00
2021-01-17;22,00;0,00;0,00;0,00;4,00;0,00;8,00;0,00;4,00;0,00;8,00;0,00;0,00;0,00;8,00;0,00;0,00;0,00;0,00;0,00;0,00;0,00;8,00;0,00;4,00;4,00;21,00;0,00;16,00;0,00;4,00;0,00;0,00;0,00;4,00;4,00;0,00;4,00;8,00;0,00;4,00;8,00;0,00;0,00
2021-01-24;13,00;0,00;0,00;0,00;0,00;0,00;0,00;0,00;0,00;0,00;0,00;0,00;0,00;0,00;0,00;4,00;0,00;0,00;0,00;8,00;0,00;4,00;0,00;0,00;4,00;4,00;16,00;0,00;8,00;8,00;0,00;4,00;4,00;0,00;8,00;25,00;16,00;0,00;0,00;0,00;0,00;4,00;8,00;4,00
2021-01-31;9,00;0,00;0,00;0,00;0,00;4,00;0,00;0,00;0,00;4,00;0,00;0,00;4,00;0,00;0,00;0,00;0,00;4,00;0,00;0,00;0,00;4,00;0,00;0,00;4,00;0,00;16,00;0,00;4,00;0,00;12,00;0,00;0,00;0,00;4,00;25,00;0,00;0,00;8,00;0,00;0,00;8,00;0,00;0,00
2021-02-07;30,00;0,00;0,00;0,00;4,00;0,00;0,00;0,00;4,00;0,00;0,00;0,00;4,00;0,00;0,00;4,00;0,00;0,00;0,00;4,00;0,00;0,00;0,00;0,00;4,00;0,00;16,00;0,00;4,00;0,00;20,00;12,00;4,00;0,00;0,00;25,00;0,00;4,00;12,00;0,00;8,00;4,00;4,00;0,00
2021-02-14;22,00;0,00;0,00;0,00;4,00;0,00;4,00;0,00;4,00;0,00;4,00;0,00;0,00;8,00;8,00;8,00;0,00;0,00;0,00;0,00;0,00;13,00;0,00;0,00;4,00;0,00;13,00;0,00;0,00;0,00;4,00;0,00;4,00;0,00;0,00;34,00;4,00;4,00;0,00;0,00;4,00;0,00;4,00;0,00
2021-02-21;4,00;0,00;0,00;0,00;0,00;0,00;0,00;0,00;0,00;0,00;0,00;0,00;0,00;0,00;13,00;4,00;4,00;0,00;0,00;4,00;0,00;4,00;0,00;0,00;4,00;0,00;47,00;0,00;0,00;0,00;4,00;0,00;0,00;0,00;4,00;9,00;4,00;0,00;0,00;0,00;0,00;4,00;0,00;0,00
2021-02-28;22,00;4,00;0,00;0,00;0,00;0,00;0,00;0,00;0,00;0,00;0,00;0,00;4,00;4,00;0,00;0,00;4,00;0,00;0,00;4,00;0,00;0,00;0,00;0,00;0,00;0,00;13,00;0,00;0,00;4,00;8,00;0,00;4,00;4,00;8,00;21,00;4,00;4,00;0,00;0,00;8,00;8,00;0,00;12,00
2021-03-07;18,00;0,00;0,00;0,00;0,00;0,00;0,00;0,00;0,00;0,00;0,00;0,00;4,00;4,00;0,00;0,00;0,00;0,00;0,00;4,00;0,00;4,00;0,00;0,00;0,00;12,00;17,00;0,00;0,00;0,00;4,00;0,00;0,00;0,00;0,00;4,00;4,00;4,00;12,00;0,00;0,00;4,00;0,00;4,00
2021-03-14;13,00;0,00;0,00;0,00;0,00;0,00;0,00;0,00;0,00;0,00;0,00;0,00;4,00;0,00;0,00;0,00;4,00;0,00;0,00;0,00;0,00;0,00;0,00;0,00;12,00;0,00;24,00;0,00;0,00;0,00;0,00;0,00;0,00;0,00;8,00;16,00;0,00;4,00;4,00;0,00;4,00;4,00;4,00;0,00
2021-03-21;18,00;0,00;0,00;0,00;0,00;0,00;4,00;0,00;0,00;0,00;4,00;0,00;4,00;4,00;0,00;4,00;0,00;0,00;0,00;0,00;0,00;8,00;0,00;0,00;0,00;0,00;13,00;0,00;0,00;0,00;0,00;0,00;4,00;0,00;0,00;17,00;0,00;0,00;0,00;0,00;0,00;0,00;0,00;0,00
2021-03-28;9,00;0,00;0,00;0,00;0,00;4,00;0,00;0,00;0,00;4,00;0,00;0,00;0,00;0,00;0,00;0,00;0,00;0,00;0,00;0,00;0,00;0,00;0,00;0,00;0,00;0,00;13,00;0,00;0,00;0,00;0,00;0,00;4,00;0,00;4,00;13,00;0,00;0,00;0,00;0,00;0,00;0,00;0,00;0,00
2021-04-04;18,00;0,00;0,00;0,00;0,00;0,00;0,00;0,00;0,00;0,00;0,00;0,00;0,00;0,00;0,00;0,00;0,00;0,00;0,00;0,00;0,00;0,00;0,00;0,00;0,00;0,00;13,00;0,00;0,00;0,00;0,00;4,00;0,00;0,00;0,00;4,00;4,00;0,00;0,00;0,00;0,00;4,00;0,00;0,00
2021-04-11;21,00;0,00;0,00;0,00;0,00;0,00;0,00;4,00;0,00;0,00;0,00;4,00;0,00;0,00;0,00;4,00;0,00;0,00;0,00;4,00;0,00;4,00;0,00;0,00;0,00;0,00;12,00;0,00;0,00;0,00;0,00;0,00;0,00;0,00;4,00;4,00;0,00;0,00;0,00;0,00;0,00;4,00;0,00;0,00
2021-04-18;30,00;0,00;0,00;0,00;0,00;0,00;0,00;0,00;0,00;0,00;0,00;0,00;4,00;0,00;0,00;0,00;0,00;0,00;0,00;8,00;0,00;0,00;4,00;0,00;8,00;4,00;8,00;0,00;0,00;4,00;4,00;0,00;4,00;4,00;0,00;25,00;4,00;4,00;0,00;0,00;0,00;0,00;4,00;0,00
2021-04-25;21,00;0,00;0,00;0,00;0,00;0,00;0,00;0,00;0,00;0,00;0,00;0,00;0,00;0,00;0,00;0,00;0,00;8,00;0,00;0,00;0,00;0,00;0,00;0,00;0,00;0,00;4,00;0,00;0,00;4,00;0,00;0,00;4,00;0,00;0,00;20,00;4,00;4,00;0,00;0,00;0,00;0,00;0,00;0,00
2021-05-02;13,00;0,00;0,00;0,00;0,00;0,00;4,00;0,00;0,00;0,00;4,00;0,00;0,00;0,00;0,00;0,00;0,00;0,00;0,00;4,00;0,00;0,00;0,00;0,00;0,00;0,00;0,00;0,00;0,00;0,00;0,00;0,00;4,00;4,00;0,00;8,00;0,00;0,00;0,00;0,00;0,00;0,00;0,00;0,00
2021-05-09;0,00;0,00;0,00;0,00;0,00;0,00;4,00;0,00;0,00;0,00;4,00;0,00;0,00;4,00;0,00;0,00;0,00;0,00;0,00;0,00;0,00;0,00;0,00;0,00;4,00;0,00;4,00;0,00;0,00;0,00;8,00;0,00;0,00;0,00;0,00;17,00;0,00;4,00;0,00;0,00;0,00;0,00;4,00;0,00
2021-05-16;13,00;0,00;0,00;0,00;0,00;0,00;4,00;0,00;0,00;0,00;4,00;0,00;4,00;4,00;4,00;4,00;0,00;0,00;0,00;4,00;0,00;0,00;0,00;0,00;4,00;0,00;0,00;0,00;0,00;0,00;0,00;4,00;0,00;0,00;4,00;13,00;0,00;0,00;0,00;4,00;0,00;0,00;0,00;4,00
2021-05-23;0,00;0,00;0,00;0,00;0,00;4,00;0,00;0,00;0,00;4,00;0,00;0,00;0,00;0,00;4,00;4,00;0,00;0,00;0,00;4,00;0,00;0,00;0,00;0,00;0,00;0,00;13,00;4,00;0,00;0,00;0,00;0,00;4,00;0,00;4,00;17,00;0,00;0,00;0,00;0,00;0,00;0,00;0,00;0,00
2021-05-30;4,00;0,00;0,00;0,00;0,00;0,00;0,00;0,00;0,00;0,00;0,00;0,00;0,00;0,00;0,00;0,00;0,00;0,00;0,00;0,00;0,00;0,00;4,00;0,00;8,00;0,00;4,00;0,00;0,00;0,00;4,00;0,00;4,00;0,00;0,00;13,00;4,00;0,00;0,00;0,00;4,00;0,00;0,00;0,00
2021-06-06;9,00;0,00;0,00;0,00;0,00;0,00;0,00;0,00;0,00;0,00;0,00;0,00;4,00;0,00;8,00;0,00;0,00;0,00;4,00;0,00;0,00;0,00;0,00;0,00;4,00;0,00;8,00;0,00;0,00;0,00;4,00;0,00;0,00;0,00;0,00;17,00;0,00;4,00;0,00;0,00;0,00;0,00;4,00;0,00
2021-06-13;22,00;0,00;0,00;0,00;0,00;4,00;0,00;0,00;0,00;4,00;0,00;0,00;4,00;0,00;0,00;0,00;0,00;0,00;0,00;4,00;0,00;4,00;0,00;0,00;0,00;0,00;0,00;0,00;0,00;0,00;0,00;0,00;0,00;0,00;4,00;17,00;0,00;0,00;0,00;0,00;0,00;12,00;0,00;0,00
2021-06-20;5,00;0,00;0,00;0,00;0,00;0,00;0,00;0,00;0,00;0,00;0,00;0,00;0,00;4,00;0,00;0,00;0,00;0,00;0,00;0,00;0,00;0,00;9,00;0,00;0,00;0,00;4,00;0,00;4,00;4,00;4,00;0,00;4,00;0,00;4,00;4,00;0,00;0,00;0,00;0,00;9,00;4,00;0,00;4,00
2021-06-27;32,00;0,00;0,00;0,00;0,00;0,00;0,00;0,00;0,00;0,00;0,00;0,00;0,00;0,00;0,00;0,00;0,00;0,00;0,00;0,00;0,00;0,00;0,00;0,00;9,00;0,00;17,00;17,00;0,00;0,00;0,00;0,00;4,00;0,00;4,00;13,00;0,00;4,00;0,00;0,00;0,00;17,00;4,00;0,00
2021-07-04;18,00;0,00;0,00;0,00;0,00;0,00;0,00;0,00;0,00;0,00;0,00;0,00;0,00;0,00;0,00;0,00;0,00;0,00;0,00;0,00;0,00;0,00;0,00;0,00;0,00;9,00;0,00;9,00;0,00;0,00;9,00;0,00;4,00;0,00;4,00;9,00;9,00;0,00;0,00;0,00;0,00;9,00;0,00;0,00
2021-07-11;32,00;0,00;0,00;0,00;0,00;0,00;0,00;0,00;0,00;0,00;0,00;0,00;9,00;4,00;0,00;0,00;0,00;4,00;0,00;9,00;0,00;9,00;0,00;0,00;4,00;0,00;9,00;4,00;4,00;0,00;4,00;0,00;0,00;0,00;0,00;13,00;0,00;0,00;0,00;0,00;0,00;9,00;4,00;0,00
2021-07-18;24,00;0,00;0,00;0,00;0,00;0,00;0,00;0,00;0,00;0,00;0,00;0,00;5,00;0,00;0,00;0,00;0,00;0,00;0,00;5,00;0,00;0,00;0,00;0,00;0,00;0,00;9,00;0,00;0,00;0,00;14,00;0,00;0,00;0,00;0,00;19,00;0,00;0,00;0,00;0,00;0,00;0,00;0,00;0,00
2021-07-25;14,00;0,00;0,00;0,00;0,00;5,00;0,00;0,00;0,00;5,00;0,00;0,00;4,00;0,00;0,00;0,00;0,00;0,00;0,00;4,00;0,00;0,00;0,00;0,00;4,00;0,00;18,00;0,00;0,00;9,00;0,00;0,00;0,00;0,00;9,00;32,00;4,00;0,00;0,00;0,00;0,00;4,00;4,00;0,00
2021-08-01;33,00;0,00;0,00;0,00;0,00;5,00;0,00;0,00;0,00;5,00;0,00;0,00;0,00;0,00;0,00;0,00;0,00;0,00;4,00;0,00;0,00;0,00;4,00;0,00;0,00;0,00;9,00;0,00;0,00;4,00;9,00;0,00;0,00;0,00;0,00;23,00;9,00;0,00;0,00;0,00;0,00;4,00;0,00;4,00
2021-08-08;24,00;0,00;0,00;0,00;0,00;0,00;5,00;0,00;0,00;0,00;5,00;0,00;4,00;0,00;0,00;0,00;0,00;0,00;0,00;0,00;0,00;0,00;0,00;0,00;0,00;0,00;18,00;0,00;0,00;0,00;13,00;4,00;4,00;0,00;9,00;9,00;4,00;0,00;0,00;0,00;0,00;4,00;4,00;0,00
2021-08-15;28,00;0,00;0,00;0,00;0,00;5,00;0,00;0,00;0,00;5,00;0,00;0,00;4,00;0,00;0,00;0,00;0,00;0,00;0,00;0,00;0,00;4,00;0,00;0,00;4,00;0,00;9,00;0,00;0,00;0,00;0,00;0,00;0,00;0,00;4,00;18,00;4,00;0,00;0,00;0,00;0,00;9,00;4,00;4,00
2021-08-22;29,00;0,00;0,00;0,00;5,00;0,00;0,00;0,00;5,00;0,00;0,00;0,00;0,00;0,00;5,00;0,00;0,00;0,00;0,00;0,00;0,00;0,00;0,00;0,00;5,00;0,00;5,00;5,00;0,00;0,00;0,00;0,00;0,00;4,00;0,00;18,00;0,00;0,00;0,00;0,00;0,00;4,00;0,00;0,00
2021-08-29;29,00;0,00;0,00;0,00;0,00;0,00;0,00;0,00;0,00;0,00;0,00;0,00;0,00;0,00;0,00;0,00;5,00;0,00;0,00;0,00;0,00;0,00;0,00;0,00;5,00;0,00;5,00;0,00;0,00;4,00;5,00;0,00;0,00;0,00;0,00;9,00;0,00;0,00;0,00;0,00;0,00;4,00;4,00;0,00
2021-09-05;5,00;0,00;0,00;0,00;0,00;0,00;0,00;0,00;0,00;0,00;0,00;0,00;0,00;5,00;0,00;0,00;0,00;0,00;0,00;0,00;0,00;0,00;0,00;0,00;0,00;0,00;5,00;0,00;0,00;0,00;5,00;0,00;0,00;0,00;0,00;23,00;0,00;0,00;5,00;0,00;0,00;5,00;0,00;0,00
2021-09-12;19,00;0,00;0,00;0,00;0,00;0,00;0,00;0,00;0,00;0,00;0,00;0,00;0,00;0,00;0,00;0,00;0,00;0,00;0,00;5,00;0,00;5,00;0,00;0,00;0,00;4,00;18,00;0,00;0,00;0,00;4,00;0,00;0,00;4,00;0,00;0,00;0,00;0,00;0,00;0,00;0,00;4,00;9,00;0,00
2021-09-19;14,00;0,00;0,00;0,00;0,00;0,00;0,00;0,00;0,00;0,00;0,00;0,00;9,00;9,00;0,00;0,00;0,00;0,00;0,00;0,00;0,00;0,00;4,00;0,00;4,00;0,00;13,00;0,00;0,00;0,00;13,00;0,00;4,00;0,00;4,00;23,00;4,00;4,00;0,00;4,00;0,00;4,00;0,00;0,00
2021-09-26;14,00;0,00;0,00;0,00;0,00;0,00;0,00;0,00;0,00;0,00;0,00;0,00;5,00;0,00;0,00;0,00;4,00;0,00;0,00;9,00;0,00;9,00;0,00;0,00;4,00;4,00;14,00;0,00;0,00;0,00;4,00;0,00;4,00;4,00;0,00;32,00;13,00;0,00;0,00;0,00;0,00;9,00;9,00;0,00
2021-10-03;5,00;0,00;0,00;0,00;0,00;0,00;5,00;0,00;0,00;0,00;5,00;0,00;0,00;0,00;0,00;4,00;0,00;0,00;0,00;0,00;0,00;0,00;0,00;0,00;0,00;0,00;5,00;0,00;0,00;0,00;9,00;9,00;0,00;0,00;9,00;9,00;4,00;0,00;0,00;0,00;4,00;0,00;4,00;0,00
2021-10-10;29,00;0,00;0,00;0,00;0,00;0,00;0,00;0,00;0,00;0,00;0,00;0,00;5,00;0,00;0,00;0,00;0,00;0,00;0,00;5,00;0,00;0,00;5,00;0,00;0,00;9,00;5,00;5,00;0,00;0,00;5,00;0,00;5,00;0,00;5,00;14,00;0,00;5,00;0,00;0,00;0,00;5,00;0,00;5,00
2021-10-17;43,00;0,00;0,00;0,00;0,00;0,00;0,00;0,00;0,00;0,00;0,00;0,00;0,00;0,00;0,00;0,00;0,00;0,00;0,00;9,00;0,00;0,00;0,00;0,00;4,00;4,00;5,00;4,00;0,00;0,00;9,00;0,00;0,00;0,00;0,00;5,00;18,00;0,00;0,00;0,00;0,00;0,00;0,00;0,00
2021-10-24;33,00;0,00;0,00;0,00;0,00;0,00;0,00;0,00;0,00;0,00;0,00;0,00;9,00;0,00;0,00;0,00;0,00;0,00;0,00;0,00;0,00;9,00;0,00;0,00;0,00;4,00;14,00;0,00;0,00;0,00;0,00;0,00;0,00;0,00;4,00;14,00;0,00;0,00;0,00;4,00;4,00;9,00;0,00;0,00
2021-10-31;10,00;0,00;0,00;0,00;0,00;5,00;0,00;0,00;0,00;5,00;0,00;0,00;0,00;9,00;14,00;0,00;0,00;0,00;0,00;0,00;0,00;5,00;0,00;0,00;0,00;0,00;78,00;4,00;0,00;4,00;0,00;0,00;9,00;0,00;0,00;28,00;4,00;0,00;0,00;0,00;4,00;0,00;4,00;0,00
2021-11-07;19,00;0,00;0,00;0,00;0,00;9,00;0,00;0,00;0,00;9,00;0,00;0,00;0,00;0,00;4,00;0,00;0,00;0,00;0,00;4,00;0,00;4,00;0,00;0,00;0,00;0,00;22,00;0,00;0,00;0,00;9,00;0,00;4,00;0,00;0,00;22,00;4,00;4,00;0,00;0,00;0,00;0,00;0,00;0,00
2021-11-14;23,00;0,00;0,00;0,00;0,00;4,00;0,00;0,00;0,00;4,00;0,00;0,00;0,00;0,00;0,00;0,00;0,00;0,00;0,00;4,00;0,00;4,00;0,00;0,00;0,00;0,00;22,00;0,00;0,00;4,00;4,00;0,00;0,00;0,00;4,00;18,00;0,00;0,00;0,00;0,00;4,00;9,00;0,00;0,00
2021-11-21;18,00;0,00;0,00;0,00;9,00;0,00;0,00;0,00;9,00;0,00;0,00;0,00;4,00;0,00;0,00;0,00;0,00;0,00;0,00;0,00;0,00;4,00;0,00;0,00;0,00;0,00;17,00;0,00;0,00;0,00;13,00;0,00;0,00;4,00;4,00;26,00;4,00;0,00;0,00;4,00;8,00;4,00;0,00;0,00
2021-11-28;46,00;0,00;0,00;0,00;0,00;9,00;0,00;0,00;0,00;9,00;0,00;0,00;0,00;0,00;0,00;0,00;0,00;0,00;0,00;4,00;0,00;0,00;0,00;0,00;0,00;0,00;31,00;0,00;0,00;0,00;13,00;0,00;0,00;0,00;0,00;13,00;0,00;0,00;0,00;0,00;0,00;4,00;4,00;0,00
2021-12-05;9,00;0,00;0,00;5,00;0,00;0,00;0,00;0,00;0,00;0,00;0,00;0,00;4,00;9,00;4,00;0,00;0,00;0,00;0,00;4,00;0,00;4,00;0,00;0,00;4,00;0,00;31,00;0,00;0,00;0,00;4,00;4,00;0,00;4,00;4,00;23,00;0,00;0,00;9,00;0,00;0,00;22,00;9,00;4,00
2021-12-12;42,00;0,00;0,00;0,00;0,00;0,00;0,00;0,00;0,00;0,00;0,00;0,00;0,00;4,00;0,00;0,00;0,00;0,00;4,00;4,00;0,00;18,00;0,00;0,00;4,00;0,00;9,00;4,00;0,00;0,00;17,00;0,00;0,00;0,00;4,00;27,00;4,00;0,00;0,00;0,00;9,00;13,00;0,00;9,00
2021-12-19;25,00;0,00;0,00;0,00;0,00;5,00;0,00;0,00;0,00;5,00;0,00;0,00;0,00;0,00;0,00;5,00;5,00;0,00;0,00;5,00;0,00;0,00;5,00;0,00;0,00;0,00;9,00;5,00;0,00;9,00;14,00;0,00;9,00;0,00;0,00;0,00;0,00;0,00;0,00;0,00;0,00;0,00;0,00;0,00
2021-12-26;62,00;0,00;0,00;0,00;5,00;0,00;5,00;0,00;5,00;0,00;5,00;0,00;5,00;0,00;0,00;0,00;9,00;4,00;0,00;9,00;0,00;9,00;4,00;0,00;4,00;0,00;18,00;0,00;4,00;0,00;13,00;0,00;0,00;0,00;13,00;27,00;0,00;4,00;9,00;0,00;4,00;0,00;0,00;4,00
2022-01-02;20,00;0,00;0,00;0,00;0,00;0,00;0,00;0,00;0,00;0,00;0,00;0,00;0,00;0,00;10,00;5,00;0,00;0,00;0,00;5,00;0,00;0,00;0,00;0,00;5,00;5,00;24,00;0,00;9,00;0,00;5,00;0,00;0,00;0,00;5,00;29,00;9,00;0,00;0,00;0,00;9,00;5,00;0,00;5,00
2022-01-09;34,00;0,00;0,00;0,00;0,00;5,00;0,00;0,00;0,00;5,00;0,00;0,00;0,00;0,00;9,00;0,00;5,00;0,00;0,00;9,00;0,00;9,00;0,00;0,00;5,00;0,00;9,00;9,00;0,00;0,00;23,00;0,00;0,00;0,00;0,00;28,00;0,00;0,00;14,00;0,00;9,00;9,00;0,00;0,00
2022-01-16;42,00;0,00;0,00;0,00;0,00;0,00;0,00;0,00;0,00;0,00;0,00;0,00;4,00;0,00;13,00;0,00;0,00;0,00;0,00;9,00;0,00;4,00;0,00;0,00;0,00;0,00;31,00;9,00;0,00;0,00;4,00;0,00;4,00;0,00;17,00;31,00;0,00;0,00;4,00;4,00;0,00;17,00;0,00;9,00
2022-01-23;26,00;0,00;0,00;0,00;0,00;4,00;4,00;0,00;0,00;4,00;4,00;0,00;17,00;4,00;8,00;0,00;0,00;0,00;0,00;0,00;0,00;8,00;0,00;4,00;0,00;0,00;29,00;0,00;0,00;4,00;12,00;0,00;4,00;8,00;4,00;21,00;0,00;0,00;8,00;4,00;0,00;12,00;0,00;4,00
2022-01-30;32,00;0,00;0,00;0,00;0,00;0,00;4,00;0,00;0,00;0,00;4,00;0,00;9,00;9,00;4,00;4,00;0,00;4,00;0,00;4,00;0,00;4,00;0,00;0,00;0,00;0,00;9,00;0,00;0,00;0,00;0,00;0,00;0,00;0,00;4,00;44,00;4,00;4,00;0,00;0,00;13,00;30,00;0,00;9,00
2022-02-06;55,00;0,00;0,00;0,00;0,00;0,00;0,00;0,00;0,00;0,00;0,00;0,00;9,00;0,00;4,00;0,00;0,00;4,00;0,00;9,00;0,00;0,00;0,00;0,00;0,00;0,00;22,00;4,00;0,00;4,00;9,00;9,00;4,00;4,00;4,00;13,00;4,00;13,00;4,00;0,00;4,00;9,00;4,00;4,00
2022-02-13;41,00;0,00;0,00;0,00;4,00;0,00;0,00;0,00;4,00;0,00;0,00;0,00;0,00;4,00;4,00;3,00;0,00;3,00;0,00;14,00;0,00;7,00;0,00;0,00;0,00;3,00;28,00;0,00;3,00;0,00;17,00;3,00;0,00;10,00;10,00;57,00;3,00;10,00;0,00;10,00;3,00;17,00;3,00;0,00
2022-02-20;41,00;0,00;0,00;0,00;0,00;0,00;0,00;0,00;0,00;0,00;0,00;0,00;4,00;11,00;14,00;0,00;0,00;0,00;0,00;7,00;0,00;18,00;0,00;4,00;0,00;0,00;11,00;0,00;0,00;0,00;14,00;0,00;4,00;4,00;0,00;54,00;4,00;11,00;0,00;7,00;7,00;10,00;7,00;7,00
2022-02-27;48,00;0,00;0,00;0,00;0,00;0,00;0,00;0,00;0,00;0,00;0,00;0,00;7,00;0,00;0,00;0,00;0,00;0,00;0,00;7,00;0,00;18,00;3,00;0,00;0,00;0,00;35,00;0,00;0,00;3,00;14,00;3,00;0,00;0,00;7,00;32,00;0,00;0,00;0,00;0,00;0,00;7,00;0,00;0,00
2022-03-06;79,00;0,00;0,00;0,00;4,00;0,00;7,00;0,00;4,00;0,00;7,00;0,00;11,00;14,00;4,00;0,00;4,00;0,00;0,00;11,00;0,00;4,00;0,00;11,00;4,00;0,00;40,00;4,00;4,00;0,00;21,00;0,00;11,00;4,00;7,00;40,00;4,00;11,00;0,00;0,00;0,00;7,00;0,00;0,00
2022-03-13;52,00;0,00;0,00;0,00;0,00;0,00;0,00;4,00;0,00;0,00;0,00;4,00;4,00;7,00;4,00;7,00;0,00;0,00;0,00;7,00;0,00;0,00;0,00;0,00;0,00;7,00;21,00;0,00;0,00;3,00;14,00;3,00;3,00;3,00;10,00;25,00;0,00;0,00;3,00;0,00;7,00;3,00;0,00;0,00
2022-03-20;54,00;0,00;0,00;0,00;0,00;7,00;0,00;0,00;0,00;7,00;0,00;0,00;10,00;10,00;0,00;0,00;7,00;3,00;3,00;17,00;0,00;3,00;3,00;0,00;0,00;0,00;7,00;0,00;0,00;0,00;7,00;0,00;7,00;0,00;7,00;42,00;3,00;7,00;0,00;0,00;7,00;7,00;10,00;0,00
2022-03-27;23,00;0,00;0,00;0,00;0,00;3,00;0,00;0,00;0,00;3,00;0,00;0,00;0,00;3,00;0,00;0,00;0,00;0,00;0,00;9,00;0,00;0,00;0,00;0,00;3,00;0,00;9,00;0,00;0,00;0,00;6,00;0,00;0,00;0,00;3,00;25,00;3,00;0,00;0,00;3,00;0,00;0,00;3,00;3,00
2022-04-03;36,00;0,00;0,00;0,00;0,00;0,00;0,00;0,00;0,00;0,00;0,00;0,00;0,00;0,00;6,00;0,00;0,00;3,00;0,00;3,00;0,00;0,00;0,00;3,00;3,00;0,00;10,00;0,00;0,00;0,00;9,00;3,00;0,00;3,00;6,00;22,00;3,00;0,00;0,00;3,00;9,00;0,00;0,00;0,00
2022-04-10;18,00;0,00;0,00;0,00;0,00;0,00;3,00;0,00;0,00;0,00;3,00;0,00;0,00;0,00;3,00;0,00;0,00;3,00;0,00;0,00;0,00;0,00;3,00;0,00;0,00;0,00;21,00;0,00;0,00;0,00;14,00;0,00;0,00;0,00;0,00;17,00;0,00;3,00;3,00;0,00;3,00;7,00;3,00;0,00
2022-04-17;33,00;0,00;0,00;0,00;0,00;0,00;0,00;0,00;0,00;0,00;0,00;0,00;3,00;0,00;0,00;0,00;3,00;3,00;0,00;0,00;0,00;3,00;0,00;0,00;9,00;0,00;13,00;0,00;0,00;0,00;13,00;3,00;3,00;0,00;3,00;16,00;3,00;0,00;0,00;0,00;0,00;12,00;0,00;0,00
2022-04-24;31,00;0,00;0,00;0,00;0,00;0,00;0,00;0,00;0,00;0,00;0,00;0,00;0,00;0,00;3,00;0,00;0,00;0,00;0,00;6,00;0,00;10,00;3,00;0,00;0,00;0,00;13,00;0,00;0,00;0,00;3,00;0,00;0,00;3,00;0,00;46,00;10,00;3,00;0,00;0,00;0,00;6,00;0,00;3,00
2022-05-01;39,00;0,00;0,00;0,00;3,00;0,00;0,00;0,00;3,00;0,00;0,00;0,00;0,00;0,00;0,00;0,00;0,00;0,00;0,00;3,00;0,00;7,00;0,00;0,00;0,00;3,00;7,00;0,00;0,00;0,00;7,00;0,00;0,00;7,00;0,00;10,00;0,00;0,00;0,00;0,00;7,00;0,00;3,00;3,00
2022-05-08;19,00;0,00;0,00;0,00;0,00;0,00;0,00;0,00;0,00;0,00;0,00;0,00;4,00;4,00;0,00;0,00;0,00;0,00;0,00;11,00;0,00;7,00;0,00;0,00;7,00;4,00;18,00;4,00;0,00;0,00;7,00;4,00;4,00;7,00;0,00;22,00;7,00;7,00;7,00;0,00;0,00;0,00;0,00;0,00
2022-05-15;48,00;0,00;0,00;0,00;0,00;0,00;0,00;0,00;0,00;0,00;0,00;0,00;0,00;0,00;0,00;0,00;0,00;0,00;0,00;0,00;0,00;0,00;0,00;0,00;4,00;0,00;19,00;0,00;0,00;4,00;8,00;4,00;0,00;4,00;4,00;23,00;0,00;4,00;8,00;0,00;0,00;7,00;4,00;4,00
2022-05-22;25,00;0,00;0,00;0,00;0,00;0,00;4,00;0,00;0,00;0,00;4,00;0,00;8,00;0,00;8,00;0,00;0,00;0,00;0,00;0,00;0,00;4,00;0,00;0,00;4,00;0,00;8,00;0,00;0,00;4,00;0,00;0,00;0,00;0,00;0,00;12,00;0,00;0,00;0,00;0,00;0,00;4,00;4,00;4,00
2022-05-29;12,00;0,00;0,00;0,00;4,00;0,00;0,00;0,00;4,00;0,00;0,00;0,00;0,00;0,00;0,00;8,00;0,00;0,00;0,00;0,00;0,00;0,00;0,00;0,00;4,00;0,00;12,00;0,00;0,00;0,00;4,00;0,00;0,00;0,00;4,00;47,00;0,00;4,00;0,00;0,00;0,00;4,00;8,00;0,00
2022-06-05;29,00;0,00;0,00;0,00;0,00;0,00;0,00;0,00;0,00;0,00;0,00;0,00;0,00;8,00;0,00;0,00;0,00;0,00;0,00;0,00;0,00;8,00;4,00;0,00;12,00;8,00;20,00;0,00;0,00;0,00;8,00;4,00;4,00;4,00;0,00;16,00;0,00;0,00;0,00;0,00;0,00;0,00;8,00;0,00
2022-06-12;54,00;0,00;0,00;0,00;0,00;0,00;0,00;0,00;0,00;0,00;0,00;0,00;0,00;0,00;0,00;0,00;0,00;0,00;0,00;0,00;0,00;0,00;4,00;0,00;0,00;0,00;8,00;0,00;0,00;0,00;0,00;0,00;0,00;8,00;0,00;28,00;12,00;8,00;8,00;0,00;0,00;8,00;4,00;0,00
2022-06-19;59,00;0,00;0,00;0,00;0,00;0,00;4,00;0,00;0,00;0,00;4,00;0,00;0,00;4,00;0,00;0,00;4,00;0,00;0,00;4,00;0,00;0,00;8,00;0,00;0,00;0,00;0,00;0,00;0,00;0,00;0,00;0,00;0,00;0,00;0,00;49,00;0,00;0,00;0,00;0,00;4,00;0,00;0,00;0,00
2022-06-26;44,00;0,00;0,00;0,00;0,00;0,00;0,00;0,00;0,00;0,00;0,00;0,00;0,00;0,00;0,00;0,00;0,00;0,00;0,00;0,00;0,00;8,00;0,00;0,00;4,00;8,00;13,00;0,00;4,00;0,00;4,00;0,00;0,00;0,00;0,00;26,00;0,00;0,00;0,00;0,00;4,00;8,00;0,00;4,00
2022-07-03;35,00;0,00;0,00;0,00;0,00;0,00;0,00;0,00;0,00;0,00;0,00;0,00;0,00;4,00;0,00;0,00;4,00;0,00;0,00;0,00;0,00;0,00;0,00;0,00;12,00;0,00;4,00;4,00;0,00;0,00;4,00;0,00;0,00;0,00;0,00;17,00;8,00;0,00;0,00;4,00;4,00;8,00;4,00;0,00
2022-07-10;35,00;0,00;0,00;0,00;0,00;5,00;0,00;0,00;0,00;5,00;0,00;0,00;0,00;0,00;5,00;0,00;0,00;0,00;0,00;0,00;0,00;5,00;0,00;0,00;9,00;0,00;5,00;9,00;0,00;0,00;5,00;0,00;0,00;0,00;5,00;24,00;5,00;0,00;0,00;0,00;0,00;19,00;0,00;0,00
