Semaine;Nice (FR);Monaco (MC);Dijon (FR);Aix en Provence (FR);Toulouse (FR);Montpellier (FR);Nantes (FR);Avignon (FR);Bordeaux (FR);Tours (FR);Hamburg (DE);Marseille (FR);München (DE);Stockholm (SE);Copenhagen (DK);Athens (GR);Dublin (IE);Lyon (FR);Frankfurt am Main (DE);Budapest (HU);Venezia (IT);Wien (AT);Strasbourg (FR);Prague (CZ);Berlin (DE);Milano (IT);stanbul (TR);Roma (IT);Lille (FR);Madrid (ES);Lisbon (PT);Paris (FR);London (GB);Amsterdam (NL);Barcelona (ES)
2019-01-06;39,00;14,00;2,00;2,00;9,00;7,00;0,00;2,00;23,00;40,00;17,00;23,00;60,00;33,00;37,00;185,25;269,75;26,00;130,00;101,40;234,00;62,40;15,60;120,00;93,00;75,00;159,00;312,00;9,75;117,00;156,00;520,00;793,00;156,00;273,00
2019-01-13;41,00;16,00;0,00;3,00;15,00;7,00;9,00;2,00;28,00;53,00;7,00;33,00;50,00;28,00;45,00;192,38;258,62;22,08;110,38;114,80;229,60;57,40;16,40;107,23;94,62;85,15;233,38;389,50;10,25;164,00;164,00;574,00;847,33;150,33;314,33
2019-01-20;60,00;24,00;2,00;5,00;20,00;9,00;10,00;10,00;34,00;29,00;12,00;29,00;52,00;25,00;35,00;157,89;243,16;28,42;94,74;85,71;274,29;60,00;17,14;114,00;81,00;84,00;165,00;320,00;10,00;120,00;160,00;645,00;960,00;180,00;390,00
2019-01-27;39,00;19,00;0,00;0,00;20,00;9,00;10,00;8,00;22,00;34,00;30,00;30,00;49,00;26,00;33,00;149,50;250,25;22,75;97,50;93,60;202,80;54,60;7,80;105,00;81,00;63,00;174,00;312,00;9,75;117,00;156,00;507,00;780,00;156,00;260,00
2019-02-03;37,00;15,00;0,00;3,00;11,00;15,00;10,00;6,00;30,00;29,00;19,00;29,00;46,00;21,00;32,00;169,58;228,17;12,33;86,33;92,50;296,00;64,75;18,50;123,33;77,08;86,33;172,67;296,00;9,25;166,50;129,50;493,33;703,00;135,67;246,67
2019-02-10;22,00;21,00;0,00;5,00;8,00;22,00;3,00;5,00;22,00;12,00;12,00;34,00;35,00;36,00;59,00;163,43;289,14;18,86;78,57;88,00;198,00;51,33;7,33;110,00;97,43;88,00;144,57;374,00;11,00;198,00;176,00;407,00;748,00;121,00;253,00
2019-02-17;48,00;14,00;2,00;2,00;10,00;7,00;7,00;3,00;19,00;21,00;15,00;24,00;56,00;42,00;39,00;172,80;268,80;19,20;86,40;96,00;272,00;56,00;16,00;120,00;87,00;99,00;162,00;456,00;12,00;168,00;192,00;528,00;744,00;168,00;276,00
2019-02-24;43,00;12,00;0,00;3,00;22,00;12,00;10,00;3,00;17,00;15,00;18,00;21,00;33,00;22,00;36,00;175,07;239,57;30,71;98,29;111,80;240,80;60,20;17,20;132,07;73,71;86,00;199,64;365,50;10,75;193,50;172,00;587,67;888,67;200,67;387,00
2019-03-03;37,00;28,00;5,00;2,00;12,00;9,00;7,00;5,00;26,00;29,00;12,00;38,00;61,00;31,00;35,00;166,50;218,92;37,00;83,25;166,50;296,00;64,75;27,75;107,92;101,75;101,75;194,25;333,00;9,25;148,00;129,50;579,67;814,00;111,00;345,33
2019-03-10;45,00;16,00;2,00;5,00;16,00;9,00;5,00;5,00;40,00;25,00;9,00;41,00;73,00;39,00;38,00;186,43;308,57;35,36;115,71;144,00;288,00;45,00;27,00;141,00;87,00;93,00;210,00;450,00;11,25;202,50;180,00;660,00;1020,00;195,00;420,00
2019-03-17;40,00;34,00;3,00;2,00;14,00;5,00;5,00;5,00;26,00;28,00;16,00;36,00;63,00;53,00;45,00;156,92;270,77;24,62;104,62;120,00;256,00;72,00;24,00;153,85;83,08;98,46;200,00;340,00;10,00;180,00;160,00;613,33;800,00;173,33;320,00
2019-03-24;64,00;25,00;5,00;5,00;9,00;4,00;12,00;5,00;19,00;26,00;21,00;57,00;33,00;32,00;48,00;211,20;278,40;28,80;89,60;128,00;304,00;56,00;8,00;134,10;94,48;94,48;188,95;426,67;21,33;170,67;170,67;640,00;819,20;179,20;307,20
2019-03-31;52,00;23,00;3,00;3,00;26,00;14,00;7,00;3,00;28,00;31,00;22,00;52,00;38,00;40,00;34,00;240,50;243,75;16,25;91,00;130,00;277,33;60,67;17,33;146,82;88,71;91,76;211,06;520,00;13,00;234,00;208,00;611,00;767,00;169,00;377,00
2019-04-07;50,00;15,00;3,00;5,00;13,00;7,00;8,00;8,00;22,00;44,00;15,00;41,00;71,00;39,00;45,00;193,75;268,75;21,88;87,50;116,67;316,67;75,00;16,67;150,00;76,47;91,18;194,12;525,00;25,00;150,00;225,00;637,50;787,50;175,00;312,50
2019-04-14;61,00;16,00;2,00;3,00;19,00;9,00;17,00;10,00;22,00;48,00;14,00;35,00;60,00;26,00;42,00;221,53;244,00;19,26;105,95;139,43;287,57;87,14;17,43;137,25;94,55;100,65;216,55;467,67;10,17;142,33;162,67;1220,00;744,20;122,00;329,40
2019-04-21;64,00;12,00;3,00;2,00;12,00;3,00;3,00;8,00;14,00;57,00;39,00;37,00;65,00;24,00;35,00;211,20;300,80;25,60;102,40;136,00;248,00;88,00;16,00;161,52;82,29;82,29;213,33;490,67;10,67;149,33;149,33;601,60;768,00;140,80;396,80
2019-04-28;73,00;24,00;3,00;3,00;22,00;5,00;15,00;7,00;21,00;38,00;19,00;52,00;68,00;49,00;56,00;206,30;292,00;38,09;117,43;129,78;348,78;73,00;8,11;158,17;88,21;118,63;182,50;559,67;12,17;267,67;194,67;671,60;846,80;204,40;467,20
2019-05-05;65,00;16,00;3,00;2,00;15,00;12,00;5,00;7,00;21,00;54,00;24,00;49,00;57,00;66,00;46,00;250,71;263,10;27,86;114,52;130,00;268,13;65,00;8,13;147,73;97,50;97,50;153,64;433,33;10,83;1430,00;151,67;507,00;767,00;182,00;390,00
2019-05-12;49,00;22,00;5,00;5,00;19,00;9,00;9,00;9,00;23,00;34,00;23,00;26,00;76,00;43,00;41,00;209,07;245,00;32,67;114,33;130,67;302,17;57,17;16,33;177,63;94,94;82,69;162,31;563,50;12,25;416,50;196,00;600,25;796,25;147,00;343,00
2019-05-19;69,00;25,00;2,00;5,00;10,00;5,00;3,00;10,00;16,00;28,00;24,00;46,00;52,00;39,00;39,00;235,23;244,64;43,91;100,36;138,00;336,38;60,38;17,25;165,00;111,00;90,00;168,00;460,00;11,50;230,00;184,00;662,40;855,60;151,80;372,60
2019-05-26;64,00;34,00;2,00;5,00;13,00;9,00;8,00;5,00;20,00;39,00;15,00;39,00;69,00;36,00;30,00;227,20;256,00;32,00;99,20;200,00;304,00;64,00;16,00;128,00;88,38;100,57;182,86;426,67;10,67;170,67;170,67;576,00;729,60;140,80;371,20
2019-06-02;93,00;15,00;5,00;5,00;11,00;18,00;20,00;6,00;28,00;53,00;24,00;49,00;62,00;42,00;48,00;189,21;295,03;38,48;109,03;135,27;574,91;84,55;25,36;141,00;111,00;66,00;183,00;488,25;11,63;209,25;232,50;624,43;810,43;146,14;372,00
2019-06-09;68,00;30,00;2,00;3,00;15,00;13,00;5,00;3,00;21,00;36,00;15,00;37,00;49,00;28,00;18,00;210,18;262,73;27,82;111,27;136,00;340,00;59,50;17,00;138,96;88,70;91,65;174,43;521,33;22,67;181,33;181,33;598,40;720,80;163,20;367,20
2019-06-16;71,00;30,00;2,00;5,00;12,00;7,00;10,00;7,00;41,00;33,00;24,00;45,00;65,00;38,00;44,00;248,50;251,73;22,59;129,09;124,25;319,50;71,00;17,75;148,17;64,83;114,22;188,30;497,00;11,83;189,33;189,33;653,20;880,40;156,20;411,80
2019-06-23;65,00;22,00;2,00;7,00;23,00;18,00;12,00;7,00;45,00;30,00;25,00;59,00;76,00;41,00;52,00;238,33;275,48;34,05;120,71;138,13;325,00;73,13;8,13;174,32;97,50;106,36;224,55;433,33;21,67;195,00;195,00;650,00;845,00;195,00;416,00
2019-06-30;83,00;27,00;2,00;3,00;14,00;5,00;5,00;4,00;38,00;61,00;25,00;33,00;84,00;27,00;47,00;229,85;226,65;41,50;130,88;124,50;315,40;83,00;24,90;156,78;83,00;95,30;205,96;435,75;10,38;145,25;166,00;705,50;926,83;166,00;415,00
2019-07-07;69,00;18,00;3,00;3,00;14,00;18,00;12,00;3,00;40,00;42,00;19,00;39,00;73,00;34,00;44,00;213,27;250,91;28,23;109,77;155,25;353,63;69,00;17,25;165,00;93,00;111,00;201,00;483,00;11,50;207,00;207,00;621,00;952,20;179,40;469,20
2019-07-14;87,00;20,00;2,00;3,00;10,00;7,00;10,00;5,00;46,00;67,00;24,00;42,00;64,00;46,00;50,00;270,67;293,22;32,22;132,11;130,50;278,40;113,10;8,70;138,00;108,00;99,00;177,00;413,25;10,88;239,25;195,75;652,50;928,00;174,00;435,00
2019-07-21;84,00;17,00;0,00;4,00;17,00;4,00;4,00;9,00;26,00;48,00;22,00;38,00;70,00;41,00;54,00;233,33;311,11;15,56;112,00;117,60;352,80;58,80;16,80;129,00;93,00;75,00;180,00;483,00;10,50;168,00;189,00;658,00;924,00;182,00;504,00
2019-07-28;64,00;11,00;0,00;5,00;20,00;0,00;17,00;7,00;41,00;61,00;22,00;39,00;64,00;37,00;32,00;240,00;291,20;38,40;147,20;144,00;296,00;80,00;24,00;167,62;100,57;100,57;210,29;426,67;10,67;192,00;192,00;588,80;806,40;115,20;371,20
2019-08-04;71,00;22,00;4,00;11,00;13,00;6,00;11,00;4,00;37,00;46,00;34,00;43,00;58,00;39,00;48,00;258,18;300,14;35,50;109,73;159,75;346,13;88,75;26,63;148,17;117,30;120,39;225,35;568,00;11,83;213,00;189,33;653,20;837,80;127,80;468,60
2019-08-11;64,00;9,00;3,00;3,00;19,00;14,00;14,00;5,00;30,00;54,00;19,00;35,00;47,00;40,00;60,00;236,80;256,00;25,60;115,20;144,00;272,00;64,00;24,00;155,43;91,43;94,48;182,86;405,33;10,67;192,00;192,00;576,00;793,60;128,00;409,60
2019-08-18;58,00;25,00;7,00;3,00;10,00;14,00;12,00;5,00;30,00;47,00;22,00;27,00;57,00;39,00;56,00;241,67;277,11;32,22;122,44;140,86;281,71;66,29;24,86;149,58;97,68;106,84;177,05;367,33;9,67;154,67;193,33;565,50;884,50;188,50;449,50
2019-08-25;67,00;19,00;2,00;7,00;19,00;12,00;12,00;5,00;30,00;29,00;26,00;44,00;74,00;33,00;42,00;229,71;271,19;28,71;105,29;117,25;293,13;67,00;16,75;140,09;121,82;91,36;197,95;446,67;11,17;223,33;201,00;549,40;857,60;160,80;402,00
2019-09-01;64,00;20,00;2,00;3,00;28,00;8,00;5,00;10,00;40,00;51,00;29,00;51,00;56,00;47,00;39,00;198,40;291,20;32,00;134,40;128,00;288,00;88,00;16,00;158,48;118,86;103,62;225,52;512,00;10,67;213,33;170,67;550,40;819,20;179,20;422,40
2019-09-08;60,00;23,00;5,00;6,00;13,00;8,00;10,00;3,00;27,00;35,00;47,00;39,00;81,00;32,00;41,00;183,16;224,21;41,05;135,79;128,57;274,29;94,29;34,29;198,00;102,00;111,00;219,00;400,00;10,00;200,00;140,00;645,00;915,00;180,00;435,00
2019-09-15;76,00;21,00;5,00;6,00;14,00;5,00;8,00;5,00;29,00;56,00;40,00;37,00;82,00;39,00;44,00;152,00;237,50;34,83;136,17;143,56;228,00;67,56;42,22;152,00;100,32;115,52;215,84;342,00;19,00;171,00;152,00;582,67;785,33;152,00;316,67
2019-09-22;52,00;18,00;6,00;5,00;19,00;7,00;6,00;3,00;29,00;43,00;38,00;48,00;67,00;39,00;46,00;159,06;260,00;33,65;125,41;104,00;286,00;69,33;26,00;156,00;116,24;137,65;192,71;442,00;13,00;234,00;208,00;585,00;780,00;169,00;390,00
2019-09-29;58,00;26,00;2,00;3,00;13,00;5,00;14,00;6,00;22,00;29,00;33,00;40,00;70,00;47,00;48,00;180,44;222,33;25,78;112,78;107,71;240,29;66,29;41,43;170,95;122,11;82,42;174,00;348,00;9,67;174,00;116,00;609,00;870,00;145,00;391,50
2019-10-06;46,00;13,00;0,00;5,00;16,00;15,00;6,00;11,00;14,00;32,00;36,00;29,00;62,00;28,00;42,00;128,80;193,20;30,67;88,93;128,80;239,20;82,80;27,60;125,73;76,67;82,80;217,73;345,00;11,50;207,00;161,00;598,00;874,00;138,00;337,33
2019-10-13;46,00;15,00;2,00;0,00;12,00;10,00;8,00;3,00;20,00;30,00;29,00;32,00;66,00;50,00;36,00;141,29;223,43;42,71;121,57;119,60;220,80;73,60;36,80;153,33;119,60;107,33;177,87;368,00;23,00;184,00;161,00;567,33;889,33;138,00;475,33
2019-10-20;41,00;17,00;2,00;5,00;8,00;3,00;9,00;3,00;23,00;34,00;20,00;18,00;72,00;34,00;39,00;138,77;179,77;28,38;107,23;90,20;172,20;65,60;24,60;120,07;82,00;90,79;158,14;307,50;10,25;143,50;123,00;519,33;656,00;136,67;300,67
2019-10-27;41,00;15,00;0,00;5,00;6,00;11,00;13,00;3,00;24,00;37,00;17,00;31,00;49,00;21,00;30,00;119,85;189,23;28,38;104,08;98,40;172,20;57,40;24,60;117,14;102,50;96,64;175,71;328,00;10,25;164,00;123,00;546,67;656,00;109,33;273,33
2019-11-03;41,00;5,00;5,00;3,00;20,00;13,00;6,00;6,00;19,00;31,00;29,00;27,00;37,00;30,00;27,00;126,15;186,08;25,23;110,38;90,20;180,40;73,80;16,40;128,86;84,93;55,64;172,79;328,00;10,25;143,50;102,50;533,00;765,33;136,67;273,33
2019-11-10;48,00;8,00;0,00;5,00;12,00;5,00;2,00;6,00;14,00;20,00;23,00;30,00;56,00;20,00;38,00;112,00;172,80;19,20;105,60;80,00;800,00;64,00;24,00;114,00;90,00;87,00;189,00;336,00;24,00;168,00;120,00;396,00;708,00;132,00;240,00
2019-11-17;48,00;11,00;5,00;0,00;11,00;8,00;9,00;9,00;11,00;39,00;29,00;30,00;49,00;27,00;32,00;124,80;179,20;38,40;96,00;72,00;352,00;48,00;24,00;123,00;105,00;78,00;177,00;288,00;12,00;168,00;144,00;396,00;612,00;120,00;228,00
2019-11-24;51,00;11,00;1,00;4,00;5,00;6,00;12,00;4,00;20,00;35,00;44,00;19,00;55,00;36,00;33,00;124,31;210,38;31,88;102,00;93,50;221,00;59,50;25,50;111,00;87,00;78,00;141,00;382,50;25,50;229,50;127,50;446,25;803,25;102,00;242,25
2019-12-01;57,00;6,00;2,00;2,00;20,00;8,00;9,00;5,00;17,00;26,00;27,00;30,00;62,00;28,00;35,00;114,00;190,00;31,67;107,67;81,43;195,43;65,14;24,43;114,00;99,00;84,00;174,00;266,00;19,00;152,00;76,00;513,00;726,75;128,25;299,25
2019-12-08;30,00;21,00;3,00;8,00;10,00;11,00;13,00;9,00;21,00;24,00;46,00;26,00;56,00;45,00;35,00;111,00;171,00;33,00;93,00;97,50;187,50;60,00;22,50;117,00;93,00;99,00;192,00;390,00;15,00;210,00;180,00;570,00;765,00;150,00;285,00
2019-12-15;44,00;13,00;5,00;2,00;16,00;15,00;11,00;5,00;20,00;46,00;31,00;38,00;67,00;53,00;50,00;106,86;191,71;31,43;122,57;105,60;193,60;79,20;26,40;129,07;96,80;102,67;199,47;308,00;22,00;198,00;132,00;469,33;821,33;161,33;337,33
2019-12-22;76,00;18,00;2,00;9,00;20,00;13,00;4,00;5,00;32,00;31,00;46,00;35,00;82,00;56,00;56,00;158,33;243,83;25,33;126,67;126,67;185,78;84,44;25,33;179,36;124,64;103,36;249,28;285,00;9,50;171,00;133,00;570,00;810,67;139,33;278,67
2019-12-29;56,00;27,00;2,00;3,00;20,00;8,00;17,00;5,00;25,00;28,00;41,00;32,00;65,00;56,00;52,00;155,56;211,56;49,78;105,78;128,00;224,00;88,00;40,00;150,32;103,16;79,58;182,74;317,33;9,33;149,33;168,00;630,00;882,00;182,00;336,00
2020-01-05;74,00;16,00;3,00;3,00;12,00;9,00;9,00;8,00;38,00;47,00;42,00;48,00;76,00;43,00;44,00;148,00;273,48;61,13;115,83;115,11;197,33;82,22;24,67;148,00;109,52;91,76;195,36;493,33;12,33;271,33;246,67;579,67;777,00;135,67;296,00
2020-01-12;54,00;24,00;1,00;1,00;12,00;17,00;10,00;6,00;29,00;42,00;36,00;34,00;78,00;55,00;47,00;168,35;254,12;19,06;152,47;126,00;351,00;90,00;36,00;156,00;123,00;93,00;204,00;540,00;13,50;270,00;243,00;702,00;864,00;189,00;351,00
2020-01-19;60,00;11,00;8,00;5,00;12,00;3,00;15,00;12,00;20,00;57,00;46,00;45,00;74,00;56,00;50,00;217,89;224,21;25,26;110,53;128,57;274,29;94,29;25,71;147,00;96,00;102,00;222,00;400,00;10,00;180,00;180,00;750,00;1005,00;240,00;390,00
2020-01-26;72,00;16,00;0,00;6,00;20,00;13,00;14,00;5,00;23,00;36,00;27,00;46,00;60,00;36,00;36,00;150,26;181,57;28,17;97,04;104,00;216,00;64,00;16,00;135,00;84,00;69,00;213,00;360,00;12,00;192,00;192,00;604,80;763,20;158,40;316,80
2020-02-02;59,00;24,00;0,00;2,00;12,00;13,00;12,00;9,00;31,00;39,00;28,00;36,00;58,00;35,00;40,00;155,26;201,84;34,16;74,53;126,43;227,57;67,43;16,86;133,53;93,16;102,47;310,53;373,67;9,83;531,00;157,33;634,25;855,50;191,75;309,75
2020-02-09;46,00;22,00;2,00;8,00;14,00;11,00;11,00;8,00;32,00;42,00;24,00;39,00;66,00;44,00;53,00;193,86;236,57;39,43;115,00;101,20;276,00;55,20;27,60;116,53;82,80;79,73;202,40;437,00;11,50;230,00;184,00;659,33;996,67;184,00;368,00
2020-02-16;72,00;28,00;6,00;6,00;9,00;12,00;9,00;9,00;31,00;40,00;30,00;30,00;69,00;33,00;45,00;172,17;278,61;37,57;100,17;96,00;256,00;88,00;16,00;159,00;111,00;90,00;219,00;480,00;12,00;216,00;216,00;662,40;950,40;201,60;388,80
2020-02-23;39,00;10,00;4,00;4,00;7,00;13,00;7,00;6,00;34,00;38,00;32,00;34,00;79,00;37,00;43,00;172,25;204,75;32,50;97,50;101,40;257,40;62,40;23,40;138,00;93,00;105,00;189,00;351,00;9,75;195,00;175,50;598,00;780,00;143,00;286,00
2020-03-01;48,00;16,00;3,00;0,00;9,00;4,00;9,00;6,00;24,00;38,00;23,00;31,00;64,00;36,00;30,00;121,60;172,80;25,60;102,40;128,00;208,00;56,00;16,00;138,00;102,00;99,00;195,00;336,00;12,00;192,00;120,00;492,00;684,00;108,00;216,00
2020-03-08;30,00;10,00;1,00;3,00;16,00;13,00;6,00;4,00;20,00;10,00;32,00;33,00;50,00;24,00;38,00;106,67;200,00;26,67;113,33;75,00;165,00;52,50;22,50;105,00;93,00;117,00;183,00;480,00;30,00;330,00;120,00;600,00;780,00;150,00;210,00
2020-03-15;19,00;11,00;0,00;1,00;10,00;7,00;4,00;1,00;13,00;11,00;22,00;35,00;58,00;31,00;20,00;60,17;174,17;19,00;117,17;66,50;627,00;47,50;19,00;82,33;82,33;76,00;174,17;190,00;9,50;152,00;95,00;570,00;741,00;152,00;190,00
2020-03-22;12,00;9,00;1,00;1,00;11,00;8,00;8,00;0,00;13,00;11,00;16,00;14,00;42,00;26,00;22,00;57,00;105,00;12,00;42,00;60,00;360,00;48,00;24,00;57,00;42,00;60,00;129,00;96,00;6,00;84,00;24,00;228,00;288,00;60,00;84,00
2020-03-29;16,00;4,00;1,00;0,00;8,00;0,00;3,00;4,00;12,00;14,00;8,00;14,00;25,00;15,00;12,00;54,40;105,60;12,80;51,20;32,00;168,00;32,00;8,00;64,00;57,60;38,40;124,80;112,00;8,00;80,00;32,00;256,00;304,00;64,00;112,00
2020-04-05;13,00;7,00;1,00;0,00;6,00;1,00;1,00;3,00;18,00;14,00;19,00;14,00;41,00;27,00;25,00;68,25;94,25;6,50;32,50;32,50;123,50;13,00;13,00;65,00;45,50;35,75;107,25;91,00;6,50;65,00;26,00;208,00;234,00;52,00;91,00
2020-04-12;12,00;4,00;3,00;3,00;3,00;1,00;3,00;0,00;10,00;10,00;15,00;8,00;34,00;26,00;8,00;48,00;84,00;15,00;30,00;60,00;168,00;36,00;24,00;57,00;57,00;66,00;84,00;72,00;6,00;48,00;24,00;168,00;192,00;36,00;72,00
2020-04-19;11,00;9,00;1,00;0,00;8,00;1,00;4,00;1,00;12,00;19,00;19,00;10,00;14,00;23,00;13,00;57,75;60,50;11,00;30,25;55,00;198,00;33,00;11,00;49,50;52,25;30,25;82,50;66,00;5,50;44,00;11,00;154,00;209,00;33,00;66,00
2020-04-26;24,00;8,00;0,00;0,00;7,00;3,00;7,00;1,00;13,00;12,00;10,00;14,00;25,00;21,00;16,00;51,43;72,00;10,29;44,57;40,00;152,00;24,00;8,00;57,00;45,00;54,00;99,00;144,00;12,00;96,00;48,00;168,00;228,00;48,00;96,00
2020-05-03;15,00;7,00;0,00;3,00;3,00;1,00;5,00;1,00;16,00;16,00;14,00;15,00;25,00;22,00;19,00;63,00;69,00;12,00;42,00;45,00;120,00;22,50;7,50;66,00;36,00;48,00;129,00;90,00;7,50;60,00;30,00;225,00;330,00;45,00;120,00
2020-05-10;9,00;15,00;5,00;3,00;7,00;8,00;3,00;1,00;8,00;5,00;10,00;17,00;19,00;19,00;23,00;48,00;93,00;9,00;45,00;72,00;117,00;36,00;9,00;54,00;63,00;42,00;108,00;90,00;9,00;72,00;36,00;144,00;198,00;36,00;63,00
2020-05-17;23,00;14,00;3,00;1,00;5,00;7,00;4,00;0,00;7,00;11,00;7,00;17,00;29,00;23,00;17,00;78,86;82,14;6,57;29,57;30,67;99,67;23,00;7,67;54,63;43,13;34,50;94,88;184,00;0,00;92,00;23,00;184,00;253,00;34,50;80,50
2020-05-24;14,00;13,00;0,00;4,00;8,00;3,00;7,00;1,00;11,00;12,00;15,00;20,00;11,00;36,00;28,00;56,00;91,00;14,00;52,50;49,00;91,00;14,00;7,00;56,00;49,00;35,00;105,00;84,00;7,00;42,00;28,00;182,00;280,00;56,00;70,00
2020-05-31;22,00;7,00;1,00;1,00;10,00;7,00;4,00;5,00;17,00;14,00;9,00;18,00;31,00;17,00;10,00;66,00;116,29;9,43;44,00;44,00;88,00;14,67;7,33;62,86;50,29;53,43;100,57;154,00;11,00;88,00;44,00;176,00;231,00;44,00;77,00
2020-06-07;20,00;14,00;1,00;0,00;4,00;12,00;4,00;1,00;11,00;1,00;15,00;20,00;20,00;20,00;13,00;63,33;93,33;10,00;56,67;60,00;110,00;30,00;20,00;42,86;48,57;37,14;82,86;120,00;0,00;60,00;20,00;360,00;420,00;80,00;120,00
2020-06-14;35,00;13,00;7,00;1,00;10,00;3,00;1,00;3,00;4,00;8,00;10,00;27,00;30,00;20,00;24,00;95,45;73,18;19,09;50,91;52,50;113,75;35,00;8,75;61,25;67,08;40,83;113,75;140,00;8,75;70,00;35,00;221,67;256,67;46,67;93,33
2020-06-21;33,00;18,00;3,00;1,00;6,00;3,00;4,00;1,00;6,00;10,00;13,00;18,00;27,00;17,00;8,00;72,60;79,20;9,90;56,10;33,00;107,25;33,00;8,25;51,00;39,00;39,00;114,00;99,00;8,25;82,50;33,00;280,50;363,00;66,00;132,00
2020-06-28;20,00;15,00;1,00;1,00;6,00;6,00;6,00;1,00;9,00;4,00;12,00;16,00;29,00;21,00;20,00;76,67;103,33;13,33;56,67;70,00;90,00;30,00;10,00;74,29;48,57;31,43;88,57;120,00;10,00;80,00;60,00;160,00;270,00;50,00;50,00
2020-07-05;22,00;7,00;0,00;4,00;7,00;6,00;9,00;4,00;12,00;12,00;22,00;16,00;16,00;31,00;16,00;94,29;106,86;15,71;53,43;51,33;102,67;22,00;14,67;50,29;53,43;37,71;154,00;132,00;11,00;110,00;44,00;187,00;253,00;44,00;88,00
2020-07-12;24,00;9,00;0,00;4,00;5,00;6,00;42,00;6,00;12,00;14,00;10,00;10,00;26,00;21,00;18,00;63,00;99,00;12,00;60,00;40,00;104,00;24,00;16,00;63,00;42,00;36,00;153,00;144,00;24,00;96,00;48,00;204,00;264,00;48,00;120,00
2020-07-19;15,00;8,00;0,00;2,00;11,00;0,00;26,00;3,00;5,00;9,00;9,00;7,00;28,00;16,00;21,00;66,00;87,00;15,00;45,00;45,00;105,00;15,00;7,50;51,00;42,00;45,00;126,00;105,00;7,50;60,00;45,00;255,00;330,00;75,00;105,00
2020-07-26;29,00;8,00;0,00;0,00;12,00;5,00;14,00;6,00;12,00;19,00;23,00;15,00;29,00;30,00;20,00;77,33;90,22;16,11;48,33;48,33;116,00;19,33;9,67;58,00;55,10;43,50;118,90;232,00;14,50;145,00;58,00;217,50;348,00;72,50;130,50
2020-08-02;18,00;14,00;0,00;3,00;5,00;3,00;2,00;1,00;11,00;12,00;13,00;13,00;27,00;26,00;21,00;51,00;99,00;9,00;39,00;63,00;135,00;27,00;9,00;66,00;42,00;57,00;138,00;144,00;9,00;54,00;36,00;324,00;450,00;90,00;108,00
2020-08-09;29,00;19,00;4,00;1,00;2,00;6,00;11,00;3,00;15,00;12,00;24,00;21,00;27,00;36,00;37,00;80,56;103,11;9,67;61,22;67,67;116,00;38,67;19,33;81,20;55,10;55,10;121,80;232,00;14,50;116,00;58,00;261,00;348,00;72,50;145,00
2020-08-16;30,00;18,00;1,00;1,00;9,00;11,00;6,00;7,00;14,00;14,00;12,00;10,00;33,00;32,00;27,00;86,67;123,33;16,67;73,33;52,50;97,50;30,00;22,50;54,00;75,00;54,00;120,00;240,00;15,00;120,00;90,00;270,00;390,00;105,00;135,00
2020-08-23;21,00;5,00;1,00;1,00;6,00;6,00;12,00;1,00;17,00;23,00;18,00;30,00;36,00;28,00;31,00;51,00;99,00;18,00;33,00;49,00;91,00;28,00;14,00;63,00;66,00;60,00;129,00;147,00;10,50;84,00;42,00;189,00;294,00;42,00;73,50
2020-08-30;13,00;6,00;1,00;0,00;3,00;3,00;6,00;3,00;19,00;10,00;23,00;10,00;34,00;15,00;31,00;78,00;74,75;13,00;39,00;32,50;71,50;19,50;3,25;81,25;55,25;45,50;130,00;91,00;6,50;52,00;26,00;182,00;325,00;52,00;104,00
2020-09-06;31,00;11,00;1,00;0,00;9,00;9,00;1,00;0,00;16,00;15,00;19,00;10,00;34,00;39,00;31,00;93,00;102,30;12,40;40,30;38,75;100,75;23,25;15,50;71,30;65,10;40,30;223,20;186,00;15,50;124,00;62,00;263,50;418,50;93,00;93,00
2020-09-13;19,00;9,00;1,00;0,00;10,00;15,00;9,00;4,00;7,00;12,00;25,00;21,00;13,00;28,00;20,00;88,67;101,33;9,50;50,67;47,50;114,00;38,00;19,00;79,17;47,50;60,17;231,17;152,00;9,50;76,00;38,00;285,00;437,00;95,00;133,00
2020-09-20;12,00;4,00;0,00;1,00;7,00;7,00;3,00;1,00;12,00;15,00;20,00;13,00;40,00;22,00;36,00;51,00;81,00;18,00;51,00;60,00;96,00;36,00;24,00;48,00;72,00;39,00;129,00;72,00;6,00;48,00;24,00;180,00;288,00;48,00;108,00
2020-09-27;25,00;11,00;1,00;0,00;9,00;6,00;6,00;1,00;6,00;15,00;28,00;12,00;40,00;23,00;22,00;56,25;93,75;21,88;46,88;50,00;116,67;41,67;8,33;59,38;59,38;59,38;118,75;175,00;12,50;150,00;25,00;250,00;300,00;50,00;100,00
2020-10-04;23,00;6,00;3,00;0,00;8,00;6,00;9,00;0,00;9,00;9,00;26,00;9,00;36,00;23,00;24,00;69,00;82,14;19,71;52,57;38,33;76,67;30,67;15,33;59,14;72,29;42,71;170,86;115,00;11,50;92,00;46,00;195,50;299,00;57,50;80,50
2020-10-11;7,00;20,00;3,00;3,00;5,00;10,00;13,00;3,00;15,00;8,00;27,00;18,00;35,00;30,00;29,00;77,00;87,50;28,00;52,50;56,00;91,00;35,00;21,00;59,50;73,50;59,50;185,50;98,00;7,00;70,00;28,00;119,00;161,00;35,00;56,00
2020-10-18;28,00;5,00;0,00;0,00;6,00;6,00;8,00;5,00;11,00;15,00;14,00;19,00;23,00;36,00;27,00;56,00;93,33;9,33;43,56;56,00;102,67;28,00;18,67;59,11;62,22;59,11;115,11;168,00;14,00;140,00;56,00;252,00;350,00;56,00;112,00
2020-10-25;38,00;7,00;0,00;0,00;13,00;2,00;5,00;5,00;8,00;8,00;22,00;13,00;34,00;26,00;21,00;44,33;85,50;9,50;34,83;45,60;76,00;22,80;7,60;58,46;46,77;43,85;111,08;95,00;9,50;76,00;38,00;240,67;266,00;38,00;88,67
2020-11-01;16,00;4,00;0,00;6,00;6,00;7,00;7,00;3,00;9,00;13,00;25,00;20,00;19,00;22,00;16,00;35,20;67,20;12,80;25,60;48,00;56,00;64,00;8,00;38,40;57,60;38,40;112,00;80,00;8,00;64,00;32,00;256,00;352,00;48,00;80,00
2020-11-08;10,00;13,00;0,00;2,00;5,00;2,00;0,00;2,00;6,00;6,00;15,00;18,00;16,00;16,00;15,00;36,67;103,33;10,00;40,00;60,00;110,00;30,00;10,00;50,00;60,00;36,67;160,00;100,00;0,00;60,00;20,00;130,00;250,00;50,00;60,00
2020-11-15;16,00;8,00;2,00;2,00;5,00;5,00;5,00;3,00;8,00;13,00;21,00;12,00;23,00;33,00;17,00;57,60;99,20;3,20;32,00;40,00;72,00;32,00;8,00;57,60;41,60;35,20;150,40;112,00;8,00;32,00;16,00;240,00;432,00;64,00;112,00
2020-11-22;30,00;6,00;1,00;2,00;8,00;3,00;3,00;2,00;9,00;8,00;19,00;7,00;18,00;28,00;20,00;56,67;90,00;13,33;36,67;52,50;60,00;22,50;15,00;45,00;42,00;48,00;108,00;120,00;15,00;90,00;30,00;210,00;345,00;60,00;105,00
2020-11-29;17,00;6,00;1,00;2,00;5,00;3,00;6,00;0,00;3,00;9,00;21,00;10,00;23,00;12,00;20,00;34,00;95,20;17,00;44,20;59,50;76,50;25,50;8,50;51,00;39,67;28,33;104,83;85,00;8,50;51,00;34,00;255,00;391,00;68,00;102,00
2020-12-06;10,00;11,00;0,00;0,00;2,00;0,00;5,00;5,00;3,00;9,00;24,00;11,00;30,00;31,00;17,00;63,33;70,00;13,33;40,00;40,00;110,00;40,00;20,00;56,67;46,67;40,00;130,00;100,00;10,00;60,00;40,00;170,00;220,00;40,00;80,00
2020-12-13;20,00;8,00;0,00;0,00;11,00;3,00;5,00;0,00;8,00;10,00;20,00;16,00;18,00;21,00;28,00;43,33;86,67;10,00;40,00;40,00;110,00;30,00;10,00;56,67;63,33;43,33;150,00;100,00;10,00;60,00;20,00;260,00;460,00;100,00;100,00
2020-12-20;19,00;17,00;0,00;2,00;12,00;5,00;2,00;0,00;3,00;12,00;28,00;13,00;41,00;22,00;30,00;57,00;95,00;12,67;50,67;47,50;95,00;19,00;19,00;72,83;50,67;50,67;123,50;95,00;9,50;57,00;38,00;304,00;513,00;76,00;95,00
2020-12-27;15,00;18,00;2,00;0,00;8,00;3,00;2,00;0,00;12,00;8,00;22,00;14,00;33,00;20,00;26,00;57,00;93,00;6,00;48,00;60,00;75,00;22,50;7,50;93,00;51,00;45,00;123,00;75,00;7,50;60,00;30,00;225,00;360,00;45,00;135,00
2021-01-03;17,00;12,00;1,00;4,00;4,00;10,00;3,00;0,00;9,00;3,00;13,00;9,00;30,00;27,00;25,00;47,60;95,20;17,00;51,00;59,50;76,50;25,50;17,00;56,67;45,33;45,33;104,83;119,00;8,50;85,00;34,00;221,00;374,00;51,00;102,00
2021-01-10;17,00;12,00;0,00;0,00;2,00;2,00;6,00;2,00;9,00;8,00;10,00;6,00;28,00;29,00;27,00;64,60;64,60;17,00;44,20;51,00;85,00;25,50;8,50;53,83;56,67;45,33;119,00;102,00;8,50;153,00;17,00;272,00;374,00;68,00;119,00
2021-01-17;24,00;6,00;3,00;0,00;9,00;5,00;0,00;3,00;14,00;12,00;15,00;12,00;20,00;17,00;32,00;54,86;109,71;20,57;37,71;32,00;88,00;24,00;8,00;60,00;51,00;39,00;126,00;120,00;12,00;216,00;48,00;156,00;264,00;36,00;84,00
2021-01-24;14,00;9,00;1,00;3,00;3,00;3,00;4,00;1,00;15,00;15,00;15,00;9,00;21,00;23,00;19,00;35,00;105,00;10,50;59,50;28,00;77,00;14,00;7,00;56,00;33,60;39,20;109,20;70,00;7,00;42,00;14,00;182,00;238,00;42,00;98,00
2021-01-31;14,00;5,00;0,00;2,00;5,00;6,00;8,00;0,00;8,00;14,00;10,00;6,00;23,00;12,00;21,00;59,50;66,50;10,50;42,00;35,00;42,00;14,00;7,00;36,40;28,00;16,80;86,80;70,00;7,00;28,00;14,00;154,00;238,00;42,00;70,00
2021-02-07;9,00;8,00;0,00;0,00;6,00;6,00;2,00;5,00;19,00;11,00;18,00;6,00;17,00;25,00;16,00;33,00;54,00;12,00;39,00;45,00;81,00;27,00;9,00;51,00;30,00;36,00;105,00;72,00;9,00;54,00;18,00;99,00;153,00;36,00;36,00
2021-02-14;16,00;8,00;0,00;0,00;3,00;0,00;5,00;0,00;8,00;14,00;15,00;9,00;14,00;14,00;21,00;80,00;83,20;9,60;32,00;64,00;64,00;24,00;8,00;54,40;35,20;44,80;92,80;96,00;8,00;64,00;32,00;192,00;320,00;48,00;96,00
2021-02-21;10,00;5,00;0,00;0,00;3,00;6,00;2,00;3,00;6,00;14,00;15,00;8,00;3,00;8,00;11,00;43,33;80,00;6,67;36,67;40,00;100,00;20,00;10,00;46,67;53,33;40,00;116,67;120,00;10,00;80,00;20,00;150,00;170,00;40,00;60,00
2021-02-28;8,00;5,00;0,00;0,00;5,00;6,00;0,00;3,00;16,00;13,00;3,00;8,00;16,00;6,00;17,00;40,00;58,67;5,33;16,00;24,00;88,00;8,00;8,00;34,67;21,33;32,00;90,67;80,00;8,00;48,00;16,00;88,00;152,00;16,00;32,00
2021-03-07;16,00;11,00;3,00;2,00;3,00;3,00;5,00;2,00;6,00;21,00;8,00;12,00;20,00;19,00;11,00;64,00;54,40;12,80;38,40;40,00;72,00;16,00;8,00;51,20;38,40;48,00;102,40;80,00;0,00;48,00;16,00;240,00;320,00;48,00;96,00
2021-03-14;21,00;12,00;0,00;4,00;3,00;6,00;3,00;1,00;8,00;9,00;6,00;15,00;13,00;26,00;15,00;69,00;69,00;6,00;27,00;35,00;63,00;14,00;7,00;39,00;24,00;39,00;120,00;84,00;10,50;63,00;42,00;136,50;189,00;31,50;63,00
2021-03-21;10,00;6,00;0,00;2,00;5,00;2,00;5,00;0,00;10,00;10,00;12,00;6,00;19,00;16,00;16,00;70,00;70,00;13,33;20,00;30,00;110,00;20,00;20,00;46,67;20,00;36,67;123,33;80,00;10,00;60,00;20,00;120,00;180,00;30,00;50,00
2021-03-28;10,00;6,00;2,00;0,00;0,00;3,00;9,00;2,00;5,00;13,00;6,00;8,00;30,00;14,00;12,00;50,00;53,33;6,67;20,00;40,00;100,00;20,00;10,00;26,67;36,67;26,67;100,00;100,00;10,00;40,00;20,00;120,00;150,00;30,00;50,00
2021-04-04;5,00;8,00;2,00;0,00;5,00;5,00;3,00;2,00;3,00;13,00;6,00;12,00;11,00;6,00;11,00;37,50;25,00;2,50;12,50;15,00;30,00;10,00;5,00;25,00;12,50;17,50;82,50;40,00;5,00;30,00;10,00;140,00;160,00;20,00;60,00
2021-04-11;6,00;11,00;1,00;0,00;3,00;4,00;2,00;3,00;8,00;5,00;1,00;6,00;12,00;6,00;13,00;45,00;57,00;6,00;24,00;18,00;48,00;12,00;6,00;48,00;21,00;30,00;90,00;48,00;6,00;36,00;12,00;132,00;204,00;24,00;48,00
2021-04-18;11,00;5,00;1,00;1,00;8,00;4,00;3,00;1,00;6,00;14,00;6,00;4,00;15,00;8,00;13,00;58,67;66,00;7,33;44,00;55,00;77,00;11,00;5,50;33,00;13,75;24,75;96,25;88,00;11,00;66,00;22,00;121,00;209,00;33,00;66,00
2021-04-25;9,00;12,00;3,00;1,00;0,00;4,00;0,00;1,00;6,00;5,00;6,00;3,00;12,00;6,00;12,00;63,00;57,00;6,00;30,00;36,00;63,00;9,00;18,00;36,00;15,00;21,00;96,00;90,00;9,00;126,00;18,00;108,00;171,00;18,00;54,00
2021-05-02;11,00;14,00;0,00;2,00;5,00;8,00;0,00;2,00;2,00;14,00;7,00;10,00;9,00;5,00;6,00;66,00;77,00;7,33;29,33;33,00;88,00;22,00;11,00;41,25;22,00;22,00;96,25;55,00;5,50;396,00;11,00;132,00;176,00;33,00;66,00
2021-05-09;16,00;13,00;3,00;0,00;3,00;5,00;2,00;3,00;10,00;11,00;5,00;6,00;18,00;8,00;8,00;51,20;83,20;9,60;35,20;32,00;72,00;24,00;8,00;32,00;22,40;28,80;140,80;128,00;8,00;128,00;16,00;176,00;320,00;32,00;128,00
2021-05-16;13,00;19,00;0,00;0,00;9,00;6,00;2,00;2,00;6,00;16,00;5,00;8,00;19,00;5,00;11,00;68,25;65,00;16,25;19,50;19,50;58,50;6,50;6,50;48,75;29,25;35,75;117,00;52,00;6,50;26,00;26,00;143,00;247,00;26,00;65,00
2021-05-23;16,00;22,00;0,00;2,00;6,00;0,00;3,00;0,00;10,00;22,00;9,00;9,00;17,00;17,00;5,00;76,80;80,00;9,60;28,80;32,00;88,00;24,00;24,00;28,80;25,60;25,60;140,80;80,00;8,00;32,00;32,00;208,00;304,00;64,00;96,00
2021-05-30;19,00;9,00;2,00;0,00;2,00;2,00;5,00;3,00;3,00;11,00;9,00;18,00;8,00;13,00;11,00;72,83;85,50;6,33;41,17;47,50;104,50;19,00;4,75;25,33;19,00;25,33;110,83;95,00;0,00;57,00;38,00;304,00;342,00;57,00;114,00
2021-06-06;26,00;17,00;0,00;2,00;2,00;6,00;3,00;2,00;18,00;8,00;3,00;23,00;21,00;11,00;2,00;100,75;91,00;9,75;29,25;34,67;104,00;8,67;8,67;40,44;23,11;26,00;132,89;130,00;13,00;52,00;52,00;208,00;351,00;52,00;104,00
2021-06-13;22,00;14,00;2,00;3,00;8,00;8,00;6,00;5,00;13,00;12,00;17,00;11,00;19,00;5,00;5,00;84,86;78,57;6,29;40,86;102,67;88,00;14,67;7,33;47,14;25,14;28,29;157,14;154,00;0,00;88,00;44,00;198,00;286,00;44,00;77,00
2021-06-20;33,00;11,00;0,00;3,00;2,00;3,00;6,00;11,00;2,00;18,00;3,00;22,00;15,00;7,00;8,00;102,30;99,00;13,20;42,90;66,00;115,50;24,75;8,25;30,00;27,00;30,00;135,00;99,00;8,25;49,50;49,50;297,00;412,50;82,50;132,00
2021-06-27;30,00;7,00;5,00;3,00;2,00;5,00;10,00;6,00;5,00;13,00;6,00;25,00;20,00;13,00;10,00;136,67;66,67;6,67;63,33;82,50;67,50;22,50;7,50;45,00;18,00;45,00;168,00;210,00;0,00;60,00;60,00;270,00;360,00;45,00;105,00
2021-07-04;25,00;3,00;3,00;6,00;5,00;6,00;2,00;2,00;13,00;18,00;3,00;18,00;25,00;21,00;10,00;112,50;68,75;6,25;62,50;58,33;91,67;16,67;8,33;40,63;34,38;53,13;140,63;175,00;0,00;75,00;50,00;275,00;312,50;50,00;75,00
2021-07-11;13,00;13,00;0,00;5,00;10,00;5,00;11,00;5,00;13,00;45,00;6,00;23,00;8,00;20,00;21,00;100,75;74,75;6,50;52,00;65,00;117,00;19,50;19,50;52,00;26,00;35,75;139,75;117,00;6,50;26,00;39,00;286,00;377,00;52,00;104,00
2021-07-18;23,00;5,00;0,00;0,00;14,00;9,00;2,00;0,00;19,00;33,00;5,00;12,00;23,00;9,00;19,00;124,86;82,14;6,57;72,29;53,67;84,33;30,67;7,67;31,63;14,38;20,13;186,88;138,00;11,50;69,00;69,00;230,00;356,50;69,00;80,50
2021-07-25;19,00;5,00;0,00;2,00;5,00;3,00;3,00;2,00;13,00;28,00;2,00;15,00;3,00;7,00;16,00;101,33;85,50;9,50;63,33;85,50;95,00;28,50;19,00;57,00;15,83;31,67;133,00;133,00;9,50;57,00;38,00;456,00;551,00;76,00;152,00
2021-08-01;40,00;12,00;2,00;0,00;8,00;7,00;3,00;0,00;15,00;25,00;0,00;12,00;25,00;15,00;18,00;166,15;83,08;9,23;70,77;56,00;96,00;16,00;8,00;46,15;21,54;55,38;156,92;140,00;10,00;60,00;80,00;280,00;413,33;53,33;93,33
2021-08-08;29,00;13,00;2,00;0,00;12,00;2,00;5,00;0,00;10,00;29,00;5,00;10,00;23,00;13,00;8,00;138,56;96,67;9,67;87,00;48,33;116,00;19,33;9,67;29,00;26,10;52,20;153,70;203,00;14,50;116,00;58,00;377,00;406,00;72,50;130,50
2021-08-15;24,00;17,00;0,00;2,00;10,00;5,00;3,00;8,00;10,00;20,00;11,00;13,00;15,00;8,00;8,00;114,00;87,00;21,00;57,00;48,00;112,00;16,00;16,00;54,00;27,00;30,00;156,00;168,00;12,00;72,00;72,00;264,00;348,00;48,00;84,00
2021-08-22;21,00;17,00;2,00;3,00;9,00;0,00;3,00;0,00;10,00;19,00;8,00;23,00;14,00;12,00;8,00;99,00;90,00;24,00;75,00;35,00;77,00;21,00;7,00;51,00;27,00;42,00;177,00;168,00;10,50;63,00;84,00;199,50;315,00;63,00;73,50
2021-08-29;23,00;7,00;2,00;0,00;2,00;3,00;0,00;3,00;16,00;21,00;5,00;18,00;12,00;9,00;8,00;85,43;98,57;6,57;78,86;53,67;92,00;15,33;7,67;57,50;31,63;25,88;163,88;161,00;11,50;92,00;92,00;230,00;379,50;57,50;92,00
2021-09-05;20,00;7,00;0,00;2,00;9,00;3,00;10,00;2,00;9,00;19,00;10,00;14,00;23,00;12,00;12,00;103,33;103,33;10,00;60,00;60,00;140,00;20,00;10,00;56,67;30,00;53,33;166,67;120,00;10,00;60,00;80,00;400,00;640,00;80,00;120,00
2021-09-12;35,00;15,00;0,00;0,00;10,00;5,00;7,00;5,00;12,00;15,00;13,00;18,00;22,00;17,00;17,00;79,55;82,73;15,91;54,09;61,25;96,25;17,50;8,75;44,55;47,73;35,00;210,00;122,50;0,00;52,50;35,00;245,00;385,00;46,67;105,00
2021-09-19;17,00;15,00;2,00;2,00;7,00;7,00;7,00;5,00;17,00;18,00;11,00;11,00;22,00;12,00;11,00;88,40;108,80;13,60;74,80;42,50;85,00;17,00;8,50;51,00;22,67;51,00;150,17;102,00;0,00;51,00;51,00;357,00;578,00;68,00;136,00
2021-09-26;31,00;12,00;3,00;0,00;2,00;3,00;2,00;0,00;9,00;24,00;2,00;18,00;29,00;19,00;18,00;71,30;108,50;9,30;74,40;38,75;85,25;15,50;7,75;55,80;40,30;37,20;179,80;217,00;15,50;124,00;124,00;341,00;573,50;77,50;124,00
2021-10-03;21,00;10,00;2,00;0,00;13,00;2,00;5,00;0,00;22,00;12,00;8,00;12,00;25,00;2,00;10,00;99,00;99,00;15,00;54,00;42,00;115,50;31,50;10,50;33,00;33,00;42,00;174,00;147,00;10,50;63,00;84,00;241,50;357,00;42,00;94,50
2021-10-10;28,00;5,00;0,00;3,00;3,00;5,00;5,00;0,00;11,00;21,00;3,00;15,00;16,00;19,00;8,00;102,67;112,00;12,44;68,44;84,00;130,67;28,00;18,67;52,89;37,33;37,33;186,67;224,00;14,00;84,00;112,00;308,00;476,00;56,00;112,00
2021-10-17;29,00;15,00;0,00;0,00;3,00;3,00;5,00;0,00;10,00;20,00;12,00;18,00;24,00;22,00;17,00;58,00;109,56;12,89;48,33;50,75;79,75;29,00;7,25;52,20;40,60;40,60;162,40;232,00;14,50;116,00;116,00;362,50;507,50;72,50;130,50
2021-10-24;26,00;19,00;2,00;2,00;3,00;10,00;0,00;2,00;14,00;19,00;8,00;20,00;20,00;12,00;13,00;104,00;94,25;19,50;48,75;60,67;95,33;34,67;8,67;60,67;28,89;31,78;141,56;182,00;13,00;104,00;78,00;377,00;429,00;52,00;117,00
2021-10-31;24,00;2,00;0,00;2,00;5,00;2,00;2,00;0,00;12,00;12,00;13,00;8,00;32,00;19,00;10,00;78,00;108,00;15,00;57,00;40,00;104,00;24,00;8,00;60,00;27,00;54,00;171,00;168,00;12,00;96,00;96,00;336,00;444,00;60,00;84,00
2021-11-07;22,00;13,00;0,00;0,00;5,00;5,00;8,00;2,00;5,00;10,00;5,00;15,00;7,00;18,00;13,00;81,71;110,00;12,57;59,71;51,33;88,00;29,33;7,33;66,00;40,86;34,57;179,14;154,00;11,00;66,00;88,00;275,00;374,00;44,00;66,00
2021-11-14;15,00;8,00;2,00;0,00;3,00;6,00;6,00;2,00;15,00;16,00;5,00;19,00;18,00;5,00;14,00;66,00;108,00;9,00;39,00;45,00;97,50;22,50;15,00;60,00;18,00;39,00;156,00;90,00;7,50;60,00;60,00;330,00;465,00;60,00;135,00
2021-11-21;16,00;11,00;2,00;0,00;5,00;8,00;9,00;3,00;10,00;16,00;5,00;13,00;18,00;11,00;8,00;70,40;96,00;12,80;54,40;40,00;72,00;16,00;16,00;67,20;41,60;32,00;176,00;96,00;8,00;64,00;48,00;320,00;512,00;48,00;144,00
2021-11-28;17,00;10,00;0,00;0,00;6,00;3,00;5,00;0,00;8,00;3,00;11,00;17,00;15,00;20,00;14,00;64,60;98,60;10,20;64,60;42,50;68,00;25,50;8,50;40,80;51,00;40,80;227,80;85,00;8,50;34,00;34,00;306,00;510,00;68,00;85,00
2021-12-05;27,00;12,00;2,00;2,00;7,00;2,00;7,00;0,00;2,00;8,00;19,00;15,00;15,00;10,00;11,00;45,00;81,00;9,00;69,00;36,00;90,00;27,00;9,00;78,00;18,00;42,00;174,00;108,00;13,50;108,00;81,00;229,50;351,00;54,00;94,50
2021-12-12;25,00;15,00;3,00;0,00;7,00;5,00;5,00;2,00;7,00;13,00;11,00;13,00;18,00;10,00;10,00;62,50;71,88;12,50;50,00;41,67;58,33;25,00;8,33;40,63;46,88;37,50;165,63;150,00;12,50;100,00;50,00;187,50;312,50;37,50;62,50
2021-12-19;12,00;7,00;0,00;0,00;3,00;5,00;0,00;0,00;11,00;7,00;22,00;19,00;23,00;9,00;5,00;39,00;78,00;3,00;60,00;60,00;96,00;24,00;12,00;48,00;24,00;27,00;132,00;48,00;6,00;36,00;24,00;204,00;288,00;36,00;60,00
2021-12-26;24,00;20,00;2,00;2,00;5,00;5,00;3,00;2,00;5,00;12,00;12,00;12,00;17,00;22,00;8,00;51,00;66,00;9,00;60,00;48,00;88,00;24,00;8,00;42,00;33,00;36,00;147,00;144,00;12,00;96,00;72,00;228,00;324,00;48,00;60,00
2022-01-02;40,00;16,00;2,00;3,00;14,00;10,00;2,00;3,00;9,00;20,00;7,00;7,00;5,00;20,00;19,00;55,38;83,08;15,38;64,62;48,00;88,00;24,00;16,00;52,31;33,85;43,08;172,31;140,00;10,00;60,00;60,00;293,33;480,00;53,33;93,33
2022-01-09;16,00;12,00;0,00;3,00;7,00;3,00;3,00;2,00;0,00;11,00;10,00;12,00;21,00;23,00;14,00;92,80;99,20;16,00;57,60;48,00;72,00;16,00;8,00;57,60;38,40;28,80;172,80;96,00;8,00;64,00;64,00;304,00;480,00;48,00;128,00
2022-01-16;20,00;8,00;0,00;2,00;2,00;8,00;5,00;0,00;8,00;12,00;8,00;18,00;26,00;15,00;21,00;70,00;96,67;10,00;50,00;50,00;130,00;20,00;20,00;42,86;25,71;45,71;157,14;140,00;10,00;80,00;80,00;440,00;660,00;80,00;180,00
2022-01-23;19,00;23,00;2,00;2,00;12,00;5,00;3,00;8,00;22,00;19,00;9,00;15,00;37,00;11,00;17,00;120,33;129,83;9,50;63,33;85,50;133,00;19,00;19,00;69,67;28,50;47,50;240,67;152,00;9,50;57,00;95,00;437,00;627,00;76,00;152,00
2022-01-30;36,00;18,00;0,00;5,00;10,00;8,00;8,00;3,00;13,00;15,00;17,00;16,00;18,00;18,00;11,00;78,00;108,00;9,00;60,00;45,00;117,00;18,00;18,00;63,00;33,00;54,00;171,00;144,00;9,00;72,00;90,00;276,00;468,00;60,00;120,00
2022-02-06;39,00;16,00;2,00;0,00;20,00;13,00;2,00;3,00;18,00;18,00;16,00;19,00;26,00;10,00;19,00;133,25;152,75;26,00;71,50;70,20;124,80;15,60;15,60;57,00;36,00;75,00;213,00;195,00;9,75;117,00;136,50;364,00;533,00;78,00;182,00
2022-02-13;55,00;13,00;3,00;3,00;9,00;12,00;6,00;5,00;17,00;22,00;17,00;44,00;33,00;9,00;17,00;161,76;158,53;22,65;58,24;55,00;125,71;31,43;15,71;64,17;48,89;82,50;207,78;201,67;9,17;110,00;128,33;495,00;660,00;96,25;192,50
2022-02-20;40,00;13,00;1,00;4,00;15,00;5,00;7,00;3,00;19,00;25,00;14,00;44,00;24,00;26,00;22,00;170,00;200,00;20,00;96,67;80,00;168,00;40,00;24,00;64,62;55,38;86,15;243,08;300,00;10,00;120,00;140,00;533,33;720,00;106,67;253,33
2022-02-27;46,00;9,00;6,00;4,00;14,00;5,00;10,00;5,00;16,00;29,00;12,00;31,00;32,00;17,00;18,00;151,14;180,71;16,43;105,14;82,80;138,00;27,60;9,20;85,87;58,27;88,93;236,13;276,00;11,50;161,00;207,00;490,67;797,33;92,00;230,00
2022-03-06;59,00;15,00;3,00;9,00;13,00;5,00;9,00;13,00;19,00;27,00;10,00;36,00;29,00;11,00;17,00;130,42;226,68;18,63;77,63;75,86;151,71;42,14;16,86;65,21;71,42;77,63;229,79;255,67;9,83;118,00;177,00;604,75;826,00;118,00;280,25
2022-03-13;55,00;19,00;1,00;9,00;11,00;12,00;12,00;8,00;19,00;29,00;33,00;32,00;38,00;13,00;34,00;184,41;252,35;29,12;97,06;55,00;157,14;39,29;15,71;70,28;55,00;82,50;235,28;256,67;9,17;146,67;183,33;618,75;742,50;110,00;288,75
2022-03-20;66,00;22,00;1,00;3,00;18,00;5,00;8,00;10,00;22,00;37,00;25,00;34,00;30,00;21,00;21,00;188,57;216,86;34,57;72,29;66,00;181,50;41,25;8,25;96,00;60,00;99,00;231,00;352,00;11,00;176,00;220,00;620,40;699,60;132,00;290,40
2022-03-27;50,00;22,00;9,00;6,00;12,00;6,00;8,00;6,00;24,00;28,00;11,00;41,00;33,00;28,00;26,00;193,75;206,25;31,25;93,75;58,33;191,67;33,33;8,33;64,71;64,71;88,24;182,35;400,00;12,50;150,00;225,00;587,50;662,50;112,50;237,50
2022-04-03;66,00;20,00;1,00;1,00;23,00;21,00;8,00;6,00;29,00;32,00;17,00;28,00;33,00;13,00;17,00;163,43;238,86;34,57;97,43;74,25;214,50;41,25;16,50;60,00;48,00;93,00;210,00;330,00;11,00;154,00;198,00;594,00;712,80;105,60;264,00
2022-04-10;69,00;26,00;1,00;8,00;19,00;8,00;11,00;10,00;30,00;30,00;24,00;28,00;39,00;25,00;19,00;181,91;228,95;47,05;81,55;77,63;224,25;43,13;17,25;60,00;60,00;108,00;216,00;414,00;11,50;184,00;184,00;607,20;731,40;96,60;303,60
2022-04-17;63,00;17,00;3,00;5,00;12,00;14,00;6,00;4,00;23,00;29,00;19,00;59,00;48,00;24,00;29,00;204,75;261,45;25,20;78,75;70,88;236,25;47,25;23,63;81,00;66,00;96,00;225,00;336,00;10,50;147,00;210,00;567,00;730,80;113,40;327,60
2022-04-24;58,00;20,00;6,00;8,00;15,00;12,00;8,00;8,00;26,00;37,00;21,00;42,00;44,00;26,00;17,00;215,89;206,22;25,78;132,11;66,29;232,00;58,00;16,57;85,47;82,42;88,53;250,32;386,67;9,67;367,33;174,00;652,50;855,50;130,50;319,00
2022-05-01;88,00;11,00;0,00;4,00;20,00;15,00;12,00;5,00;21,00;20,00;11,00;30,00;47,00;15,00;30,00;257,71;238,86;28,29;116,29;64,00;256,00;40,00;16,00;72,83;69,79;112,28;245,79;440,00;11,00;2200,00;198,00;553,14;729,14;138,29;314,29
2022-05-08;83,00;17,00;5,00;3,00;11,00;8,00;9,00;9,00;18,00;24,00;21,00;37,00;59,00;23,00;42,00;233,04;261,77;28,73;114,92;58,10;215,80;58,10;16,60;65,21;91,89;91,89;243,07;477,25;10,38;456,50;207,50;608,67;816,17;110,67;387,33
2022-05-15;66,00;24,00;3,00;4,00;13,00;13,00;6,00;4,00;29,00;33,00;10,00;38,00;53,00;16,00;28,00;213,71;188,57;34,57;141,43;49,50;181,50;33,00;16,50;69,00;57,00;87,00;219,00;418,00;11,00;176,00;264,00;620,40;739,20;105,60;343,20
2022-05-22;78,00;24,00;1,00;1,00;10,00;9,00;10,00;6,00;20,00;31,00;10,00;20,00;57,00;29,00;34,00;209,04;262,08;24,96;121,68;78,00;208,00;52,00;26,00;57,00;63,00;108,00;258,00;331,50;9,75;175,50;156,00;663,00;780,00;130,00;351,00
2022-05-29;100,00;29,00;6,00;6,00;12,00;16,00;7,00;6,00;15,00;26,00;20,00;47,00;42,00;28,00;31,00;240,63;262,50;34,38;115,63;66,67;225,00;41,67;25,00;75,76;87,88;112,12;248,48;360,00;10,00;180,00;160,00;771,43;857,14;142,86;314,29
2022-06-05;74,00;18,00;1,00;1,00;6,00;17,00;15,00;6,00;33,00;34,00;16,00;33,00;44,00;21,00;35,00;212,35;231,65;45,04;135,13;82,22;230,22;49,33;16,44;67,83;70,92;86,33;271,33;468,67;12,33;222,00;271,33;740,00;917,60;177,60;399,60
2022-06-12;82,00;18,00;6,00;6,00;18,00;13,00;10,00;7,00;30,00;19,00;13,00;23,00;49,00;22,00;22,00;268,08;233,38;31,54;129,31;82,00;221,40;65,60;24,60;97,19;75,93;94,15;233,85;471,50;10,25;164,00;205,00;683,33;861,00;123,00;328,00
2022-06-19;69,00;36,00;3,00;3,00;16,00;7,00;3,00;7,00;23,00;29,00;16,00;37,00;54,00;29,00;31,00;232,09;288,55;34,50;147,41;112,13;232,88;69,00;8,63;69,00;69,00;117,00;276,00;483,00;11,50;161,00;230,00;676,20;883,20;151,80;345,00
2022-06-26;77,00;14,00;5,00;9,00;19,00;12,00;12,00;6,00;16,00;33,00;21,00;52,00;74,00;17,00;17,00;259,88;263,08;35,29;166,83;77,00;248,11;59,89;17,11;94,77;68,12;115,50;269,50;423,50;9,63;154,00;192,50;654,50;808,50;128,33;320,83
2022-07-03;80,00;16,00;2,00;5,00;14,00;15,00;15,00;14,00;35,00;38,00;15,00;34,00;57,00;32,00;32,00;256,00;278,40;35,20;188,80;72,00;216,00;48,00;16,00;91,85;82,96;112,59;248,89;420,00;0,00;160,00;200,00;680,00;826,67;160,00;346,67
2022-07-10;71,00;27,00;2,00;3,00;12,00;7,00;9,00;5,00;22,00;43,00;16,00;36,00;55,00;23,00;17,00;245,27;245,27;29,05;151,68;88,75;230,75;44,38;17,75;80,26;55,57;117,30;265,48;544,33;11,83;189,33;284,00;681,60;908,80;142,00;326,60
