Semaine;Nice (FR);Saint Jean de Monts (FR);Plage de la Palmyre (FR);Le Grau du Roi (FR);Cap Ferret (FR);Biscarrosse (FR);La Baule Escoublac (FR);Sitges (ES);Argelès sur Mer (FR);Carnac (FR);Arcachon (FR);Portofino (IT);Porto Vecchio (FR);Lacanau (FR);Palavas les Flots (FR);Le Touquet (BE);Torremolinos (ES);Le Barcarès (FR);Deauville (FR);Amalfi (IT);Cannes (FR);Dubrovnik (HR);Antibes (FR);Saint Malo (FR);Le Cap d Agde (FR);Cefalù (IT);Fréjus (FR);Bodrum (TR);Mykonos (GR);Biarritz (FR);Ars en Ré (FR);Santorini Island (GR);Marbella (ES);Faro (PT);Málaga (ES);Ibiza (ES);Djerba (TN);Lloret de Mar (ES);Corfu (GR);Mallorca (ES);Benidorm (ES);reta (SI);Agadir (MA)
2019-01-06;36,00;0,00;0,00;0,00;0,00;0,00;0,00;5,00;0,00;0,00;2,00;2,00;0,00;0,00;0,00;0,00;0,00;0,00;2,00;8,00;4,00;15,00;9,00;2,00;2,00;4,00;0,00;17,00;28,00;15,00;2,00;32,57;51,43;12,00;30,86;9,00;1,29;7,71;41,14;168,92;22,15;0,00;24,92
2019-01-13;34,00;0,00;0,00;0,00;0,00;0,00;0,00;7,00;0,00;0,00;0,00;2,00;2,00;0,00;0,00;0,00;5,00;0,00;0,00;15,00;0,00;13,00;13,00;2,00;4,00;4,00;0,00;4,00;22,00;9,00;4,00;61,20;37,40;15,30;32,30;8,81;1,26;0,00;66,74;161,50;22,67;0,00;14,17
2019-01-20;31,00;0,00;0,00;0,00;0,00;0,00;0,00;2,00;0,00;0,00;0,00;4,00;0,00;0,00;0,00;0,00;0,00;0,00;0,00;13,00;2,00;20,00;5,00;0,00;5,00;5,00;0,00;16,00;22,00;13,00;0,00;65,44;46,50;18,94;31,00;10,33;1,29;12,92;47,79;140,91;14,09;0,00;28,18
2019-01-27;13,00;0,00;0,00;0,00;0,00;0,00;0,00;0,00;0,00;0,00;0,00;0,00;0,00;0,00;0,00;0,00;2,00;0,00;0,00;11,00;0,00;13,00;6,00;0,00;0,00;11,00;0,00;13,00;13,00;13,00;2,00;43,88;52,00;14,63;30,88;27,30;1,30;5,20;44,20;132,60;20,80;0,00;7,80
2019-02-03;18,00;0,00;0,00;0,00;0,00;0,00;0,00;2,00;0,00;0,00;0,00;4,00;0,00;2,00;0,00;0,00;5,00;0,00;0,00;15,00;7,00;16,00;2,00;7,00;4,00;2,00;2,00;5,00;22,00;9,00;2,00;45,82;34,36;14,73;27,82;12,00;3,60;1,20;21,60;105,43;15,43;0,00;18,00
2019-02-10;9,00;0,00;0,00;0,00;0,00;0,00;0,00;4,00;0,00;0,00;0,00;0,00;0,00;2,00;0,00;2,00;0,00;0,00;4,00;7,00;2,00;18,00;15,00;0,00;5,00;2,00;0,00;9,00;22,00;13,00;0,00;55,80;34,20;34,20;37,80;14,14;3,86;3,86;38,57;162,00;18,00;0,00;24,00
2019-02-17;26,00;0,00;0,00;0,00;0,00;0,00;0,00;5,00;0,00;0,00;0,00;2,00;0,00;2,00;0,00;0,00;4,00;0,00;0,00;8,00;4,00;21,00;15,00;4,00;2,00;5,00;4,00;11,00;21,00;13,00;2,00;32,50;63,38;27,63;22,75;18,57;3,71;1,24;37,14;173,33;26,00;0,00;14,44
2019-02-24;22,00;0,00;0,00;0,00;0,00;0,00;0,00;9,00;0,00;0,00;0,00;5,00;0,00;0,00;0,00;2,00;0,00;0,00;0,00;6,00;9,00;9,00;7,00;4,00;2,00;5,00;0,00;9,00;11,00;22,00;0,00;49,08;33,85;42,31;32,15;17,11;3,67;4,89;25,67;181,50;19,25;0,00;22,00
2019-03-03;28,00;0,00;0,00;0,00;0,00;0,00;0,00;4,00;0,00;0,00;2,00;2,00;0,00;0,00;2,00;0,00;4,00;0,00;0,00;11,00;5,00;13,00;7,00;2,00;4,00;14,00;4,00;7,00;15,00;5,00;2,00;49,00;40,25;12,25;29,75;12,73;0,00;5,09;39,45;173,60;14,00;0,00;14,00
2019-03-10;26,00;0,00;0,00;0,00;0,00;0,00;0,00;0,00;0,00;0,00;0,00;2,00;0,00;0,00;0,00;0,00;0,00;2,00;0,00;19,00;5,00;26,00;11,00;0,00;2,00;7,00;0,00;7,00;15,00;7,00;0,00;57,20;41,60;41,60;38,13;27,24;3,71;8,67;42,10;179,11;8,67;0,00;17,33
2019-03-17;22,00;0,00;0,00;0,00;0,00;2,00;0,00;7,00;0,00;0,00;0,00;0,00;0,00;0,00;0,00;0,00;2,00;0,00;0,00;7,00;9,00;16,00;13,00;4,00;0,00;7,00;0,00;13,00;29,00;7,00;0,00;67,69;50,77;38,92;33,85;16,82;1,29;18,12;34,94;203,50;24,75;0,00;11,00
2019-03-24;24,00;0,00;0,00;0,00;0,00;0,00;0,00;2,00;0,00;0,00;2,00;5,00;0,00;2,00;0,00;0,00;2,00;0,00;0,00;16,00;7,00;23,00;13,00;2,00;5,00;11,00;2,00;18,00;16,00;16,00;2,00;53,14;73,71;34,29;41,14;12,63;0,00;5,05;39,16;195,00;12,00;0,00;9,00
2019-03-31;42,00;0,00;0,00;0,00;0,00;0,00;0,00;5,00;0,00;0,00;0,00;0,00;2,00;0,00;0,00;0,00;7,00;0,00;0,00;0,00;5,00;30,00;13,00;0,00;0,00;4,00;2,00;21,00;19,00;8,00;0,00;54,25;42,00;19,25;29,75;20,36;0,00;7,64;34,36;162,40;25,20;0,00;16,80
2019-04-07;25,00;0,00;0,00;0,00;0,00;0,00;0,00;5,00;0,00;0,00;0,00;4,00;0,00;0,00;0,00;0,00;0,00;0,00;0,00;23,00;4,00;26,00;13,00;2,00;7,00;9,00;4,00;7,00;17,00;21,00;0,00;64,29;60,71;16,07;28,57;26,32;0,00;13,16;28,95;227,78;13,89;0,00;13,89
2019-04-14;12,00;0,00;0,00;2,00;0,00;0,00;2,00;8,00;0,00;0,00;0,00;2,00;0,00;2,00;0,00;0,00;0,00;0,00;0,00;16,00;8,00;14,00;16,00;0,00;2,00;10,00;0,00;20,00;16,00;12,00;0,00;72,00;78,86;17,14;51,43;13,20;2,40;12,00;36,00;240,00;21,00;0,00;9,00
2019-04-21;40,00;0,00;0,00;0,00;0,00;0,00;2,00;6,00;0,00;0,00;0,00;6,00;0,00;0,00;0,00;0,00;0,00;0,00;0,00;19,00;7,00;23,00;23,00;0,00;2,00;15,00;4,00;19,00;19,00;13,00;2,00;71,67;63,33;16,67;45,00;20,00;3,75;3,75;35,00;205,71;17,14;0,00;11,43
2019-04-28;52,00;0,00;0,00;0,00;0,00;0,00;0,00;5,00;2,00;0,00;0,00;5,00;0,00;0,00;0,00;0,00;2,00;0,00;0,00;2,00;11,00;18,00;13,00;2,00;4,00;9,00;2,00;13,00;24,00;22,00;0,00;57,20;46,80;19,07;41,60;12,68;0,00;11,41;25,37;231,11;14,44;0,00;11,56
2019-05-05;34,00;0,00;0,00;0,00;0,00;0,00;0,00;0,00;0,00;0,00;2,00;11,00;0,00;0,00;0,00;0,00;2,00;2,00;0,00;11,00;3,00;14,00;23,00;3,00;2,00;5,00;0,00;21,00;27,00;16,00;3,00;71,40;59,50;11,90;37,40;23,93;3,78;7,56;45,33;181,33;17,00;0,00;5,67
2019-05-12;34,00;0,00;0,00;0,00;0,00;0,00;0,00;0,00;0,00;0,00;0,00;9,00;0,00;0,00;0,00;0,00;2,00;0,00;0,00;7,00;9,00;32,00;9,00;0,00;3,00;5,00;0,00;23,00;20,00;14,00;0,00;69,70;47,60;15,30;25,50;22,67;0,00;8,81;46,59;195,50;22,67;0,00;5,67
2019-05-19;62,00;0,00;0,00;0,00;0,00;0,00;0,00;9,00;0,00;0,00;2,00;9,00;2,00;0,00;0,00;0,00;2,00;0,00;2,00;7,00;9,00;14,00;16,00;0,00;0,00;12,00;0,00;18,00;25,00;13,00;3,00;82,67;51,67;8,61;51,67;31,00;1,29;5,17;55,54;233,91;11,27;0,00;5,64
2019-05-26;40,00;0,00;0,00;0,00;0,00;0,00;0,00;5,00;0,00;0,00;0,00;4,00;0,00;0,00;0,00;0,00;5,00;0,00;0,00;6,00;11,00;27,00;22,00;0,00;2,00;14,00;4,00;25,00;26,00;9,00;0,00;80,00;56,67;10,00;25,00;16,25;5,00;5,00;68,75;231,43;14,29;0,00;2,86
2019-06-02;56,00;0,00;0,00;0,00;0,00;0,00;0,00;4,00;0,00;0,00;0,00;2,00;0,00;2,00;0,00;0,00;2,00;0,00;2,00;27,00;6,00;23,00;19,00;2,00;4,00;9,00;0,00;34,00;40,00;15,00;2,00;96,73;54,30;11,88;37,33;16,55;0,00;0,00;73,82;182,00;28,00;0,00;0,00
2019-06-09;39,00;0,00;0,00;0,00;0,00;0,00;0,00;2,00;0,00;0,00;2,00;4,00;0,00;2,00;0,00;0,00;4,00;0,00;0,00;13,00;15,00;32,00;15,00;4,00;5,00;9,00;4,00;39,00;35,00;22,00;2,00;81,39;76,30;6,78;35,61;16,35;7,55;7,55;78,00;208,93;16,71;0,00;8,36
2019-06-16;46,00;0,00;0,00;0,00;0,00;0,00;0,00;8,00;0,00;0,00;0,00;2,00;0,00;2,00;0,00;0,00;6,00;0,00;2,00;10,00;33,00;28,00;20,00;10,00;8,00;14,00;4,00;30,00;36,00;22,00;2,00;90,30;66,44;23,85;49,41;23,62;0,00;24,86;92,00;211,06;35,18;0,00;8,12
2019-06-23;76,00;0,00;0,00;0,00;0,00;0,00;0,00;2,00;0,00;0,00;2,00;8,00;2,00;2,00;0,00;0,00;2,00;2,00;0,00;13,00;18,00;23,00;48,00;6,00;7,00;20,00;2,00;34,00;47,00;44,00;4,00;140,18;70,93;20,27;42,22;26,60;3,80;8,87;84,87;244,89;36,59;0,00;8,44
2019-06-30;99,00;0,00;0,00;0,00;0,00;0,00;0,00;2,00;0,00;0,00;0,00;11,00;2,00;0,00;0,00;0,00;0,00;2,00;2,00;13,00;18,00;34,00;43,00;6,00;7,00;5,00;7,00;39,00;53,00;49,00;2,00;170,69;61,45;29,02;51,21;31,73;5,08;7,62;126,92;265,89;33,94;0,00;8,49
2019-07-07;100,00;0,00;0,00;2,00;0,00;0,00;0,00;0,00;0,00;2,00;2,00;6,00;2,00;0,00;0,00;0,00;4,00;0,00;4,00;8,00;21,00;37,00;45,00;10,00;6,00;9,00;4,00;45,00;53,00;39,00;2,00;133,90;105,08;22,03;44,07;26,58;5,06;11,39;115,19;272,22;30,56;0,00;8,33
2019-07-14;81,00;0,00;0,00;0,00;0,00;0,00;0,00;4,00;0,00;2,00;2,00;0,00;2,00;0,00;0,00;0,00;2,00;2,00;2,00;14,00;24,00;40,00;26,00;6,00;4,00;10,00;4,00;42,00;40,00;16,00;0,00;144,77;98,23;41,36;24,13;25,31;2,53;7,59;89,86;270,93;41,90;0,00;5,59
2019-07-21;77,00;0,00;0,00;0,00;0,00;0,00;0,00;4,00;0,00;2,00;0,00;4,00;2,00;2,00;0,00;0,00;2,00;2,00;0,00;17,00;16,00;14,00;33,00;4,00;4,00;14,00;2,00;37,00;70,00;27,00;2,00;145,44;71,87;29,09;22,24;29,03;3,79;3,79;61,85;213,89;19,96;0,00;8,56
2019-07-28;60,00;0,00;0,00;0,00;0,00;0,00;0,00;6,00;0,00;0,00;0,00;2,00;0,00;2,00;0,00;0,00;2,00;0,00;0,00;14,00;6,00;34,00;14,00;2,00;6,00;15,00;2,00;36,00;40,00;22,00;0,00;109,71;66,86;29,14;17,14;19,15;3,83;10,21;80,43;234,29;17,14;0,00;20,00
2019-08-04;62,00;0,00;0,00;0,00;0,00;0,00;0,00;7,00;0,00;0,00;0,00;11,00;0,00;0,00;2,00;0,00;7,00;0,00;2,00;11,00;16,00;24,00;21,00;5,00;4,00;11,00;2,00;26,00;26,00;21,00;0,00;105,06;55,11;22,39;32,72;20,24;5,06;12,65;82,24;228,27;22,55;0,00;14,09
2019-08-11;63,00;0,00;0,00;0,00;0,00;0,00;0,00;0,00;0,00;0,00;2,00;9,00;0,00;0,00;0,00;0,00;5,00;0,00;0,00;11,00;7,00;16,00;20,00;2,00;7,00;10,00;2,00;29,00;45,00;16,00;2,00;59,59;45,97;5,11;42,57;18,90;5,04;1,26;81,90;240,55;22,91;0,00;22,91
2019-08-18;42,00;0,00;0,00;0,00;0,00;0,00;0,00;2,00;0,00;0,00;0,00;2,00;2,00;0,00;0,00;0,00;4,00;0,00;0,00;9,00;5,00;16,00;11,00;0,00;9,00;5,00;2,00;23,00;23,00;38,00;0,00;73,50;42,00;15,75;24,50;7,64;1,27;14,00;72,55;187,60;8,40;0,00;14,00
2019-08-25;41,00;0,00;0,00;0,00;0,00;0,00;0,00;0,00;0,00;0,00;0,00;4,00;0,00;0,00;0,00;0,00;5,00;0,00;0,00;7,00;9,00;12,00;14,00;2,00;2,00;3,00;0,00;23,00;23,00;39,00;5,00;64,92;35,88;8,54;23,92;23,06;1,28;7,69;56,38;155,80;16,40;0,00;8,20
2019-09-01;35,00;0,00;0,00;0,00;0,00;0,00;0,00;2,00;0,00;0,00;0,00;2,00;0,00;0,00;0,00;0,00;3,00;0,00;0,00;2,00;7,00;16,00;7,00;0,00;3,00;12,00;3,00;12,00;33,00;9,00;0,00;53,33;31,67;18,33;31,67;13,75;3,75;1,25;43,75;192,50;20,42;0,00;5,83
2019-09-08;14,00;0,00;0,00;0,00;0,00;0,00;0,00;0,00;0,00;0,00;0,00;3,00;0,00;0,00;0,00;0,00;0,00;0,00;0,00;9,00;7,00;7,00;17,00;0,00;3,00;3,00;0,00;5,00;15,00;3,00;0,00;54,25;38,50;19,25;31,50;14,00;1,27;16,55;31,82;179,20;19,60;0,00;14,00
2019-09-15;30,00;0,00;0,00;0,00;0,00;0,00;0,00;2,00;0,00;0,00;0,00;0,00;0,00;0,00;0,00;0,00;0,00;0,00;0,00;9,00;3,00;11,00;21,00;0,00;2,00;19,00;0,00;14,00;12,00;2,00;0,00;46,67;33,33;5,00;20,00;22,50;0,00;1,25;43,75;158,18;30,00;0,00;5,45
2019-09-22;28,00;0,00;0,00;0,00;0,00;0,00;0,00;5,00;0,00;0,00;0,00;0,00;2,00;0,00;0,00;0,00;2,00;0,00;0,00;2,00;10,00;5,00;10,00;0,00;3,00;3,00;3,00;14,00;12,00;10,00;0,00;40,25;40,25;15,75;10,50;11,45;0,00;3,82;25,45;170,80;33,60;0,00;14,00
2019-09-29;44,00;0,00;0,00;0,00;0,00;0,00;0,00;5,00;0,00;0,00;0,00;3,00;0,00;2,00;0,00;0,00;0,00;0,00;0,00;0,00;3,00;17,00;15,00;3,00;2,00;5,00;0,00;7,00;8,00;7,00;0,00;33,85;38,92;8,46;20,31;13,83;0,00;10,06;20,11;129,25;13,75;0,00;11,00
2019-10-06;17,00;0,00;0,00;0,00;0,00;0,00;0,00;2,00;0,00;0,00;0,00;2,00;0,00;2,00;0,00;0,00;2,00;0,00;0,00;2,00;3,00;10,00;3,00;2,00;5,00;5,00;0,00;8,00;7,00;5,00;0,00;18,70;56,10;28,90;40,80;9,15;0,00;5,23;5,23;113,33;14,17;0,00;11,33
2019-10-13;21,00;0,00;0,00;0,00;0,00;0,00;0,00;5,00;0,00;0,00;0,00;2,00;0,00;0,00;2,00;0,00;0,00;0,00;0,00;5,00;0,00;8,00;9,00;2,00;2,00;5,00;2,00;12,00;8,00;0,00;2,00;31,50;54,25;12,25;21,00;11,81;0,00;5,25;6,56;93,00;12,00;0,00;15,00
2019-10-20;23,00;0,00;0,00;0,00;0,00;0,00;0,00;3,00;0,00;2,00;0,00;0,00;2,00;0,00;0,00;0,00;3,00;0,00;0,00;7,00;3,00;7,00;9,00;2,00;2,00;5,00;0,00;9,00;12,00;9,00;0,00;24,77;33,62;19,46;24,77;10,22;1,28;1,28;8,94;106,38;25,88;0,00;2,88
2019-10-27;25,00;0,00;0,00;0,00;0,00;0,00;0,00;0,00;0,00;0,00;0,00;2,00;0,00;3,00;0,00;0,00;0,00;2,00;0,00;5,00;3,00;7,00;7,00;0,00;2,00;2,00;2,00;2,00;11,00;7,00;0,00;26,67;50,00;13,33;13,33;10,00;3,75;0,00;15,00;80,56;8,33;0,00;2,78
2019-11-03;26,00;0,00;0,00;0,00;0,00;0,00;0,00;0,00;0,00;0,00;0,00;2,00;0,00;0,00;0,00;0,00;2,00;0,00;0,00;3,00;2,00;3,00;3,00;2,00;2,00;0,00;0,00;0,00;2,00;7,00;2,00;32,93;36,40;15,60;22,53;10,40;1,30;1,30;9,10;63,56;14,44;0,00;8,67
2019-11-10;12,00;0,00;0,00;0,00;0,00;0,00;0,00;3,00;0,00;0,00;0,00;3,00;0,00;0,00;0,00;0,00;2,00;0,00;2,00;7,00;5,00;7,00;10,00;0,00;0,00;0,00;0,00;2,00;8,00;5,00;0,00;25,71;44,57;8,57;22,29;10,67;0,00;4,00;28,00;72,00;15,00;0,00;12,00
2019-11-17;14,00;0,00;0,00;0,00;0,00;0,00;0,00;0,00;0,00;0,00;0,00;3,00;0,00;0,00;0,00;0,00;0,00;0,00;0,00;3,00;2,00;7,00;3,00;2,00;0,00;3,00;0,00;3,00;8,00;10,00;0,00;26,25;43,75;7,00;17,50;3,82;1,27;1,27;10,18;56,00;8,40;0,00;11,20
2019-11-24;10,00;0,00;0,00;0,00;0,00;0,00;0,00;0,00;0,00;0,00;0,00;2,00;0,00;2,00;0,00;0,00;3,00;0,00;0,00;5,00;2,00;8,00;7,00;0,00;2,00;0,00;3,00;3,00;7,00;3,00;0,00;26,67;36,67;5,00;23,33;6,25;1,25;5,00;13,75;65,00;7,50;0,00;10,00
2019-12-01;22,00;0,00;0,00;0,00;0,00;0,00;0,00;2,00;0,00;0,00;0,00;2,00;0,00;0,00;0,00;0,00;0,00;0,00;0,00;5,00;2,00;7,00;5,00;0,00;0,00;0,00;0,00;2,00;10,00;7,00;0,00;13,54;23,69;8,46;16,92;5,18;1,29;5,18;10,35;60,50;11,00;0,00;13,75
2019-12-08;12,00;0,00;0,00;0,00;0,00;0,00;0,00;0,00;0,00;0,00;0,00;2,00;2,00;0,00;0,00;0,00;2,00;0,00;0,00;5,00;0,00;5,00;9,00;0,00;2,00;0,00;0,00;3,00;10,00;7,00;0,00;30,86;24,00;8,57;15,43;14,67;0,00;4,00;14,67;60,00;15,00;0,00;15,00
2019-12-15;16,00;0,00;0,00;0,00;0,00;0,00;0,00;0,00;0,00;0,00;0,00;0,00;0,00;0,00;0,00;0,00;0,00;0,00;2,00;2,00;0,00;7,00;2,00;0,00;2,00;2,00;0,00;7,00;23,00;2,00;0,00;19,56;39,11;12,44;19,56;6,67;4,00;4,00;12,00;61,33;13,33;0,00;8,00
2019-12-22;29,00;0,00;0,00;0,00;0,00;0,00;0,00;2,00;0,00;0,00;2,00;6,00;0,00;0,00;0,00;0,00;0,00;0,00;0,00;4,00;4,00;15,00;13,00;2,00;2,00;0,00;0,00;8,00;13,00;2,00;0,00;30,71;44,35;13,65;27,29;8,83;1,26;1,26;7,57;113,10;11,60;0,00;8,70
2019-12-29;31,00;0,00;0,00;0,00;0,00;0,00;0,00;2,00;0,00;0,00;0,00;0,00;0,00;0,00;0,00;0,00;0,00;0,00;0,00;7,00;7,00;18,00;11,00;2,00;7,00;5,00;0,00;22,00;18,00;9,00;5,00;55,11;37,89;10,33;27,56;17,36;1,24;4,96;34,72;95,82;14,09;0,00;2,82
2020-01-05;29,00;0,00;0,00;0,00;0,00;0,00;2,00;2,00;0,00;0,00;2,00;0,00;0,00;2,00;0,00;0,00;3,00;0,00;0,00;5,00;7,00;24,00;13,00;2,00;5,00;5,00;3,00;12,00;20,00;15,00;2,00;54,59;64,82;11,94;32,41;16,39;3,78;8,83;23,96;147,90;20,30;0,00;14,50
2020-01-12;32,00;0,00;0,00;0,00;0,00;0,00;0,00;2,00;0,00;0,00;0,00;2,00;0,00;0,00;0,00;0,00;0,00;0,00;2,00;5,00;2,00;8,00;14,00;3,00;3,00;9,00;0,00;10,00;16,00;10,00;0,00;53,89;52,21;11,79;25,26;11,52;1,28;5,12;28,16;157,09;8,73;0,00;17,45
2020-01-19;30,00;0,00;0,00;0,00;0,00;2,00;0,00;3,00;0,00;0,00;0,00;5,00;0,00;0,00;0,00;0,00;3,00;0,00;0,00;8,00;5,00;16,00;7,00;5,00;0,00;11,00;0,00;7,00;28,00;13,00;0,00;49,41;47,65;14,12;15,88;18,75;1,25;3,75;27,50;128,18;13,64;0,00;16,36
2020-01-26;23,00;0,00;0,00;0,00;0,00;0,00;0,00;0,00;0,00;0,00;0,00;3,00;0,00;0,00;0,00;0,00;0,00;0,00;0,00;10,00;6,00;11,00;8,00;3,00;3,00;3,00;0,00;13,00;19,00;10,00;3,00;40,69;44,23;10,62;28,31;10,22;1,28;6,39;31,94;120,75;8,63;0,00;8,63
2020-02-02;41,00;0,00;0,00;0,00;0,00;0,00;0,00;0,00;0,00;0,00;0,00;0,00;0,00;0,00;0,00;0,00;2,00;0,00;0,00;8,00;6,00;20,00;16,00;0,00;2,00;8,00;2,00;13,00;12,00;10,00;0,00;39,29;70,04;13,67;22,21;9,94;3,73;4,97;19,88;114,80;13,67;0,00;10,93
2020-02-09;39,00;0,00;0,00;0,00;0,00;0,00;0,00;2,00;0,00;0,00;0,00;2,00;0,00;0,00;0,00;0,00;0,00;0,00;0,00;7,00;5,00;13,00;8,00;5,00;3,00;3,00;0,00;15,00;18,00;10,00;0,00;35,61;44,09;13,57;16,96;7,80;6,50;5,20;33,80;117,00;11,14;0,00;11,14
2020-02-16;33,00;0,00;0,00;0,00;2,00;0,00;0,00;2,00;0,00;0,00;0,00;2,00;0,00;0,00;0,00;0,00;6,00;0,00;0,00;17,00;5,00;26,00;10,00;0,00;0,00;8,00;0,00;16,00;11,00;13,00;0,00;36,47;50,37;6,95;33,00;7,62;3,81;10,15;22,85;134,75;8,25;0,00;16,50
2020-02-23;18,00;0,00;0,00;0,00;0,00;0,00;0,00;2,00;0,00;0,00;0,00;3,00;2,00;0,00;0,00;0,00;2,00;0,00;2,00;18,00;3,00;10,00;8,00;2,00;2,00;5,00;0,00;6,00;13,00;13,00;0,00;41,40;45,00;16,20;39,60;5,14;2,57;9,00;11,57;111,00;27,00;0,00;15,00
2020-03-01;16,00;0,00;0,00;0,00;0,00;0,00;0,00;2,00;0,00;0,00;0,00;0,00;0,00;0,00;0,00;0,00;0,00;0,00;0,00;18,00;5,00;8,00;8,00;0,00;2,00;2,00;2,00;14,00;11,00;11,00;0,00;42,67;35,56;10,67;17,78;13,54;1,23;1,23;12,31;88,00;13,33;0,00;10,67
2020-03-08;16,00;0,00;0,00;0,00;0,00;0,00;0,00;0,00;0,00;0,00;0,00;0,00;0,00;0,00;0,00;0,00;0,00;0,00;0,00;6,00;2,00;11,00;6,00;3,00;2,00;0,00;0,00;8,00;5,00;5,00;0,00;32,00;44,44;8,89;40,89;5,33;0,00;5,33;25,33;96,00;8,00;2,67;8,00
2020-03-15;9,00;0,00;0,00;2,00;0,00;0,00;0,00;2,00;0,00;0,00;0,00;0,00;2,00;0,00;0,00;0,00;0,00;0,00;0,00;0,00;2,00;8,00;2,00;2,00;3,00;2,00;3,00;2,00;6,00;5,00;0,00;19,80;9,00;5,40;37,80;7,71;0,00;0,00;6,43;63,00;15,00;0,00;6,00
2020-03-22;2,00;0,00;0,00;0,00;0,00;0,00;0,00;0,00;0,00;0,00;0,00;0,00;0,00;0,00;0,00;0,00;0,00;0,00;0,00;0,00;1,00;1,00;3,00;0,00;3,00;1,00;0,00;1,00;3,00;3,00;0,00;12,00;18,00;6,00;14,00;10,00;0,00;0,00;10,00;18,00;6,00;0,00;4,00
2020-03-29;2,00;0,00;0,00;0,00;0,00;0,00;0,00;0,00;0,00;0,00;0,00;1,00;0,00;0,00;0,00;0,00;0,00;0,00;0,00;3,00;3,00;0,00;9,00;0,00;0,00;6,00;1,00;1,00;9,00;1,00;0,00;16,00;8,00;8,00;10,00;2,00;2,00;0,00;10,00;18,00;6,00;0,00;2,00
2020-04-05;10,00;0,00;0,00;0,00;0,00;0,00;0,00;0,00;0,00;0,00;0,00;0,00;0,00;0,00;0,00;0,00;0,00;0,00;0,00;5,00;0,00;2,00;2,00;2,00;3,00;8,00;2,00;3,00;5,00;3,00;0,00;18,33;15,00;1,67;1,67;6,25;0,00;1,25;8,75;13,33;3,33;0,00;3,33
2020-04-12;5,00;0,00;0,00;0,00;0,00;0,00;0,00;0,00;0,00;0,00;0,00;0,00;0,00;0,00;0,00;0,00;0,00;0,00;0,00;5,00;1,00;0,00;5,00;3,00;3,00;4,00;0,00;2,00;6,00;11,00;0,00;6,67;10,00;1,67;5,00;5,00;1,25;0,00;7,50;20,00;0,00;0,00;2,50
2020-04-19;9,00;0,00;0,00;0,00;0,00;0,00;0,00;0,00;0,00;0,00;0,00;2,00;0,00;0,00;0,00;0,00;3,00;0,00;0,00;5,00;0,00;2,00;6,00;2,00;0,00;3,00;0,00;6,00;6,00;0,00;0,00;21,60;10,80;3,60;5,40;2,57;5,14;2,57;7,71;30,00;3,00;0,00;3,00
2020-04-26;9,00;0,00;0,00;0,00;0,00;0,00;0,00;1,00;0,00;0,00;0,00;3,00;0,00;0,00;0,00;0,00;0,00;0,00;0,00;0,00;3,00;6,00;3,00;3,00;1,00;4,00;0,00;4,00;3,00;2,00;0,00;14,40;14,40;5,40;7,20;6,43;0,00;0,00;7,71;30,00;9,00;0,00;6,00
2020-05-03;3,00;0,00;0,00;0,00;0,00;0,00;0,00;0,00;0,00;0,00;0,00;0,00;0,00;0,00;0,00;0,00;0,00;0,00;0,00;3,00;1,00;4,00;3,00;1,00;3,00;7,00;0,00;6,00;3,00;3,00;0,00;15,00;6,00;1,50;3,00;1,50;1,50;1,50;3,00;30,00;0,00;0,00;3,00
2020-05-10;7,00;0,00;0,00;0,00;0,00;0,00;0,00;0,00;0,00;0,00;0,00;0,00;0,00;1,00;0,00;0,00;0,00;0,00;0,00;0,00;0,00;0,00;4,00;0,00;1,00;1,00;0,00;0,00;6,00;0,00;0,00;24,50;5,25;7,00;5,25;3,50;1,17;3,50;3,50;28,00;2,33;0,00;7,00
2020-05-17;9,00;0,00;0,00;0,00;0,00;0,00;0,00;0,00;0,00;0,00;0,00;3,00;0,00;0,00;0,00;0,00;0,00;0,00;0,00;5,00;2,00;2,00;0,00;0,00;3,00;2,00;2,00;2,00;13,00;5,00;0,00;13,50;9,00;1,50;1,50;11,57;7,71;1,29;16,71;39,00;6,00;0,00;3,00
2020-05-24;11,00;0,00;0,00;0,00;0,00;0,00;0,00;0,00;0,00;0,00;0,00;2,00;0,00;0,00;0,00;0,00;0,00;0,00;0,00;2,00;2,00;5,00;3,00;0,00;0,00;3,00;0,00;6,00;15,00;3,00;0,00;11,00;11,00;0,00;3,67;7,33;1,22;0,00;9,78;30,25;2,75;0,00;2,75
2020-05-31;5,00;0,00;0,00;0,00;0,00;0,00;0,00;0,00;0,00;0,00;0,00;2,00;0,00;0,00;0,00;0,00;0,00;0,00;0,00;6,00;3,00;6,00;2,00;2,00;1,00;3,00;0,00;6,00;15,00;0,00;0,00;18,33;18,33;5,00;6,67;2,50;1,25;1,25;16,25;45,00;5,00;0,00;0,00
2020-06-07;3,00;0,00;0,00;0,00;0,00;0,00;0,00;2,00;0,00;0,00;0,00;0,00;2,00;0,00;2,00;0,00;0,00;0,00;0,00;8,00;6,00;5,00;5,00;2,00;2,00;2,00;2,00;2,00;14,00;10,00;0,00;28,50;12,00;4,50;3,00;1,00;1,00;1,00;10,00;36,00;3,00;0,00;3,00
2020-06-14;12,00;0,00;0,00;0,00;0,00;0,00;0,00;0,00;0,00;0,00;0,00;0,00;0,00;0,00;0,00;0,00;2,00;0,00;2,00;3,00;3,00;10,00;5,00;0,00;3,00;0,00;0,00;9,00;5,00;5,00;0,00;27,43;18,86;10,29;13,71;9,33;0,00;5,33;24,00;57,00;9,00;0,00;3,00
2020-06-21;20,00;0,00;0,00;0,00;0,00;0,00;0,00;0,00;2,00;0,00;0,00;2,00;0,00;0,00;0,00;0,00;0,00;0,00;0,00;2,00;3,00;10,00;3,00;2,00;2,00;3,00;2,00;0,00;10,00;3,00;0,00;26,67;13,33;11,67;8,33;3,75;1,25;0,00;23,75;51,43;11,43;0,00;2,86
2020-06-28;16,00;0,00;0,00;2,00;2,00;0,00;0,00;2,00;0,00;0,00;0,00;3,00;0,00;0,00;0,00;0,00;2,00;0,00;0,00;3,00;6,00;5,00;8,00;2,00;5,00;2,00;0,00;11,00;9,00;11,00;0,00;33,78;28,44;21,33;5,33;5,33;1,33;1,33;9,33;58,67;8,00;0,00;2,67
2020-07-05;26,00;0,00;0,00;0,00;0,00;0,00;0,00;2,00;0,00;2,00;0,00;0,00;2,00;0,00;0,00;0,00;2,00;2,00;2,00;3,00;3,00;10,00;11,00;2,00;5,00;0,00;0,00;13,00;8,00;5,00;0,00;29,47;29,47;12,13;10,40;13,62;1,24;1,24;11,14;89,56;5,78;0,00;5,78
2020-07-12;19,00;0,00;0,00;0,00;0,00;0,00;0,00;0,00;0,00;0,00;2,00;2,00;2,00;0,00;0,00;0,00;0,00;3,00;0,00;12,00;2,00;16,00;7,00;2,00;5,00;5,00;0,00;12,00;24,00;7,00;0,00;31,09;38,00;17,27;17,27;6,33;0,00;0,00;25,33;70,57;10,86;0,00;0,00
2020-07-19;24,00;0,00;0,00;0,00;0,00;0,00;0,00;0,00;0,00;0,00;0,00;2,00;0,00;0,00;0,00;0,00;0,00;2,00;0,00;3,00;8,00;7,00;10,00;0,00;2,00;2,00;2,00;14,00;22,00;2,00;0,00;46,29;51,43;20,57;20,57;13,89;1,26;0,00;26,53;82,67;18,67;0,00;2,67
2020-07-26;42,00;0,00;0,00;0,00;0,00;0,00;0,00;2,00;0,00;0,00;0,00;2,00;0,00;0,00;0,00;0,00;0,00;0,00;0,00;3,00;3,00;12,00;16,00;3,00;8,00;5,00;0,00;9,00;40,00;9,00;2,00;36,96;45,36;15,12;11,76;5,09;1,27;1,27;11,45;100,80;14,00;0,00;8,40
2020-08-02;23,00;0,00;0,00;0,00;0,00;0,00;0,00;0,00;0,00;0,00;0,00;7,00;0,00;0,00;0,00;0,00;0,00;0,00;0,00;9,00;2,00;5,00;12,00;0,00;9,00;5,00;0,00;10,00;23,00;7,00;2,00;26,54;40,69;10,62;19,46;5,11;3,83;1,28;10,22;117,88;17,25;0,00;5,75
2020-08-09;10,00;0,00;0,00;0,00;0,00;0,00;0,00;0,00;0,00;0,00;2,00;2,00;0,00;2,00;0,00;0,00;0,00;0,00;0,00;5,00;0,00;5,00;2,00;2,00;5,00;10,00;0,00;5,00;10,00;3,00;2,00;23,33;20,00;10,00;16,67;3,75;3,75;1,25;13,75;67,50;10,00;0,00;2,50
2020-08-16;15,00;0,00;0,00;0,00;0,00;0,00;0,00;2,00;0,00;0,00;0,00;0,00;0,00;0,00;3,00;0,00;2,00;0,00;0,00;10,00;3,00;3,00;7,00;0,00;2,00;0,00;0,00;12,00;35,00;3,00;0,00;20,00;20,00;8,33;13,33;10,00;0,00;3,75;7,50;60,00;18,00;0,00;0,00
2020-08-23;18,00;0,00;0,00;0,00;0,00;0,00;0,00;0,00;0,00;0,00;0,00;0,00;0,00;0,00;2,00;0,00;2,00;0,00;0,00;6,00;6,00;5,00;10,00;3,00;23,00;3,00;2,00;6,00;19,00;3,00;0,00;30,60;36,00;7,20;9,00;11,57;0,00;0,00;9,00;60,00;21,00;0,00;0,00
2020-08-30;13,00;0,00;0,00;0,00;0,00;0,00;0,00;0,00;0,00;0,00;0,00;0,00;0,00;0,00;0,00;0,00;0,00;0,00;2,00;2,00;5,00;3,00;2,00;0,00;3,00;0,00;2,00;10,00;13,00;5,00;0,00;27,63;32,50;6,50;6,50;5,20;1,30;1,30;11,70;41,60;2,60;0,00;0,00
2020-09-06;14,00;0,00;0,00;0,00;0,00;0,00;0,00;0,00;0,00;0,00;0,00;3,00;0,00;0,00;0,00;0,00;0,00;0,00;0,00;8,00;0,00;2,00;3,00;0,00;0,00;0,00;2,00;5,00;14,00;2,00;0,00;15,75;19,25;8,75;7,00;1,27;1,27;0,00;8,91;50,40;2,80;0,00;2,80
2020-09-13;5,00;0,00;0,00;0,00;0,00;0,00;0,00;0,00;0,00;0,00;0,00;0,00;0,00;0,00;0,00;0,00;0,00;0,00;0,00;5,00;2,00;5,00;6,00;2,00;3,00;2,00;2,00;5,00;8,00;2,00;0,00;21,67;20,00;10,00;3,33;7,50;2,50;0,00;12,50;47,50;10,00;0,00;2,50
2020-09-20;15,00;0,00;0,00;0,00;0,00;0,00;0,00;0,00;0,00;0,00;0,00;0,00;2,00;0,00;0,00;0,00;0,00;2,00;0,00;5,00;2,00;3,00;11,00;0,00;2,00;8,00;0,00;8,00;6,00;0,00;0,00;20,00;21,67;1,67;11,67;1,36;0,00;0,00;12,27;72,00;6,00;0,00;3,00
2020-09-27;12,00;0,00;0,00;0,00;0,00;0,00;0,00;0,00;0,00;0,00;0,00;0,00;0,00;2,00;0,00;0,00;0,00;0,00;0,00;7,00;2,00;3,00;3,00;2,00;2,00;2,00;0,00;3,00;10,00;5,00;0,00;15,43;24,00;10,29;13,71;5,33;0,00;1,33;5,33;69,00;3,00;0,00;3,00
2020-10-04;10,00;0,00;0,00;0,00;0,00;0,00;0,00;0,00;0,00;0,00;0,00;0,00;0,00;0,00;0,00;0,00;0,00;0,00;0,00;3,00;0,00;3,00;5,00;3,00;2,00;2,00;0,00;2,00;7,00;3,00;0,00;20,00;33,33;3,33;10,00;0,00;3,75;1,25;3,75;32,50;2,50;0,00;2,50
2020-10-11;13,00;0,00;0,00;0,00;0,00;0,00;0,00;0,00;0,00;0,00;0,00;0,00;0,00;0,00;0,00;0,00;0,00;0,00;0,00;2,00;0,00;6,00;9,00;2,00;0,00;2,00;0,00;0,00;11,00;4,00;0,00;22,75;22,75;4,88;8,13;1,30;0,00;1,30;5,20;28,60;13,00;0,00;2,60
2020-10-18;9,00;0,00;0,00;0,00;0,00;0,00;0,00;0,00;0,00;0,00;0,00;0,00;0,00;0,00;0,00;0,00;0,00;0,00;0,00;0,00;5,00;0,00;5,00;0,00;0,00;0,00;2,00;4,00;4,00;4,00;0,00;19,80;23,40;10,80;12,60;5,14;0,00;0,00;7,71;54,00;9,00;0,00;6,00
2020-10-25;14,00;0,00;0,00;0,00;0,00;0,00;0,00;0,00;0,00;0,00;0,00;0,00;0,00;0,00;2,00;0,00;0,00;0,00;0,00;7,00;2,00;0,00;2,00;0,00;2,00;0,00;0,00;3,00;2,00;3,00;0,00;15,75;17,50;7,00;14,00;1,27;1,27;0,00;5,09;36,40;2,80;0,00;5,60
2020-11-01;5,00;0,00;0,00;0,00;0,00;0,00;0,00;0,00;0,00;0,00;0,00;0,00;0,00;0,00;0,00;0,00;0,00;0,00;0,00;3,00;2,00;0,00;2,00;0,00;0,00;0,00;0,00;2,00;8,00;2,00;0,00;11,67;15,00;3,33;8,33;1,25;1,25;1,25;5,00;20,00;2,50;0,00;5,00
2020-11-08;7,00;0,00;0,00;0,00;0,00;0,00;0,00;0,00;0,00;0,00;0,00;0,00;0,00;0,00;0,00;0,00;0,00;0,00;0,00;7,00;2,00;0,00;2,00;2,00;0,00;0,00;0,00;0,00;4,00;0,00;2,00;12,25;26,25;1,75;1,75;1,17;0,00;1,17;0,00;18,67;2,33;0,00;0,00
2020-11-15;3,00;0,00;0,00;0,00;0,00;0,00;0,00;0,00;0,00;0,00;0,00;0,00;0,00;0,00;2,00;0,00;0,00;0,00;0,00;3,00;2,00;2,00;0,00;2,00;5,00;0,00;0,00;0,00;2,00;0,00;2,00;13,50;12,00;3,00;4,50;3,00;3,00;0,00;7,00;24,00;9,00;0,00;3,00
2020-11-22;7,00;0,00;0,00;0,00;0,00;0,00;0,00;0,00;0,00;0,00;0,00;0,00;2,00;0,00;0,00;0,00;0,00;0,00;0,00;5,00;0,00;0,00;8,00;2,00;2,00;2,00;0,00;2,00;3,00;3,00;0,00;17,50;19,25;10,50;3,50;0,00;0,00;0,00;5,60;28,00;7,00;0,00;7,00
2020-11-29;2,00;0,00;0,00;0,00;0,00;0,00;0,00;0,00;0,00;0,00;0,00;0,00;0,00;0,00;0,00;0,00;0,00;0,00;0,00;17,00;0,00;0,00;3,00;0,00;0,00;2,00;0,00;2,00;5,00;2,00;2,00;10,00;18,00;6,00;8,00;8,00;0,00;0,00;2,00;16,00;2,00;0,00;2,00
2020-12-06;7,00;0,00;0,00;0,00;0,00;0,00;0,00;0,00;0,00;0,00;0,00;2,00;0,00;0,00;0,00;0,00;0,00;0,00;0,00;5,00;0,00;0,00;0,00;2,00;5,00;0,00;0,00;2,00;9,00;2,00;0,00;14,00;14,00;5,25;5,25;1,17;0,00;1,17;4,67;42,00;0,00;0,00;0,00
2020-12-13;14,00;0,00;0,00;0,00;0,00;0,00;0,00;2,00;0,00;0,00;0,00;0,00;0,00;0,00;0,00;0,00;0,00;0,00;2,00;2,00;2,00;0,00;2,00;0,00;2,00;0,00;0,00;7,00;2,00;0,00;0,00;14,00;8,75;0,00;3,50;1,27;0,00;1,27;6,36;19,60;2,80;0,00;2,80
2020-12-20;6,00;0,00;0,00;0,00;0,00;0,00;0,00;0,00;0,00;0,00;0,00;0,00;0,00;0,00;0,00;0,00;2,00;0,00;0,00;2,00;0,00;2,00;0,00;0,00;2,00;0,00;0,00;2,00;4,00;2,00;0,00;22,00;22,00;2,00;4,00;1,50;0,00;1,50;18,00;21,00;3,00;0,00;6,00
2020-12-27;7,00;0,00;0,00;0,00;0,00;0,00;0,00;3,00;0,00;0,00;0,00;2,00;0,00;0,00;0,00;0,00;0,00;0,00;0,00;7,00;0,00;4,00;0,00;0,00;4,00;4,00;2,00;5,00;0,00;5,00;0,00;12,25;29,75;5,25;1,75;7,00;1,17;0,00;7,00;32,67;4,67;0,00;2,33
2021-01-03;4,00;0,00;0,00;0,00;0,00;0,00;0,00;0,00;0,00;0,00;0,00;2,00;0,00;0,00;0,00;0,00;0,00;0,00;0,00;3,00;2,00;4,00;0,00;0,00;2,00;0,00;2,00;5,00;5,00;3,00;0,00;36,00;62,00;6,00;4,00;5,33;4,00;1,33;8,00;56,00;4,00;0,00;8,00
2021-01-10;5,00;0,00;0,00;0,00;0,00;0,00;0,00;0,00;0,00;0,00;0,00;0,00;0,00;0,00;0,00;2,00;0,00;0,00;0,00;2,00;0,00;4,00;4,00;2,00;3,00;3,00;0,00;5,00;5,00;2,00;0,00;20,00;13,33;1,67;5,00;5,00;0,00;1,25;3,75;47,50;5,00;0,00;2,50
2021-01-17;2,00;0,00;0,00;0,00;0,00;0,00;0,00;0,00;0,00;0,00;0,00;4,00;0,00;0,00;0,00;0,00;0,00;0,00;0,00;0,00;0,00;5,00;3,00;0,00;2,00;0,00;0,00;3,00;10,00;2,00;0,00;20,00;26,00;6,00;2,00;6,00;8,00;2,00;2,00;22,00;2,00;0,00;0,00
2021-01-24;7,00;0,00;0,00;0,00;0,00;0,00;0,00;0,00;0,00;0,00;0,00;0,00;0,00;0,00;0,00;0,00;0,00;0,00;2,00;5,00;0,00;2,00;2,00;0,00;2,00;0,00;0,00;12,00;2,00;0,00;2,00;21,00;31,50;7,00;7,00;5,60;1,40;0,00;5,60;35,00;10,50;0,00;0,00
2021-01-31;7,00;0,00;0,00;0,00;0,00;0,00;0,00;0,00;0,00;0,00;0,00;0,00;0,00;0,00;0,00;0,00;2,00;0,00;0,00;7,00;0,00;2,00;11,00;0,00;2,00;5,00;0,00;2,00;4,00;0,00;2,00;21,00;12,25;5,25;1,75;4,67;1,17;1,17;7,00;25,67;2,33;0,00;2,33
2021-02-07;7,00;0,00;0,00;0,00;0,00;0,00;0,00;0,00;0,00;0,00;0,00;0,00;0,00;0,00;0,00;0,00;0,00;0,00;0,00;2,00;4,00;4,00;0,00;2,00;0,00;0,00;2,00;2,00;7,00;0,00;0,00;12,25;29,75;1,75;5,25;3,50;0,00;1,17;8,17;35,00;7,00;0,00;2,33
2021-02-14;11,00;0,00;0,00;0,00;2,00;0,00;0,00;2,00;0,00;0,00;0,00;0,00;0,00;0,00;0,00;0,00;0,00;0,00;0,00;3,00;2,00;0,00;4,00;2,00;5,00;2,00;0,00;5,00;7,00;0,00;0,00;7,33;25,67;0,00;9,17;4,13;0,00;0,00;1,38;41,25;5,50;0,00;5,50
2021-02-21;4,00;0,00;0,00;2,00;0,00;0,00;0,00;5,00;0,00;2,00;0,00;2,00;0,00;0,00;0,00;0,00;0,00;0,00;2,00;5,00;2,00;0,00;4,00;3,00;2,00;0,00;0,00;3,00;5,00;0,00;0,00;28,00;34,00;10,00;0,00;5,33;0,00;0,00;10,67;60,00;8,00;0,00;8,00
2021-02-28;9,00;0,00;0,00;0,00;0,00;0,00;0,00;0,00;0,00;0,00;0,00;2,00;0,00;2,00;0,00;0,00;2,00;0,00;0,00;3,00;0,00;2,00;5,00;0,00;0,00;0,00;3,00;2,00;9,00;7,00;0,00;16,20;28,80;3,60;10,80;6,43;3,86;3,86;12,86;48,00;9,00;0,00;3,00
2021-03-07;5,00;0,00;0,00;0,00;0,00;0,00;0,00;0,00;0,00;0,00;0,00;0,00;0,00;0,00;0,00;0,00;0,00;0,00;0,00;3,00;2,00;2,00;4,00;2,00;2,00;3,00;0,00;5,00;12,00;9,00;2,00;18,33;30,00;0,00;8,33;6,25;0,00;0,00;1,25;40,00;2,50;0,00;0,00
2021-03-14;8,00;0,00;0,00;0,00;0,00;0,00;0,00;2,00;0,00;0,00;0,00;2,00;0,00;0,00;0,00;0,00;0,00;0,00;0,00;3,00;2,00;5,00;5,00;5,00;0,00;2,00;0,00;7,00;7,00;5,00;2,00;12,80;36,80;9,60;16,00;6,86;3,43;0,00;1,14;40,00;2,67;0,00;2,67
2021-03-21;12,00;0,00;0,00;0,00;0,00;0,00;0,00;2,00;0,00;0,00;0,00;0,00;0,00;0,00;0,00;0,00;0,00;0,00;0,00;14,00;2,00;0,00;12,00;3,00;7,00;0,00;0,00;0,00;14,00;2,00;2,00;12,00;39,43;5,14;8,57;9,60;3,60;3,60;27,60;57,00;12,00;0,00;3,00
2021-03-28;5,00;0,00;0,00;0,00;0,00;0,00;0,00;2,00;0,00;0,00;0,00;0,00;0,00;0,00;0,00;0,00;0,00;0,00;0,00;7,00;0,00;0,00;4,00;0,00;0,00;0,00;0,00;9,00;11,00;2,00;0,00;30,00;38,33;6,67;6,67;3,75;3,75;1,25;5,00;55,00;5,00;0,00;0,00
2021-04-04;5,00;0,00;0,00;0,00;0,00;0,00;0,00;0,00;0,00;0,00;0,00;0,00;0,00;0,00;0,00;0,00;0,00;0,00;0,00;3,00;5,00;4,00;4,00;3,00;3,00;3,00;2,00;10,00;5,00;2,00;0,00;13,33;56,67;3,33;11,67;5,00;0,00;1,25;12,50;47,50;5,00;0,00;0,00
2021-04-11;5,00;0,00;0,00;0,00;0,00;0,00;0,00;0,00;0,00;0,00;0,00;0,00;0,00;0,00;0,00;0,00;2,00;0,00;0,00;5,00;2,00;5,00;7,00;0,00;0,00;2,00;0,00;5,00;7,00;0,00;0,00;13,33;38,33;8,33;3,33;10,00;5,00;1,25;7,50;50,00;10,00;0,00;0,00
2021-04-18;5,00;0,00;0,00;0,00;0,00;0,00;0,00;2,00;0,00;0,00;0,00;4,00;0,00;0,00;0,00;0,00;0,00;0,00;0,00;5,00;0,00;2,00;5,00;3,00;5,00;3,00;0,00;5,00;7,00;3,00;0,00;21,67;36,67;0,00;5,00;5,00;0,00;1,25;10,00;42,50;5,00;0,00;2,50
2021-04-25;11,00;0,00;0,00;0,00;0,00;0,00;0,00;0,00;0,00;0,00;0,00;0,00;0,00;0,00;0,00;0,00;0,00;0,00;0,00;5,00;0,00;7,00;2,00;0,00;2,00;3,00;0,00;10,00;7,00;2,00;0,00;22,00;27,50;5,50;14,67;12,38;4,13;1,38;9,63;66,00;11,00;2,75;5,50
2021-05-02;7,00;0,00;0,00;0,00;0,00;0,00;0,00;0,00;0,00;0,00;0,00;4,00;0,00;0,00;0,00;0,00;0,00;0,00;0,00;2,00;2,00;7,00;5,00;0,00;0,00;0,00;2,00;10,00;12,00;12,00;0,00;24,50;47,25;3,50;12,25;11,20;1,40;5,60;5,60;94,50;0,00;0,00;3,50
2021-05-09;13,00;0,00;0,00;0,00;0,00;0,00;0,00;0,00;0,00;0,00;0,00;0,00;2,00;0,00;0,00;0,00;0,00;0,00;0,00;5,00;0,00;9,00;5,00;0,00;3,00;0,00;2,00;7,00;9,00;4,00;0,00;53,86;40,86;5,57;18,57;7,80;1,30;1,30;16,90;85,80;10,40;0,00;5,20
2021-05-16;14,00;0,00;0,00;0,00;0,00;0,00;0,00;0,00;0,00;0,00;0,00;0,00;0,00;0,00;0,00;0,00;2,00;0,00;0,00;5,00;2,00;7,00;5,00;3,00;2,00;2,00;2,00;12,00;10,00;5,00;2,00;78,75;49,00;7,00;8,75;19,09;1,27;0,00;25,45;95,20;19,60;0,00;2,80
2021-05-23;9,00;0,00;0,00;0,00;0,00;0,00;0,00;0,00;0,00;0,00;0,00;4,00;0,00;0,00;0,00;0,00;2,00;0,00;0,00;5,00;0,00;7,00;4,00;0,00;0,00;2,00;3,00;21,00;18,00;11,00;2,00;25,20;68,40;7,20;12,60;9,00;1,29;0,00;21,86;117,00;6,00;0,00;3,00
2021-05-30;15,00;0,00;0,00;0,00;0,00;0,00;0,00;2,00;0,00;0,00;2,00;0,00;0,00;0,00;0,00;0,00;0,00;0,00;0,00;5,00;0,00;6,00;6,00;2,00;2,00;2,00;2,00;11,00;17,00;9,00;0,00;31,67;61,67;5,00;20,00;8,75;1,25;3,75;5,00;81,00;6,00;0,00;6,00
2021-06-06;22,00;0,00;0,00;0,00;0,00;0,00;0,00;0,00;0,00;2,00;0,00;0,00;0,00;0,00;0,00;0,00;0,00;0,00;0,00;4,00;2,00;4,00;7,00;4,00;4,00;4,00;2,00;5,00;19,00;2,00;5,00;62,62;69,38;11,85;20,31;12,22;0,00;7,33;11,00;104,50;11,00;0,00;2,75
2021-06-13;18,00;0,00;0,00;0,00;0,00;0,00;0,00;0,00;0,00;0,00;0,00;0,00;0,00;0,00;0,00;0,00;0,00;0,00;0,00;4,00;0,00;6,00;9,00;0,00;2,00;0,00;4,00;20,00;18,00;4,00;7,00;40,91;63,82;18,00;19,64;13,20;4,80;1,20;22,80;97,71;12,86;0,00;2,57
2021-06-20;15,00;0,00;0,00;0,00;0,00;0,00;0,00;2,00;0,00;0,00;0,00;2,00;0,00;0,00;0,00;0,00;0,00;0,00;4,00;15,00;4,00;17,00;9,00;4,00;0,00;2,00;4,00;13,00;39,00;6,00;4,00;35,00;70,00;3,33;25,00;16,25;3,75;5,00;20,00;135,00;30,00;0,00;6,00
2021-06-27;32,00;0,00;0,00;0,00;0,00;0,00;0,00;0,00;0,00;0,00;0,00;4,00;0,00;0,00;0,00;0,00;2,00;0,00;2,00;19,00;7,00;23,00;5,00;3,00;2,00;5,00;2,00;23,00;28,00;16,00;0,00;69,05;80,84;11,79;11,79;19,20;5,12;8,96;29,44;157,33;18,67;0,00;5,33
2021-07-04;33,00;0,00;0,00;0,00;0,00;0,00;0,00;5,00;0,00;0,00;0,00;0,00;2,00;0,00;0,00;0,00;0,00;0,00;0,00;14,00;14,00;15,00;13,00;2,00;4,00;9,00;0,00;27,00;62,00;22,00;2,00;52,11;132,00;10,42;27,79;16,50;1,27;1,27;20,31;228,25;16,50;0,00;2,75
2021-07-11;35,00;0,00;0,00;0,00;2,00;0,00;0,00;4,00;0,00;0,00;0,00;0,00;0,00;0,00;0,00;0,00;2,00;4,00;0,00;2,00;10,00;14,00;16,00;4,00;0,00;6,00;0,00;27,00;46,00;10,00;0,00;105,00;75,00;20,00;20,00;18,75;1,25;1,25;22,50;175,00;26,25;0,00;5,83
2021-07-18;31,00;0,00;0,00;0,00;0,00;0,00;0,00;6,00;0,00;0,00;0,00;4,00;0,00;2,00;2,00;0,00;2,00;2,00;0,00;16,00;8,00;12,00;16,00;8,00;2,00;2,00;2,00;10,00;75,00;10,00;0,00;63,72;87,83;12,06;27,56;21,96;2,58;6,46;24,54;197,27;16,91;0,00;8,45
2021-07-25;21,00;0,00;0,00;0,00;0,00;0,00;0,00;2,00;0,00;0,00;0,00;0,00;2,00;0,00;0,00;0,00;2,00;0,00;0,00;7,00;7,00;6,00;9,00;0,00;7,00;9,00;2,00;29,00;59,00;9,00;0,00;54,25;77,00;7,00;24,50;21,00;1,31;11,81;19,69;255,00;30,00;0,00;6,00
2021-08-01;23,00;0,00;0,00;0,00;0,00;0,00;0,00;2,00;0,00;0,00;0,00;0,00;0,00;0,00;2,00;0,00;5,00;0,00;2,00;9,00;4,00;17,00;4,00;0,00;2,00;5,00;2,00;37,00;39,00;9,00;2,00;53,08;77,85;19,46;21,23;24,28;0,00;5,11;39,61;204,13;40,25;0,00;8,63
2021-08-08;26,00;0,00;0,00;0,00;0,00;0,00;0,00;2,00;0,00;0,00;0,00;2,00;0,00;0,00;0,00;0,00;0,00;0,00;0,00;9,00;9,00;2,00;15,00;0,00;4,00;5,00;0,00;11,00;16,00;11,00;2,00;50,27;67,60;13,87;29,47;26,00;3,90;3,90;13,00;193,56;17,33;0,00;2,89
2021-08-15;33,00;0,00;0,00;0,00;0,00;0,00;0,00;0,00;0,00;2,00;0,00;2,00;0,00;0,00;0,00;0,00;3,00;0,00;0,00;4,00;5,00;0,00;0,00;0,00;2,00;2,00;5,00;9,00;20,00;11,00;0,00;26,05;55,58;8,68;24,32;17,77;0,00;1,27;13,96;140,25;13,75;0,00;2,75
2021-08-22;25,00;0,00;0,00;0,00;0,00;0,00;0,00;2,00;0,00;0,00;0,00;0,00;0,00;0,00;0,00;0,00;4,00;0,00;0,00;4,00;0,00;2,00;10,00;0,00;0,00;7,00;2,00;8,00;21,00;11,00;0,00;36,67;53,33;6,67;20,00;15,00;0,00;1,25;17,50;119,44;13,89;0,00;2,78
2021-08-29;21,00;0,00;0,00;0,00;0,00;0,00;0,00;0,00;0,00;0,00;0,00;0,00;0,00;0,00;0,00;0,00;0,00;0,00;0,00;4,00;4,00;6,00;10,00;2,00;11,00;6,00;4,00;6,00;15,00;9,00;0,00;31,50;56,00;5,25;15,75;12,35;0,00;4,94;17,29;107,63;13,13;0,00;2,63
2021-09-05;16,00;0,00;0,00;0,00;0,00;0,00;0,00;6,00;0,00;0,00;0,00;2,00;2,00;0,00;2,00;0,00;2,00;0,00;0,00;8,00;10,00;12,00;12,00;0,00;4,00;4,00;0,00;6,00;19,00;12,00;2,00;39,11;62,22;5,33;30,22;16,00;0,00;1,33;10,67;141,33;10,67;0,00;5,33
2021-09-12;23,00;0,00;0,00;0,00;0,00;0,00;0,00;4,00;0,00;0,00;0,00;6,00;0,00;0,00;0,00;0,00;2,00;0,00;0,00;6,00;6,00;2,00;8,00;0,00;7,00;2,00;2,00;6,00;17,00;8,00;0,00;46,00;62,43;11,50;24,64;3,83;0,00;1,28;10,22;138,00;14,38;0,00;8,63
2021-09-19;14,00;0,00;0,00;0,00;0,00;0,00;0,00;0,00;0,00;4,00;0,00;4,00;0,00;0,00;0,00;0,00;0,00;2,00;0,00;6,00;2,00;2,00;10,00;2,00;0,00;2,00;2,00;10,00;12,00;6,00;6,00;43,75;59,50;12,25;24,50;5,09;0,00;1,27;21,64;151,20;14,00;0,00;8,40
2021-09-26;20,00;0,00;0,00;0,00;0,00;0,00;0,00;0,00;0,00;0,00;0,00;0,00;0,00;0,00;0,00;0,00;0,00;0,00;0,00;4,00;8,00;2,00;6,00;2,00;2,00;6,00;0,00;2,00;8,00;10,00;2,00;46,67;53,33;11,67;35,00;4,00;0,00;1,33;8,00;114,29;8,57;0,00;14,29
2021-10-03;16,00;0,00;0,00;0,00;0,00;0,00;0,00;4,00;0,00;0,00;0,00;0,00;0,00;0,00;0,00;0,00;0,00;0,00;2,00;6,00;0,00;4,00;12,00;0,00;0,00;4,00;2,00;2,00;6,00;8,00;0,00;21,33;55,11;10,67;40,89;8,00;1,33;4,00;10,67;128,00;26,67;0,00;5,33
2021-10-10;16,00;0,00;0,00;0,00;0,00;0,00;0,00;0,00;0,00;0,00;0,00;0,00;0,00;0,00;0,00;0,00;0,00;0,00;0,00;6,00;2,00;2,00;12,00;0,00;0,00;6,00;2,00;6,00;10,00;2,00;0,00;21,33;55,11;17,78;33,78;0,00;0,00;2,46;9,85;106,67;13,33;0,00;5,33
2021-10-17;18,00;0,00;0,00;0,00;0,00;0,00;0,00;0,00;0,00;0,00;0,00;0,00;0,00;0,00;0,00;0,00;4,00;0,00;0,00;4,00;0,00;2,00;4,00;0,00;2,00;0,00;0,00;0,00;8,00;4,00;0,00;23,40;61,20;16,20;36,00;3,86;1,29;5,14;10,29;129,00;12,00;0,00;9,00
2021-10-24;16,00;0,00;0,00;0,00;0,00;0,00;0,00;0,00;0,00;0,00;0,00;0,00;0,00;0,00;0,00;0,00;0,00;0,00;0,00;4,00;2,00;8,00;4,00;0,00;0,00;2,00;0,00;2,00;6,00;4,00;2,00;21,33;40,89;10,67;37,33;2,67;0,00;1,33;6,67;77,33;13,33;0,00;5,33
2021-10-31;12,00;0,00;0,00;0,00;0,00;0,00;0,00;2,00;0,00;0,00;0,00;0,00;0,00;0,00;0,00;0,00;2,00;0,00;0,00;6,00;0,00;4,00;0,00;0,00;4,00;0,00;2,00;0,00;8,00;8,00;2,00;25,71;53,14;13,71;29,14;0,00;0,00;6,67;12,00;78,00;24,00;0,00;3,00
2021-11-07;18,00;0,00;0,00;0,00;0,00;0,00;0,00;2,00;0,00;0,00;0,00;2,00;0,00;0,00;0,00;0,00;0,00;0,00;0,00;2,00;2,00;0,00;6,00;0,00;0,00;4,00;0,00;4,00;8,00;2,00;2,00;68,40;55,80;12,60;19,80;3,86;1,29;0,00;14,14;54,00;12,00;0,00;6,00
2021-11-14;17,00;0,00;0,00;0,00;0,00;0,00;0,00;0,00;0,00;2,00;0,00;2,00;0,00;0,00;0,00;0,00;2,00;0,00;0,00;8,00;4,00;2,00;4,00;0,00;0,00;2,00;2,00;4,00;4,00;4,00;0,00;27,20;40,80;6,80;11,90;4,86;0,00;1,21;17,00;45,33;2,83;0,00;8,50
2021-11-21;11,00;0,00;0,00;0,00;0,00;0,00;0,00;0,00;0,00;0,00;0,00;0,00;0,00;0,00;0,00;0,00;2,00;0,00;0,00;2,00;0,00;4,00;2,00;2,00;0,00;2,00;2,00;4,00;13,00;9,00;0,00;9,43;37,71;6,29;14,14;4,89;3,67;0,00;7,33;55,00;8,25;0,00;2,75
2021-11-28;8,00;0,00;0,00;0,00;0,00;0,00;0,00;0,00;0,00;0,00;0,00;0,00;0,00;0,00;0,00;0,00;0,00;0,00;0,00;0,00;2,00;2,00;0,00;2,00;0,00;4,00;0,00;2,00;4,00;4,00;0,00;16,00;34,00;6,00;16,00;0,00;0,00;0,00;5,33;24,00;2,67;0,00;2,67
2021-12-05;8,00;0,00;0,00;0,00;0,00;0,00;0,00;2,00;0,00;0,00;0,00;0,00;0,00;0,00;0,00;0,00;0,00;0,00;0,00;2,00;0,00;2,00;4,00;0,00;0,00;0,00;0,00;2,00;4,00;4,00;0,00;11,20;22,40;6,40;11,20;0,00;1,33;1,33;14,67;26,67;13,33;0,00;2,67
2021-12-12;12,00;0,00;0,00;2,00;0,00;0,00;0,00;0,00;0,00;0,00;0,00;2,00;0,00;0,00;0,00;0,00;0,00;0,00;0,00;2,00;0,00;2,00;4,00;2,00;0,00;0,00;2,00;2,00;10,00;6,00;0,00;12,00;13,71;3,43;6,86;3,60;2,40;0,00;12,00;36,00;6,00;0,00;3,00
2021-12-19;14,00;0,00;0,00;0,00;0,00;0,00;0,00;0,00;0,00;2,00;0,00;0,00;0,00;0,00;0,00;0,00;0,00;0,00;0,00;0,00;0,00;2,00;0,00;4,00;0,00;0,00;2,00;7,00;9,00;7,00;0,00;19,25;42,00;8,75;12,25;6,36;2,55;0,00;14,00;42,00;2,80;0,00;0,00
2021-12-26;18,00;0,00;0,00;0,00;0,00;0,00;0,00;0,00;0,00;0,00;0,00;2,00;0,00;0,00;0,00;0,00;2,00;0,00;0,00;11,00;2,00;2,00;4,00;4,00;4,00;6,00;0,00;9,00;2,00;6,00;0,00;27,00;57,60;16,20;18,00;10,29;2,57;2,57;9,00;57,00;12,00;0,00;6,00
2022-01-02;19,00;0,00;0,00;0,00;0,00;0,00;0,00;0,00;0,00;0,00;0,00;0,00;0,00;0,00;0,00;0,00;2,00;0,00;0,00;12,00;4,00;2,00;11,00;2,00;0,00;2,00;0,00;4,00;8,00;4,00;0,00;29,36;70,82;12,09;25,91;3,80;0,00;0,00;21,53;78,71;13,57;0,00;8,14
2022-01-09;21,00;0,00;0,00;0,00;2,00;0,00;0,00;0,00;0,00;0,00;0,00;2,00;0,00;0,00;0,00;0,00;0,00;0,00;0,00;4,00;2,00;2,00;6,00;0,00;4,00;2,00;0,00;2,00;8,00;4,00;0,00;35,00;59,50;0,00;15,75;7,41;0,00;2,47;18,53;90,00;6,00;0,00;12,00
2022-01-16;8,00;0,00;0,00;0,00;0,00;0,00;0,00;0,00;0,00;0,00;0,00;0,00;0,00;0,00;0,00;0,00;0,00;0,00;0,00;4,00;4,00;4,00;4,00;6,00;2,00;4,00;0,00;10,00;12,00;19,00;0,00;33,60;67,20;14,40;22,40;24,00;0,00;4,00;14,67;80,00;21,33;0,00;2,67
2022-01-23;7,00;0,00;0,00;0,00;0,00;0,00;0,00;3,00;0,00;0,00;2,00;2,00;0,00;2,00;0,00;0,00;0,00;0,00;0,00;3,00;2,00;4,00;9,00;2,00;3,00;0,00;2,00;5,00;5,00;7,00;0,00;29,75;52,50;7,00;19,25;9,33;0,00;0,00;11,67;88,67;18,67;0,00;4,67
2022-01-30;15,00;0,00;0,00;0,00;0,00;0,00;0,00;4,00;0,00;0,00;0,00;2,00;0,00;0,00;0,00;0,00;2,00;0,00;0,00;9,00;6,00;13,00;4,00;2,00;2,00;5,00;0,00;4,00;13,00;4,00;2,00;33,33;80,00;16,67;23,33;15,00;5,00;7,50;30,00;174,00;21,00;0,00;6,00
2022-02-06;45,00;0,00;0,00;0,00;0,00;0,00;0,00;2,00;0,00;0,00;0,00;0,00;0,00;0,00;0,00;0,00;2,00;0,00;0,00;9,00;6,00;4,00;9,00;0,00;2,00;5,00;0,00;7,00;17,00;9,00;0,00;43,27;53,65;15,58;20,77;16,25;0,00;1,25;22,50;165,94;22,50;0,00;2,81
2022-02-13;23,00;0,00;0,00;0,00;0,00;0,00;0,00;1,00;0,00;0,00;0,00;2,00;0,00;0,00;0,00;0,00;1,00;0,00;0,00;17,00;5,00;2,00;13,00;3,00;4,00;6,00;1,00;14,00;14,00;11,00;0,00;46,00;50,93;19,71;26,29;12,78;1,28;7,67;20,44;161,00;14,38;0,00;2,88
2022-02-20;23,00;0,00;0,00;0,00;0,00;0,00;0,00;1,00;0,00;0,00;0,00;3,00;0,00;0,00;0,00;0,00;3,00;0,00;0,00;12,00;1,00;8,00;6,00;1,00;0,00;4,00;1,00;9,00;18,00;7,00;0,00;37,15;54,85;17,69;28,31;8,94;1,28;7,67;25,56;94,88;11,50;0,00;5,75
2022-02-27;26,00;0,00;0,00;0,00;0,00;0,00;0,00;1,00;0,00;0,00;0,00;2,00;0,00;0,00;0,00;0,00;0,00;0,00;0,00;16,00;3,00;5,00;5,00;1,00;4,00;4,00;0,00;9,00;14,00;8,00;0,00;41,60;46,80;8,67;17,33;13,62;0,00;4,95;23,52;115,56;8,67;0,00;2,89
2022-03-06;24,00;0,00;0,00;0,00;1,00;0,00;0,00;3,00;0,00;1,00;0,00;7,00;4,00;0,00;0,00;0,00;0,00;0,00;0,00;12,00;3,00;9,00;3,00;0,00;2,00;2,00;0,00;6,00;16,00;8,00;0,00;36,00;70,29;12,00;25,71;13,89;2,53;7,58;29,05;132,00;12,00;0,00;6,00
2022-03-13;31,00;0,00;0,00;0,00;0,00;0,00;0,00;1,00;1,00;0,00;0,00;54,00;1,00;0,00;0,00;0,00;3,00;0,00;0,00;13,00;2,00;11,00;3,00;0,00;0,00;4,00;1,00;6,00;21,00;11,00;1,00;41,33;43,06;18,94;24,11;16,79;2,58;6,46;31,00;112,73;11,27;0,00;2,82
2022-03-20;26,00;0,00;0,00;0,00;1,00;0,00;0,00;4,00;0,00;0,00;0,00;48,00;0,00;0,00;0,00;0,00;1,00;0,00;0,00;9,00;7,00;15,00;3,00;1,00;3,00;1,00;1,00;15,00;13,00;12,00;1,00;57,20;34,67;12,13;31,20;9,10;1,30;6,50;23,40;147,33;14,44;0,00;2,89
2022-03-27;43,00;0,00;0,00;0,00;0,00;0,00;0,00;1,00;0,00;0,00;0,00;17,00;0,00;0,00;0,00;0,00;0,00;0,00;1,00;20,00;4,00;10,00;8,00;1,00;0,00;5,00;0,00;13,00;22,00;9,00;0,00;73,96;53,32;13,76;30,96;15,18;0,00;5,06;24,03;166,27;20,07;0,00;2,87
2022-04-03;33,00;0,00;0,00;0,00;0,00;0,00;0,00;4,00;0,00;0,00;0,00;32,00;0,00;0,00;0,00;0,00;3,00;1,00;0,00;21,00;8,00;12,00;11,00;1,00;1,00;12,00;3,00;15,00;16,00;5,00;0,00;39,60;64,35;9,90;41,25;25,38;0,00;2,54;21,58;184,25;11,00;0,00;5,50
2022-04-10;30,00;0,00;0,00;0,00;1,00;0,00;1,00;3,00;0,00;0,00;0,00;55,00;3,00;0,00;0,00;0,00;4,00;0,00;0,00;20,00;5,00;17,00;16,00;1,00;4,00;7,00;0,00;20,00;19,00;12,00;0,00;61,76;86,47;22,94;35,29;15,65;1,30;5,22;41,74;188,18;13,64;0,00;5,45
2022-04-17;36,00;0,00;0,00;0,00;0,00;0,00;0,00;0,00;0,00;0,00;0,00;35,00;0,00;0,00;1,00;0,00;4,00;0,00;1,00;13,00;10,00;10,00;9,00;3,00;8,00;8,00;0,00;6,00;45,00;10,00;1,00;54,86;72,00;15,43;32,57;13,66;2,48;9,93;36,00;210,46;19,38;0,00;11,08
2022-04-24;37,00;0,00;0,00;0,00;0,00;0,00;0,00;4,00;0,00;0,00;0,00;51,00;0,00;1,00;1,00;0,00;3,00;0,00;0,00;12,00;4,00;10,00;20,00;0,00;3,00;9,00;3,00;17,00;42,00;7,00;0,00;65,59;58,86;13,45;26,91;19,14;0,00;15,31;49,76;179,31;25,62;0,00;2,85
2022-05-01;47,00;0,00;0,00;0,00;0,00;0,00;0,00;5,00;1,00;0,00;0,00;27,00;1,00;1,00;0,00;0,00;1,00;0,00;1,00;15,00;7,00;16,00;22,00;4,00;4,00;7,00;3,00;13,00;30,00;17,00;0,00;67,14;62,11;15,11;40,29;16,51;2,54;10,16;49,54;185,24;24,88;0,00;8,29
2022-05-08;32,00;0,00;0,00;0,00;0,00;0,00;0,00;4,00;0,00;0,00;1,00;9,00;0,00;0,00;0,00;0,00;1,00;0,00;0,00;18,00;4,00;12,00;16,00;1,00;4,00;3,00;3,00;17,00;39,00;3,00;0,00;72,42;55,58;13,47;30,32;20,48;5,12;14,08;49,92;221,09;23,27;0,00;8,73
2022-05-15;32,00;0,00;0,00;0,00;0,00;0,00;0,00;3,00;0,00;0,00;0,00;7,00;0,00;0,00;0,00;0,00;2,00;0,00;0,00;11,00;10,00;17,00;5,00;3,00;2,00;6,00;0,00;13,00;41,00;8,00;2,00;71,11;60,44;21,33;30,22;17,92;2,56;6,40;65,28;229,82;20,36;0,00;8,73
2022-05-22;54,00;0,00;0,00;0,00;0,00;0,00;0,00;2,00;2,00;0,00;0,00;14,00;0,00;2,00;0,00;0,00;3,00;0,00;0,00;20,00;7,00;22,00;17,00;0,00;8,00;6,00;2,00;10,00;33,00;15,00;0,00;81,00;60,75;10,13;28,69;31,40;1,26;3,77;67,81;196,11;28,42;0,00;11,37
2022-05-29;37,00;0,00;0,00;0,00;0,00;0,00;0,00;2,00;0,00;0,00;0,00;5,00;0,00;0,00;0,00;0,00;2,00;0,00;2,00;15,00;11,00;13,00;10,00;2,00;3,00;11,00;0,00;15,00;40,00;5,00;0,00;80,73;57,18;15,14;26,91;16,59;0,00;7,66;76,55;190,69;11,38;0,00;5,69
2022-06-05;52,00;0,00;0,00;0,00;0,00;0,00;0,00;2,00;0,00;0,00;0,00;8,00;0,00;2,00;2,00;0,00;2,00;0,00;0,00;28,00;7,00;16,00;22,00;3,00;5,00;3,00;0,00;28,00;50,00;21,00;0,00;73,81;67,10;23,48;26,84;20,29;0,00;11,41;100,20;183,37;24,63;0,00;10,95
2022-06-12;54,00;0,00;0,00;2,00;2,00;0,00;0,00;3,00;0,00;0,00;2,00;11,00;0,00;0,00;2,00;0,00;3,00;0,00;0,00;17,00;11,00;22,00;18,00;7,00;5,00;2,00;3,00;21,00;60,00;16,00;0,00;94,50;70,88;13,50;47,25;31,40;0,00;6,28;109,26;235,89;31,26;0,00;2,84
2022-06-19;51,00;0,00;0,00;0,00;0,00;0,00;2,00;7,00;0,00;0,00;0,00;12,00;0,00;0,00;2,00;0,00;4,00;0,00;4,00;16,00;9,00;28,00;25,00;2,00;11,00;14,00;4,00;29,00;52,00;15,00;2,00;96,90;68,00;20,40;44,20;24,23;3,83;11,48;81,60;229,50;25,50;0,00;11,33
2022-06-26;69,00;0,00;0,00;0,00;0,00;0,00;0,00;7,00;0,00;0,00;0,00;4,00;3,00;0,00;0,00;0,00;5,00;2,00;0,00;17,00;17,00;25,00;16,00;5,00;8,00;7,00;7,00;29,00;56,00;19,00;2,00;72,37;52,17;26,93;37,02;30,11;1,25;13,80;81,55;251,16;13,80;0,00;5,52
2022-07-03;59,00;0,00;0,00;0,00;0,00;0,00;0,00;0,00;0,00;0,00;0,00;15,00;3,00;0,00;2,00;0,00;3,00;0,00;0,00;17,00;5,00;21,00;20,00;5,00;7,00;10,00;0,00;38,00;60,00;17,00;0,00;104,51;65,74;11,80;48,89;27,62;0,00;8,79;118,00;280,95;30,90;0,00;5,62
2022-07-10;73,00;0,00;0,00;0,00;0,00;0,00;0,00;6,00;0,00;0,00;2,00;7,00;2,00;2,00;0,00;0,00;4,00;2,00;2,00;10,00;23,00;30,00;30,00;6,00;4,00;14,00;2,00;25,00;57,00;12,00;2,00;103,56;71,30;18,67;28,86;37,14;2,56;10,25;90,93;216,19;22,46;0,00;5,62
