Semaine;Chamonix (FR);Vars (FR);Grand Bornand (FR);Font Romeu (FR);St Lary (FR);Val Thorens (FR);Alpe d Huez (FR);Les Deux Alpes (FR);Tignes (FR);Les Arcs (FR);Les Ménuires (FR);Avoriaz (FR);La Plagne (FR);Valloire (FR);Méribel (FR);Val d Isère (FR);Megève (FR);La Clusaz (FR);Morzine (FR);Châtel (FR);Les Gets (FR);Val Cenis (FR);Courchevel (FR);Serre Chevalier (FR);Samoëns (FR);Barèges (FR);La Mongie (FR);Peyragudes (FR)
2019-01-06;89,00;0,00;0,00;0,00;0,00;135,03;110,48;0,00;131,97;0,00;21,31;43,87;0,00;0,00;33,00;65,00;22,00;0,00;0,00;22,00;0,00;0,00;11,00;0,00;0,00;0,00;0,00;0,00
2019-01-13;33,00;0,00;0,00;11,00;0,00;132,00;75,00;12,00;54,00;22,00;0,00;75,78;0,00;0,00;22,00;43,00;11,00;0,00;0,00;0,00;0,00;0,00;0,00;0,00;0,00;0,00;0,00;0,00
2019-01-20;56,00;0,00;0,00;0,00;0,00;115,11;133,78;34,22;99,56;0,00;0,00;88,36;0,00;0,00;0,00;33,00;0,00;0,00;0,00;0,00;0,00;0,00;0,00;0,00;22,00;0,00;0,00;0,00
2019-01-27;55,00;0,00;0,00;0,00;0,00;152,78;97,78;12,22;64,17;11,25;0,00;32,50;0,00;0,00;11,00;54,00;0,00;21,00;11,00;0,00;21,00;0,00;0,00;0,00;11,00;0,00;0,00;0,00
2019-02-03;100,00;0,00;0,00;0,00;0,00;154,55;130,30;12,12;87,88;11,11;0,00;43,21;0,00;11,00;0,00;65,00;11,00;0,00;0,00;0,00;11,00;0,00;11,00;11,00;0,00;0,00;0,00;0,00
2019-02-10;48,00;0,00;0,00;0,00;0,00;313,60;48,00;0,00;38,40;0,00;0,00;108,63;0,00;0,00;0,00;82,00;0,00;0,00;23,00;0,00;12,00;0,00;35,00;0,00;0,00;0,00;0,00;0,00
2019-02-17;33,00;0,00;0,00;0,00;0,00;33,00;63,00;9,00;12,00;0,00;0,00;21,58;0,00;0,00;11,00;11,00;0,00;0,00;0,00;0,00;0,00;0,00;0,00;11,00;0,00;0,00;0,00;0,00
2019-02-24;23,00;0,00;0,00;0,00;0,00;59,14;23,00;23,00;23,00;11,50;0,00;23,00;0,00;0,00;0,00;44,00;0,00;0,00;22,00;0,00;0,00;0,00;0,00;0,00;0,00;0,00;0,00;0,00
2019-03-03;66,00;0,00;0,00;0,00;0,00;56,57;44,00;31,43;34,57;11,21;0,00;21,17;21,17;0,00;0,00;11,00;0,00;0,00;0,00;11,00;0,00;0,00;0,00;0,00;0,00;0,00;0,00;0,00
2019-03-10;22,00;0,00;0,00;0,00;0,00;34,57;69,14;22,00;56,57;11,00;11,00;22,00;0,00;0,00;0,00;55,00;0,00;0,00;0,00;0,00;11,00;0,00;11,00;0,00;11,00;0,00;0,00;0,00
2019-03-17;56,00;0,00;0,00;11,00;11,00;46,67;34,22;0,00;34,22;11,20;0,00;22,40;0,00;11,00;11,00;11,00;0,00;0,00;0,00;0,00;0,00;0,00;0,00;0,00;0,00;0,00;0,00;0,00
2019-03-24;32,00;0,00;0,00;0,00;0,00;44,80;9,60;0,00;9,60;0,00;0,00;0,00;0,00;0,00;0,00;11,00;0,00;0,00;0,00;11,00;0,00;0,00;0,00;0,00;0,00;0,00;0,00;0,00
2019-03-31;11,00;0,00;0,00;0,00;0,00;41,25;19,25;0,00;30,25;22,00;11,00;0,00;0,00;0,00;0,00;0,00;0,00;0,00;0,00;0,00;0,00;0,00;0,00;0,00;0,00;0,00;0,00;0,00
2019-04-07;23,00;0,00;0,00;0,00;0,00;31,63;11,50;11,50;20,13;0,00;0,00;33,89;0,00;0,00;0,00;11,00;0,00;0,00;0,00;0,00;0,00;0,00;0,00;0,00;0,00;0,00;0,00;0,00
2019-04-14;26,00;0,00;0,00;0,00;0,00;26,00;55,25;0,00;0,00;0,00;0,00;12,38;0,00;0,00;0,00;13,00;0,00;13,00;0,00;0,00;0,00;0,00;0,00;0,00;0,00;0,00;0,00;0,00
2019-04-21;11,00;0,00;0,00;0,00;0,00;0,00;11,00;0,00;11,00;0,00;0,00;0,00;0,00;0,00;0,00;11,00;0,00;0,00;0,00;0,00;0,00;0,00;0,00;0,00;0,00;0,00;0,00;0,00
2019-04-28;32,00;0,00;0,00;0,00;0,00;9,60;9,60;0,00;0,00;0,00;0,00;0,00;0,00;0,00;10,00;0,00;0,00;0,00;0,00;0,00;0,00;0,00;0,00;0,00;0,00;0,00;0,00;0,00
2019-05-05;22,00;0,00;0,00;0,00;11,00;22,00;12,57;0,00;0,00;0,00;0,00;0,00;0,00;0,00;0,00;0,00;0,00;0,00;0,00;0,00;0,00;0,00;0,00;0,00;0,00;0,00;0,00;0,00
2019-05-12;34,00;0,00;0,00;0,00;0,00;0,00;12,36;0,00;12,36;0,00;0,00;11,33;0,00;0,00;0,00;0,00;0,00;0,00;0,00;0,00;0,00;0,00;0,00;0,00;0,00;0,00;0,00;0,00
2019-05-19;44,00;0,00;0,00;0,00;0,00;22,00;12,57;0,00;12,57;11,00;11,00;11,00;0,00;0,00;0,00;0,00;0,00;0,00;11,00;11,00;0,00;0,00;0,00;0,00;0,00;0,00;0,00;0,00
2019-05-26;11,00;0,00;0,00;0,00;0,00;11,00;57,75;0,00;0,00;0,00;0,00;0,00;0,00;0,00;0,00;11,00;0,00;0,00;0,00;0,00;0,00;0,00;0,00;0,00;0,00;0,00;0,00;0,00
2019-06-02;0,00;0,00;0,00;0,00;0,00;4,00;7,00;0,00;0,00;0,00;0,00;9,00;0,00;0,00;0,00;0,00;0,00;0,00;0,00;0,00;0,00;0,00;0,00;0,00;11,00;0,00;0,00;0,00
2019-06-09;22,00;0,00;0,00;0,00;0,00;0,00;22,00;0,00;0,00;0,00;11,00;0,00;0,00;0,00;0,00;0,00;0,00;11,00;0,00;0,00;0,00;0,00;0,00;0,00;0,00;0,00;0,00;0,00
2019-06-16;23,00;11,00;0,00;0,00;0,00;23,00;23,00;0,00;23,00;11,50;11,50;0,00;0,00;0,00;0,00;0,00;0,00;0,00;0,00;11,00;0,00;0,00;0,00;0,00;0,00;0,00;0,00;0,00
2019-06-23;60,00;0,00;0,00;0,00;0,00;12,63;47,37;0,00;25,26;0,00;0,00;12,50;0,00;0,00;0,00;0,00;0,00;0,00;0,00;0,00;0,00;0,00;0,00;0,00;0,00;0,00;0,00;0,00
2019-06-30;73,00;0,00;0,00;0,00;0,00;12,17;118,63;0,00;12,17;0,00;0,00;0,00;0,00;12,00;0,00;0,00;0,00;24,00;0,00;0,00;0,00;0,00;0,00;0,00;0,00;0,00;0,00;0,00
2019-07-07;87,00;12,00;0,00;0,00;0,00;12,43;74,57;24,86;49,71;12,43;24,86;0,00;0,00;0,00;0,00;0,00;0,00;12,00;0,00;24,00;0,00;0,00;0,00;0,00;0,00;0,00;0,00;0,00
2019-07-14;39,00;0,00;0,00;0,00;0,00;0,00;63,00;0,00;0,00;12,19;0,00;12,19;12,19;0,00;0,00;13,00;13,00;0,00;0,00;13,00;0,00;0,00;0,00;0,00;0,00;0,00;0,00;0,00
2019-07-21;54,00;0,00;0,00;0,00;0,00;69,88;41,29;0,00;28,59;0,00;0,00;0,00;0,00;13,00;0,00;0,00;0,00;13,00;0,00;0,00;13,00;0,00;0,00;13,00;13,00;0,00;0,00;0,00
2019-07-28;37,00;0,00;0,00;0,00;0,00;12,33;49,33;0,00;12,33;12,33;0,00;0,00;0,00;0,00;0,00;12,00;0,00;0,00;0,00;0,00;0,00;0,00;0,00;0,00;0,00;0,00;0,00;0,00
2019-08-04;12,00;0,00;0,00;0,00;0,00;45,00;69,00;0,00;12,00;0,00;0,00;25,33;0,00;0,00;0,00;0,00;0,00;0,00;0,00;0,00;11,00;0,00;0,00;0,00;11,00;0,00;0,00;0,00
2019-08-11;11,00;0,00;0,00;0,00;0,00;40,33;25,67;0,00;25,67;9,78;9,78;20,78;0,00;0,00;0,00;0,00;0,00;0,00;10,00;0,00;0,00;0,00;0,00;0,00;0,00;0,00;0,00;0,00
2019-08-18;44,00;11,00;0,00;0,00;0,00;22,00;56,57;0,00;22,00;22,00;0,00;11,00;0,00;0,00;11,00;0,00;11,00;0,00;0,00;0,00;0,00;0,00;0,00;0,00;0,00;0,00;0,00;0,00
2019-08-25;56,00;0,00;0,00;0,00;0,00;34,22;56,00;12,44;21,78;22,40;0,00;0,00;0,00;11,00;0,00;22,00;0,00;0,00;0,00;0,00;0,00;0,00;0,00;11,00;0,00;0,00;0,00;0,00
2019-09-01;11,00;0,00;0,00;0,00;0,00;102,67;25,67;0,00;25,67;0,00;0,00;20,78;0,00;0,00;0,00;31,00;0,00;0,00;10,00;0,00;0,00;0,00;0,00;0,00;0,00;0,00;0,00;0,00
2019-09-08;32,00;0,00;0,00;0,00;0,00;44,80;44,80;0,00;0,00;0,00;0,00;0,00;9,85;0,00;10,00;11,00;0,00;0,00;0,00;0,00;0,00;0,00;0,00;0,00;0,00;0,00;0,00;0,00
2019-09-15;22,00;0,00;0,00;0,00;0,00;22,00;31,43;9,43;9,43;0,00;0,00;33,65;0,00;0,00;0,00;53,00;0,00;0,00;0,00;0,00;0,00;0,00;0,00;0,00;0,00;0,00;0,00;0,00
2019-09-22;43,00;0,00;0,00;0,00;0,00;64,50;30,71;0,00;0,00;10,12;10,12;11,38;0,00;0,00;0,00;10,00;0,00;0,00;0,00;0,00;0,00;0,00;0,00;0,00;0,00;0,00;0,00;0,00
2019-09-29;32,00;0,00;0,00;0,00;0,00;67,20;9,60;0,00;22,40;0,00;0,00;0,00;0,00;0,00;10,00;0,00;21,00;0,00;10,00;0,00;0,00;0,00;21,00;0,00;0,00;0,00;0,00;0,00
2019-10-06;43,00;0,00;0,00;0,00;0,00;43,00;76,79;0,00;43,00;0,00;0,00;43,00;0,00;0,00;0,00;0,00;0,00;11,00;0,00;0,00;0,00;0,00;0,00;0,00;0,00;0,00;0,00;0,00
2019-10-13;0,00;0,00;0,00;0,00;0,00;15,00;19,00;0,00;4,00;9,00;0,00;9,00;0,00;0,00;11,00;11,00;0,00;0,00;11,00;0,00;0,00;0,00;0,00;0,00;0,00;0,00;0,00;0,00
2019-10-20;11,00;0,00;0,00;0,00;0,00;36,67;51,33;0,00;36,67;0,00;0,00;20,78;0,00;0,00;0,00;21,00;10,00;0,00;0,00;0,00;10,00;0,00;0,00;0,00;0,00;0,00;0,00;0,00
2019-10-27;31,00;0,00;0,00;0,00;0,00;9,30;43,40;0,00;0,00;21,08;0,00;52,08;0,00;0,00;0,00;41,00;10,00;0,00;10,00;0,00;10,00;0,00;21,00;0,00;0,00;0,00;0,00;0,00
2019-11-03;42,00;0,00;0,00;0,00;0,00;30,00;30,00;21,00;81,00;9,88;9,88;51,88;0,00;0,00;10,00;31,00;10,00;0,00;0,00;0,00;0,00;0,00;0,00;0,00;0,00;0,00;0,00;0,00
2019-11-10;32,00;0,00;0,00;0,00;0,00;54,40;32,00;0,00;9,60;9,85;0,00;20,92;0,00;0,00;0,00;31,00;10,00;0,00;0,00;0,00;0,00;0,00;0,00;0,00;0,00;0,00;0,00;0,00
2019-11-17;32,00;0,00;0,00;0,00;0,00;54,40;54,40;0,00;76,80;0,00;0,00;9,85;0,00;0,00;0,00;10,00;0,00;0,00;0,00;0,00;0,00;0,00;10,00;10,00;0,00;0,00;0,00;0,00
2019-11-24;20,00;0,00;0,00;0,00;0,00;57,14;57,14;28,57;0,00;0,00;0,00;10,00;0,00;0,00;0,00;0,00;0,00;0,00;0,00;0,00;0,00;0,00;0,00;10,00;0,00;0,00;0,00;0,00
2019-12-01;32,00;0,00;0,00;0,00;0,00;76,80;22,40;0,00;9,60;21,76;0,00;10,24;0,00;10,00;10,00;52,00;10,00;0,00;10,00;0,00;0,00;0,00;0,00;10,00;0,00;0,00;0,00;0,00
2019-12-08;21,00;0,00;0,00;0,00;0,00;60,00;30,00;9,00;39,00;0,00;0,00;21,00;9,88;0,00;10,00;31,00;10,00;20,00;0,00;0,00;0,00;0,00;0,00;0,00;10,00;0,00;0,00;0,00
2019-12-15;64,00;10,00;0,00;0,00;0,00;54,86;30,48;0,00;21,33;0,00;0,00;32,00;0,00;0,00;0,00;21,00;0,00;21,00;0,00;0,00;0,00;0,00;0,00;0,00;0,00;0,00;0,00;0,00
2019-12-22;50,00;0,00;0,00;0,00;0,00;62,50;100,00;12,50;125,00;0,00;0,00;25,00;0,00;0,00;24,00;37,00;24,00;12,00;0,00;12,00;12,00;0,00;12,00;0,00;12,00;0,00;0,00;0,00
2019-12-29;99,00;0,00;0,00;0,00;0,00;111,38;21,66;21,66;21,66;11,14;0,00;43,31;0,00;0,00;0,00;22,00;0,00;32,00;0,00;11,00;43,00;0,00;0,00;0,00;11,00;0,00;0,00;0,00
2020-01-05;91,00;0,00;0,00;0,00;0,00;130,43;69,77;9,10;48,53;29,51;0,00;79,93;0,00;0,00;0,00;60,00;0,00;0,00;20,00;0,00;0,00;0,00;0,00;0,00;0,00;0,00;0,00;0,00
2020-01-12;69,00;0,00;0,00;0,00;0,00;50,18;50,18;40,77;50,18;28,85;0,00;97,85;10,04;10,00;0,00;48,00;0,00;0,00;38,00;0,00;0,00;0,00;10,00;10,00;10,00;0,00;0,00;0,00
2020-01-19;41,00;0,00;0,00;0,00;0,00;116,69;116,69;50,46;157,69;9,94;0,00;41,00;9,94;0,00;10,00;50,00;0,00;0,00;10,00;10,00;10,00;0,00;0,00;0,00;10,00;0,00;0,00;0,00
2020-01-26;71,00;0,00;0,00;0,00;0,00;185,22;111,13;71,00;49,39;29,89;0,00;80,96;9,96;0,00;0,00;10,00;0,00;10,00;10,00;20,00;0,00;0,00;20,00;0,00;0,00;0,00;0,00;0,00
2020-02-02;51,00;0,00;0,00;0,00;0,00;264,00;99,00;0,00;60,00;51,00;9,95;102,00;19,90;0,00;0,00;81,00;0,00;0,00;20,00;10,00;0,00;0,00;0,00;0,00;0,00;0,00;0,00;0,00
2020-02-09;43,00;0,00;0,00;0,00;0,00;129,00;64,50;0,00;64,50;11,06;9,83;73,71;9,83;0,00;0,00;74,00;11,00;11,00;11,00;0,00;11,00;0,00;11,00;0,00;32,00;0,00;0,00;0,00
2020-02-16;51,00;0,00;0,00;0,00;0,00;111,00;51,00;9,00;30,00;0,00;0,00;9,95;0,00;0,00;10,00;60,00;0,00;20,00;0,00;10,00;0,00;0,00;0,00;0,00;0,00;0,00;0,00;0,00
2020-02-23;79,00;0,00;0,00;10,00;0,00;48,62;66,85;9,12;9,12;0,00;10,03;30,10;0,00;0,00;0,00;29,00;0,00;0,00;0,00;10,00;0,00;0,00;10,00;0,00;0,00;0,00;0,00;0,00
2020-03-01;80,00;0,00;0,00;0,00;0,00;21,54;58,46;0,00;49,23;0,00;0,00;10,00;0,00;0,00;20,00;10,00;0,00;0,00;0,00;10,00;0,00;0,00;10,00;0,00;10,00;0,00;0,00;0,00
2020-03-08;58,00;0,00;0,00;0,00;0,00;97,68;27,47;0,00;36,63;9,87;18,51;9,87;0,00;0,00;0,00;9,00;9,00;0,00;9,00;0,00;0,00;0,00;0,00;0,00;0,00;0,00;0,00;0,00
2020-03-15;19,00;0,00;0,00;0,00;0,00;19,00;28,50;0,00;9,50;9,50;0,00;0,00;0,00;0,00;0,00;0,00;0,00;0,00;0,00;0,00;0,00;0,00;0,00;0,00;0,00;0,00;0,00;0,00
2020-03-22;19,00;0,00;0,00;0,00;0,00;60,17;9,50;0,00;28,50;0,00;0,00;0,00;0,00;0,00;0,00;0,00;0,00;0,00;0,00;0,00;0,00;0,00;0,00;0,00;0,00;0,00;0,00;0,00
2020-03-29;9,00;0,00;0,00;0,00;0,00;18,00;9,00;9,00;27,00;9,00;0,00;0,00;0,00;0,00;9,00;9,00;0,00;0,00;0,00;0,00;0,00;0,00;0,00;0,00;0,00;0,00;0,00;0,00
2020-04-05;21,00;0,00;0,00;0,00;0,00;9,00;21,00;0,00;0,00;0,00;0,00;9,88;0,00;0,00;0,00;20,00;0,00;0,00;0,00;0,00;0,00;0,00;0,00;0,00;0,00;0,00;0,00;0,00
2020-04-12;10,00;9,00;0,00;0,00;0,00;0,00;30,00;10,00;10,00;10,00;0,00;10,00;10,00;0,00;0,00;0,00;9,00;0,00;0,00;0,00;0,00;0,00;0,00;0,00;0,00;0,00;0,00;0,00
2020-04-19;0,00;0,00;0,00;0,00;0,00;6,00;10,00;0,00;3,00;0,00;0,00;0,00;0,00;0,00;0,00;0,00;0,00;0,00;0,00;0,00;0,00;0,00;0,00;0,00;0,00;0,00;0,00;0,00
2020-04-26;9,00;0,00;0,00;0,00;0,00;9,00;9,00;0,00;0,00;0,00;0,00;9,00;0,00;9,00;0,00;0,00;0,00;0,00;0,00;9,00;0,00;0,00;0,00;0,00;0,00;0,00;0,00;0,00
2020-05-03;0,00;0,00;0,00;0,00;0,00;9,00;0,00;0,00;0,00;0,00;0,00;7,00;0,00;0,00;0,00;9,00;0,00;0,00;0,00;9,00;0,00;0,00;0,00;0,00;9,00;0,00;0,00;0,00
2020-05-10;9,00;0,00;0,00;0,00;0,00;18,00;27,00;0,00;0,00;7,88;0,00;0,00;0,00;0,00;0,00;9,00;0,00;0,00;0,00;0,00;0,00;0,00;0,00;9,00;0,00;0,00;0,00;0,00
2020-05-17;10,00;0,00;0,00;0,00;0,00;0,00;10,00;20,00;10,00;0,00;0,00;10,00;0,00;0,00;0,00;0,00;0,00;0,00;0,00;0,00;0,00;0,00;0,00;0,00;0,00;0,00;0,00;0,00
2020-05-24;0,00;0,00;0,00;0,00;0,00;0,00;3,00;0,00;3,00;0,00;0,00;8,00;0,00;0,00;0,00;9,00;0,00;0,00;0,00;0,00;0,00;0,00;0,00;0,00;0,00;0,00;0,00;0,00
2020-05-31;10,00;0,00;0,00;0,00;0,00;30,00;20,00;0,00;30,00;10,00;0,00;10,00;0,00;0,00;0,00;9,00;0,00;0,00;0,00;0,00;0,00;0,00;0,00;0,00;0,00;0,00;0,00;0,00
2020-06-07;9,00;0,00;0,00;0,00;0,00;9,00;36,00;0,00;9,00;0,00;0,00;0,00;0,00;0,00;0,00;9,00;0,00;0,00;0,00;0,00;0,00;0,00;0,00;0,00;0,00;0,00;0,00;0,00
2020-06-14;10,00;0,00;0,00;0,00;0,00;20,00;20,00;10,00;0,00;0,00;0,00;0,00;10,00;10,00;10,00;0,00;0,00;0,00;0,00;0,00;0,00;0,00;10,00;0,00;0,00;0,00;0,00;0,00
2020-06-21;11,00;0,00;0,00;0,00;0,00;11,00;11,00;0,00;0,00;0,00;0,00;0,00;0,00;0,00;0,00;10,00;0,00;0,00;0,00;0,00;0,00;0,00;0,00;0,00;0,00;0,00;0,00;0,00
2020-06-28;50,00;0,00;0,00;0,00;0,00;0,00;18,75;0,00;0,00;10,00;0,00;0,00;0,00;0,00;0,00;0,00;19,00;10,00;0,00;0,00;0,00;0,00;0,00;0,00;0,00;0,00;0,00;0,00
2020-07-05;52,00;0,00;0,00;0,00;0,00;21,41;30,59;9,18;21,41;0,00;0,00;30,95;0,00;0,00;0,00;10,00;0,00;0,00;0,00;10,00;0,00;0,00;0,00;0,00;0,00;0,00;0,00;0,00
2020-07-12;33,00;0,00;0,00;0,00;0,00;33,00;21,00;0,00;21,00;0,00;0,00;22,00;0,00;0,00;0,00;22,00;0,00;0,00;0,00;0,00;0,00;0,00;0,00;11,00;0,00;0,00;0,00;0,00
2020-07-19;33,00;0,00;0,00;0,00;0,00;21,00;42,00;12,00;21,00;0,00;0,00;11,00;0,00;0,00;11,00;11,00;0,00;11,00;11,00;0,00;0,00;0,00;0,00;0,00;0,00;0,00;0,00;0,00
2020-07-26;11,00;0,00;0,00;10,00;0,00;14,67;36,67;25,67;11,00;0,00;0,00;11,00;0,00;0,00;10,00;0,00;0,00;0,00;10,00;10,00;0,00;0,00;0,00;0,00;0,00;0,00;0,00;0,00
2020-08-02;0,00;0,00;0,00;0,00;0,00;3,00;7,00;0,00;0,00;0,00;0,00;0,00;0,00;0,00;0,00;10,00;0,00;0,00;0,00;0,00;0,00;0,00;0,00;0,00;0,00;0,00;0,00;0,00
2020-08-09;42,00;0,00;0,00;0,00;0,00;30,00;0,00;0,00;0,00;0,00;0,00;9,88;0,00;0,00;0,00;20,00;10,00;0,00;0,00;0,00;0,00;0,00;0,00;0,00;0,00;0,00;0,00;0,00
2020-08-16;39,00;0,00;0,00;0,00;0,00;30,00;9,00;0,00;0,00;10,06;0,00;10,06;0,00;0,00;0,00;0,00;0,00;0,00;10,00;0,00;0,00;0,00;0,00;0,00;0,00;0,00;0,00;0,00
2020-08-23;48,00;0,00;0,00;0,00;0,00;27,00;57,00;0,00;0,00;0,00;0,00;9,85;0,00;0,00;0,00;9,00;0,00;0,00;0,00;0,00;0,00;0,00;9,00;0,00;0,00;0,00;0,00;0,00
2020-08-30;19,00;0,00;0,00;0,00;0,00;19,00;50,67;9,50;9,50;9,50;0,00;9,50;0,00;0,00;0,00;19,00;0,00;0,00;9,00;0,00;0,00;0,00;0,00;0,00;9,00;0,00;0,00;0,00
2020-09-06;0,00;0,00;0,00;0,00;0,00;19,00;12,00;0,00;3,00;0,00;0,00;0,00;0,00;0,00;0,00;28,00;0,00;0,00;0,00;9,00;28,00;0,00;9,00;0,00;0,00;0,00;0,00;0,00
2020-09-13;20,00;0,00;0,00;0,00;0,00;48,57;37,14;0,00;8,57;0,00;0,00;0,00;0,00;10,00;49,00;30,00;10,00;0,00;0,00;0,00;0,00;0,00;0,00;0,00;0,00;0,00;0,00;0,00
2020-09-20;19,00;0,00;0,00;0,00;0,00;9,50;50,67;0,00;0,00;9,50;0,00;9,50;0,00;0,00;0,00;19,00;9,00;0,00;0,00;0,00;0,00;0,00;0,00;9,00;0,00;0,00;0,00;0,00
2020-09-27;0,00;0,00;0,00;0,00;0,00;6,00;0,00;3,00;3,00;0,00;0,00;0,00;0,00;0,00;0,00;0,00;0,00;0,00;10,00;0,00;0,00;0,00;0,00;0,00;0,00;0,00;0,00;0,00
2020-10-04;30,00;0,00;0,00;0,00;0,00;9,00;57,00;0,00;0,00;0,00;10,00;0,00;0,00;0,00;0,00;0,00;0,00;10,00;0,00;10,00;0,00;0,00;0,00;10,00;0,00;0,00;0,00;0,00
2020-10-11;11,00;0,00;0,00;0,00;0,00;0,00;19,25;0,00;19,25;0,00;0,00;11,00;0,00;22,00;0,00;22,00;0,00;0,00;0,00;11,00;0,00;0,00;11,00;0,00;0,00;0,00;0,00;0,00
2020-10-18;10,00;0,00;0,00;0,00;0,00;10,00;10,00;0,00;0,00;0,00;0,00;0,00;0,00;0,00;0,00;10,00;10,00;0,00;0,00;10,00;0,00;0,00;0,00;10,00;0,00;0,00;0,00;0,00
2020-10-25;0,00;0,00;0,00;0,00;0,00;7,00;10,00;0,00;0,00;8,00;0,00;16,00;0,00;0,00;0,00;0,00;0,00;0,00;0,00;0,00;0,00;0,00;0,00;0,00;0,00;0,00;0,00;0,00
2020-11-01;10,00;0,00;0,00;0,00;0,00;10,00;10,00;0,00;0,00;0,00;0,00;0,00;10,00;0,00;0,00;10,00;0,00;0,00;0,00;0,00;0,00;0,00;0,00;0,00;0,00;0,00;0,00;0,00
2020-11-08;10,00;0,00;0,00;0,00;0,00;10,00;46,67;0,00;46,67;0,00;0,00;0,00;0,00;0,00;0,00;31,00;0,00;0,00;0,00;0,00;0,00;0,00;0,00;0,00;0,00;0,00;0,00;0,00
2020-11-15;0,00;0,00;0,00;0,00;0,00;0,00;3,00;0,00;3,00;0,00;0,00;8,00;0,00;0,00;0,00;10,00;0,00;0,00;0,00;0,00;0,00;0,00;0,00;0,00;0,00;0,00;0,00;0,00
2020-11-22;30,00;0,00;0,00;0,00;0,00;9,00;0,00;0,00;9,00;0,00;0,00;0,00;0,00;0,00;0,00;0,00;0,00;0,00;0,00;0,00;0,00;0,00;10,00;0,00;0,00;0,00;0,00;0,00
2020-11-29;0,00;10,00;0,00;0,00;0,00;13,00;13,00;0,00;0,00;0,00;0,00;0,00;0,00;0,00;0,00;20,00;0,00;0,00;0,00;0,00;0,00;0,00;0,00;0,00;0,00;0,00;0,00;0,00
2020-12-06;0,00;0,00;0,00;0,00;0,00;3,00;0,00;0,00;0,00;0,00;0,00;8,00;0,00;0,00;0,00;10,00;0,00;0,00;0,00;0,00;0,00;0,00;0,00;0,00;0,00;0,00;0,00;0,00
2020-12-13;0,00;0,00;0,00;0,00;0,00;3,00;3,00;0,00;0,00;0,00;0,00;0,00;0,00;10,00;0,00;10,00;0,00;0,00;0,00;0,00;0,00;0,00;0,00;0,00;0,00;0,00;0,00;0,00
2020-12-20;12,00;0,00;0,00;0,00;0,00;48,00;48,00;0,00;12,00;0,00;0,00;0,00;0,00;0,00;12,00;24,00;0,00;0,00;0,00;0,00;0,00;0,00;0,00;0,00;0,00;0,00;0,00;0,00
2020-12-27;45,00;0,00;0,00;0,00;0,00;12,00;12,00;12,00;0,00;0,00;0,00;21,89;0,00;0,00;0,00;11,00;0,00;0,00;0,00;0,00;0,00;0,00;0,00;11,00;0,00;0,00;0,00;0,00
2021-01-03;10,00;0,00;0,00;0,00;0,00;53,33;33,33;10,00;43,33;0,00;0,00;10,00;0,00;0,00;0,00;10,00;0,00;0,00;0,00;0,00;0,00;0,00;0,00;0,00;0,00;0,00;0,00;0,00
2021-01-10;0,00;0,00;0,00;0,00;0,00;6,00;3,00;0,00;3,00;0,00;0,00;0,00;8,00;0,00;0,00;0,00;0,00;0,00;0,00;0,00;0,00;0,00;0,00;0,00;0,00;0,00;0,00;0,00
2021-01-17;0,00;0,00;0,00;0,00;0,00;3,00;16,00;0,00;0,00;8,00;0,00;16,00;0,00;0,00;0,00;10,00;0,00;0,00;19,00;0,00;0,00;0,00;0,00;0,00;10,00;0,00;0,00;0,00
2021-01-24;60,00;0,00;0,00;0,00;0,00;21,00;21,00;0,00;0,00;9,80;0,00;9,80;0,00;0,00;10,00;0,00;0,00;0,00;0,00;0,00;0,00;0,00;0,00;0,00;0,00;0,00;0,00;0,00
2021-01-31;0,00;0,00;0,00;0,00;0,00;3,00;16,00;3,00;0,00;0,00;0,00;0,00;0,00;0,00;0,00;0,00;10,00;0,00;0,00;0,00;0,00;0,00;0,00;0,00;0,00;0,00;0,00;0,00
2021-02-07;10,00;0,00;0,00;0,00;0,00;23,33;33,33;0,00;10,00;0,00;0,00;20,00;0,00;0,00;0,00;0,00;0,00;0,00;0,00;10,00;0,00;0,00;0,00;0,00;0,00;0,00;0,00;0,00
2021-02-14;11,00;0,00;0,00;0,00;0,00;38,50;11,00;0,00;19,25;0,00;0,00;0,00;0,00;0,00;11,00;0,00;0,00;11,00;0,00;0,00;0,00;0,00;0,00;0,00;0,00;0,00;0,00;0,00
2021-02-21;10,00;0,00;0,00;0,00;0,00;33,33;0,00;0,00;0,00;0,00;0,00;10,00;0,00;0,00;0,00;20,00;0,00;0,00;0,00;0,00;0,00;0,00;10,00;0,00;0,00;0,00;0,00;0,00
2021-02-28;21,00;0,00;0,00;0,00;0,00;9,00;0,00;0,00;0,00;0,00;0,00;9,88;0,00;0,00;10,00;0,00;0,00;0,00;0,00;0,00;0,00;0,00;0,00;0,00;0,00;0,00;0,00;0,00
2021-03-07;30,00;0,00;0,00;0,00;0,00;9,00;30,00;0,00;21,00;0,00;0,00;9,60;0,00;0,00;0,00;0,00;0,00;0,00;0,00;0,00;0,00;0,00;10,00;0,00;0,00;0,00;0,00;0,00
2021-03-14;0,00;0,00;0,00;0,00;0,00;0,00;10,00;0,00;3,00;0,00;0,00;0,00;0,00;0,00;0,00;0,00;0,00;0,00;0,00;0,00;0,00;0,00;0,00;0,00;0,00;0,00;0,00;0,00
2021-03-21;0,00;0,00;0,00;0,00;0,00;3,00;7,00;0,00;3,00;0,00;0,00;8,00;0,00;0,00;0,00;0,00;0,00;0,00;0,00;0,00;0,00;0,00;0,00;0,00;0,00;0,00;0,00;0,00
2021-03-28;34,00;0,00;0,00;0,00;0,00;0,00;0,00;0,00;0,00;0,00;0,00;0,00;0,00;0,00;0,00;0,00;0,00;0,00;0,00;0,00;0,00;0,00;0,00;0,00;0,00;0,00;0,00;0,00
2021-04-04;10,00;0,00;0,00;0,00;0,00;0,00;10,00;0,00;0,00;0,00;0,00;0,00;0,00;0,00;0,00;0,00;0,00;0,00;0,00;0,00;10,00;0,00;0,00;0,00;0,00;0,00;0,00;0,00
2021-04-11;21,00;0,00;0,00;0,00;0,00;0,00;9,00;0,00;0,00;0,00;0,00;9,88;0,00;10,00;0,00;0,00;0,00;0,00;0,00;0,00;0,00;0,00;0,00;0,00;0,00;0,00;0,00;0,00
2021-04-18;32,00;0,00;0,00;11,00;0,00;22,40;9,60;0,00;0,00;0,00;0,00;20,92;0,00;0,00;0,00;0,00;0,00;0,00;11,00;0,00;0,00;0,00;0,00;0,00;0,00;0,00;0,00;0,00
2021-04-25;11,00;0,00;0,00;0,00;0,00;11,00;11,00;11,00;11,00;0,00;11,00;11,00;0,00;0,00;0,00;0,00;0,00;0,00;0,00;0,00;0,00;0,00;0,00;0,00;0,00;0,00;0,00;0,00
2021-05-02;10,00;0,00;0,00;0,00;0,00;0,00;10,00;0,00;0,00;0,00;0,00;0,00;0,00;0,00;0,00;0,00;0,00;0,00;0,00;0,00;0,00;0,00;0,00;0,00;0,00;0,00;0,00;0,00
2021-05-09;0,00;0,00;0,00;11,00;0,00;4,00;4,00;3,00;0,00;0,00;0,00;0,00;0,00;0,00;0,00;11,00;0,00;0,00;0,00;0,00;0,00;0,00;0,00;0,00;0,00;0,00;0,00;0,00
2021-05-16;11,00;0,00;0,00;0,00;0,00;0,00;0,00;0,00;0,00;0,00;0,00;9,78;0,00;0,00;0,00;0,00;0,00;0,00;10,00;0,00;10,00;0,00;0,00;0,00;0,00;0,00;0,00;0,00
2021-05-23;75,00;0,00;0,00;0,00;0,00;9,38;9,38;0,00;0,00;0,00;0,00;0,00;0,00;0,00;0,00;0,00;0,00;0,00;0,00;0,00;0,00;0,00;11,00;0,00;0,00;0,00;0,00;0,00
2021-05-30;22,00;0,00;0,00;0,00;0,00;0,00;12,57;0,00;0,00;0,00;0,00;0,00;0,00;0,00;0,00;0,00;0,00;0,00;0,00;0,00;0,00;0,00;0,00;0,00;0,00;0,00;0,00;0,00
2021-06-06;33,00;0,00;0,00;0,00;0,00;12,00;0,00;0,00;0,00;11,42;0,00;11,42;0,00;0,00;0,00;0,00;0,00;0,00;0,00;0,00;0,00;0,00;0,00;0,00;0,00;0,00;0,00;0,00
2021-06-13;22,00;0,00;0,00;0,00;0,00;0,00;0,00;0,00;12,57;0,00;0,00;0,00;0,00;0,00;0,00;0,00;0,00;0,00;0,00;0,00;0,00;0,00;0,00;0,00;0,00;0,00;0,00;0,00
2021-06-20;22,00;0,00;0,00;0,00;0,00;12,57;12,57;0,00;12,57;0,00;0,00;0,00;0,00;0,00;0,00;0,00;0,00;0,00;0,00;0,00;0,00;0,00;11,00;0,00;0,00;0,00;0,00;0,00
2021-06-27;33,00;0,00;0,00;0,00;0,00;0,00;12,00;0,00;12,00;0,00;0,00;0,00;0,00;0,00;0,00;22,00;0,00;0,00;0,00;0,00;0,00;0,00;0,00;0,00;0,00;0,00;0,00;0,00
2021-07-04;68,00;0,00;0,00;0,00;0,00;0,00;21,64;0,00;123,64;11,13;0,00;0,00;0,00;0,00;0,00;0,00;0,00;0,00;0,00;0,00;0,00;0,00;11,00;0,00;0,00;0,00;0,00;0,00
2021-07-11;37,00;0,00;0,00;0,00;0,00;0,00;24,67;0,00;12,33;0,00;0,00;0,00;0,00;0,00;0,00;0,00;0,00;0,00;0,00;0,00;0,00;0,00;0,00;0,00;0,00;0,00;0,00;0,00
2021-07-18;51,00;0,00;0,00;0,00;0,00;0,00;0,00;0,00;0,00;0,00;0,00;12,44;0,00;0,00;0,00;0,00;0,00;0,00;0,00;0,00;13,00;0,00;0,00;0,00;13,00;0,00;0,00;0,00
2021-07-25;23,00;23,00;0,00;0,00;0,00;0,00;13,14;0,00;13,14;0,00;0,00;0,00;0,00;0,00;0,00;0,00;0,00;11,00;11,00;0,00;0,00;0,00;11,00;0,00;0,00;0,00;0,00;0,00
2021-08-01;0,00;12,00;0,00;0,00;0,00;8,00;8,00;0,00;4,00;0,00;0,00;0,00;0,00;0,00;12,00;0,00;0,00;0,00;0,00;0,00;0,00;0,00;0,00;0,00;0,00;0,00;0,00;0,00
2021-08-08;11,00;0,00;0,00;0,00;0,00;19,25;11,00;0,00;0,00;0,00;0,00;11,00;0,00;11,00;0,00;11,00;11,00;0,00;0,00;0,00;0,00;0,00;0,00;0,00;0,00;0,00;0,00;0,00
2021-08-15;55,00;0,00;0,00;0,00;0,00;42,78;21,39;0,00;12,22;0,00;0,00;0,00;0,00;11,00;0,00;11,00;0,00;0,00;0,00;0,00;0,00;0,00;0,00;0,00;0,00;0,00;0,00;0,00
2021-08-22;12,00;0,00;0,00;0,00;0,00;12,00;81,00;0,00;0,00;0,00;0,00;0,00;0,00;0,00;0,00;12,00;0,00;0,00;0,00;0,00;0,00;0,00;0,00;0,00;0,00;0,00;0,00;0,00
2021-08-29;24,00;0,00;0,00;0,00;0,00;93,00;36,00;0,00;12,00;0,00;0,00;24,00;0,00;12,00;24,00;47,00;0,00;0,00;0,00;12,00;0,00;0,00;0,00;0,00;0,00;0,00;0,00;0,00
2021-09-05;73,00;0,00;0,00;0,00;0,00;60,83;24,33;24,33;0,00;0,00;0,00;12,37;23,51;0,00;0,00;36,00;12,00;0,00;0,00;0,00;0,00;0,00;0,00;0,00;0,00;0,00;0,00;0,00
2021-09-12;48,00;0,00;0,00;0,00;0,00;129,00;0,00;12,00;12,00;12,31;0,00;12,31;0,00;0,00;0,00;36,00;0,00;0,00;12,00;0,00;0,00;0,00;12,00;0,00;0,00;0,00;0,00;0,00
2021-09-19;36,00;0,00;0,00;0,00;0,00;72,00;60,00;0,00;12,00;0,00;0,00;48,41;0,00;0,00;12,00;0,00;0,00;0,00;0,00;0,00;0,00;0,00;0,00;0,00;0,00;0,00;0,00;0,00
2021-09-26;0,00;0,00;0,00;0,00;0,00;12,00;19,00;8,00;4,00;0,00;0,00;19,00;0,00;0,00;0,00;0,00;0,00;0,00;35,00;0,00;0,00;0,00;12,00;0,00;0,00;0,00;0,00;0,00
2021-10-03;12,00;0,00;0,00;0,00;0,00;69,00;24,00;12,00;0,00;12,00;0,00;0,00;0,00;0,00;12,00;0,00;0,00;0,00;0,00;0,00;0,00;0,00;0,00;12,00;0,00;0,00;0,00;0,00
2021-10-10;25,00;0,00;0,00;0,00;0,00;75,00;12,50;0,00;12,50;0,00;0,00;25,00;0,00;0,00;0,00;0,00;0,00;0,00;0,00;0,00;0,00;0,00;0,00;0,00;0,00;0,00;0,00;0,00
2021-10-17;25,00;0,00;0,00;0,00;0,00;37,50;75,00;37,50;0,00;0,00;12,50;12,50;0,00;0,00;0,00;25,00;0,00;0,00;0,00;0,00;12,00;0,00;37,00;0,00;0,00;0,00;0,00;0,00
2021-10-24;0,00;0,00;0,00;0,00;0,00;16,00;16,00;0,00;8,00;10,00;10,00;19,00;0,00;0,00;12,00;0,00;0,00;0,00;0,00;0,00;0,00;0,00;12,00;12,00;0,00;0,00;0,00;0,00
2021-10-31;12,00;0,00;0,00;0,00;0,00;45,00;24,00;12,00;12,00;10,80;10,80;10,80;0,00;0,00;0,00;0,00;0,00;0,00;12,00;0,00;0,00;0,00;12,00;0,00;0,00;0,00;0,00;0,00
2021-11-07;12,00;12,00;0,00;0,00;0,00;69,00;33,00;12,00;33,00;0,00;0,00;25,33;0,00;0,00;12,00;0,00;0,00;0,00;0,00;0,00;0,00;0,00;0,00;12,00;0,00;0,00;0,00;0,00
2021-11-14;23,00;0,00;0,00;0,00;0,00;13,14;59,14;0,00;13,14;23,00;0,00;34,50;0,00;0,00;0,00;22,00;0,00;0,00;11,00;0,00;0,00;0,00;0,00;11,00;0,00;0,00;0,00;0,00
2021-11-21;45,00;0,00;0,00;0,00;0,00;21,00;12,00;12,00;54,00;11,25;0,00;11,25;0,00;0,00;0,00;33,00;0,00;0,00;0,00;0,00;0,00;0,00;0,00;0,00;0,00;0,00;0,00;0,00
2021-11-28;23,00;0,00;0,00;0,00;0,00;49,29;36,14;36,14;36,14;57,50;0,00;11,50;0,00;0,00;0,00;22,00;22,00;0,00;0,00;0,00;0,00;0,00;0,00;0,00;0,00;0,00;0,00;0,00
2021-12-05;11,00;11,00;0,00;11,00;0,00;41,25;19,25;0,00;19,25;22,00;11,00;11,00;0,00;0,00;11,00;0,00;0,00;0,00;0,00;0,00;0,00;0,00;11,00;0,00;0,00;0,00;0,00;0,00
2021-12-12;23,00;0,00;34,00;0,00;0,00;23,00;0,00;23,00;13,14;11,50;0,00;23,00;0,00;0,00;0,00;0,00;0,00;0,00;0,00;0,00;0,00;0,00;22,00;0,00;0,00;0,00;0,00;0,00
2021-12-19;28,00;0,00;14,00;0,00;0,00;99,56;15,56;0,00;28,00;14,00;14,00;127,27;0,00;0,00;14,00;41,00;14,00;0,00;14,00;0,00;0,00;0,00;28,00;0,00;14,00;0,00;0,00;0,00
2021-12-26;41,00;0,00;0,00;0,00;0,00;113,54;85,15;12,62;41,00;27,33;0,00;54,67;0,00;0,00;0,00;54,00;0,00;0,00;0,00;14,00;0,00;0,00;0,00;0,00;0,00;0,00;0,00;0,00
2022-01-02;83,00;0,00;0,00;0,00;0,00;166,00;190,59;12,30;24,59;23,54;0,00;59,46;11,15;0,00;0,00;24,00;0,00;12,00;12,00;12,00;0,00;0,00;12,00;0,00;12,00;0,00;0,00;0,00
2022-01-09;47,00;0,00;0,00;0,00;0,00;144,13;97,13;47,00;72,07;11,13;0,00;105,13;0,00;0,00;12,00;12,00;12,00;0,00;0,00;0,00;0,00;0,00;47,00;0,00;0,00;0,00;0,00;0,00
2022-01-16;36,00;0,00;0,00;0,00;0,00;150,00;81,00;24,00;81,00;59,59;0,00;117,93;12,41;0,00;12,00;35,00;0,00;0,00;24,00;24,00;0,00;0,00;35,00;0,00;0,00;0,00;0,00;0,00
2022-01-23;94,00;0,00;0,00;0,00;0,00;197,10;69,74;33,35;57,61;47,00;11,13;81,63;11,13;12,00;0,00;35,00;12,00;0,00;12,00;0,00;0,00;0,00;23,00;12,00;12,00;0,00;0,00;0,00
2022-01-30;73,00;0,00;0,00;0,00;0,00;167,29;60,83;48,67;60,83;12,37;23,51;107,64;0,00;0,00;12,00;36,00;12,00;12,00;0,00;12,00;12,00;0,00;24,00;0,00;12,00;0,00;0,00;0,00
2022-02-06;24,00;12,00;0,00;0,00;0,00;249,00;72,00;36,00;60,00;24,00;0,00;93,60;0,00;0,00;12,00;36,00;12,00;0,00;12,00;0,00;0,00;0,00;24,00;12,00;0,00;0,00;0,00;0,00
2022-02-13;38,00;0,00;0,00;0,00;0,00;316,67;145,67;12,67;25,33;12,26;0,00;74,77;0,00;0,00;0,00;63,00;0,00;0,00;13,00;0,00;13,00;0,00;13,00;0,00;25,00;0,00;0,00;0,00
2022-02-20;97,00;0,00;0,00;0,00;0,00;97,00;109,13;0,00;24,25;23,63;12,44;36,06;0,00;0,00;12,00;36,00;0,00;0,00;12,00;0,00;12,00;0,00;12,00;0,00;24,00;0,00;0,00;0,00
2022-02-27;61,00;0,00;0,00;0,00;0,00;61,00;36,60;36,60;0,00;0,00;12,45;23,65;0,00;0,00;36,00;0,00;0,00;0,00;0,00;0,00;0,00;0,00;12,00;0,00;0,00;0,00;0,00;0,00
2022-03-06;36,00;0,00;0,00;0,00;0,00;108,00;48,00;12,00;24,00;0,00;0,00;12,41;0,00;0,00;0,00;0,00;12,00;24,00;0,00;0,00;0,00;0,00;0,00;0,00;0,00;0,00;0,00;0,00
2022-03-13;0,00;0,00;0,00;0,00;0,00;8,00;12,00;8,00;0,00;0,00;10,00;0,00;0,00;0,00;12,00;12,00;0,00;0,00;0,00;0,00;0,00;0,00;0,00;0,00;0,00;0,00;0,00;0,00
2022-03-20;50,00;0,00;0,00;0,00;0,00;62,50;62,50;12,50;0,00;0,00;0,00;12,20;0,00;0,00;37,00;0,00;0,00;0,00;0,00;0,00;0,00;0,00;0,00;0,00;0,00;0,00;0,00;0,00
2022-03-27;24,00;0,00;0,00;0,00;0,00;33,00;33,00;0,00;0,00;0,00;0,00;11,37;0,00;0,00;0,00;0,00;0,00;0,00;0,00;0,00;0,00;0,00;12,00;0,00;0,00;0,00;0,00;0,00
2022-04-03;23,00;0,00;0,00;0,00;0,00;85,43;49,29;23,00;49,29;0,00;0,00;11,50;0,00;0,00;0,00;11,00;0,00;0,00;0,00;0,00;0,00;0,00;0,00;0,00;0,00;0,00;0,00;0,00
2022-04-10;80,00;0,00;0,00;0,00;0,00;52,31;27,69;0,00;52,31;40,00;0,00;13,75;0,00;0,00;0,00;13,00;0,00;13,00;0,00;0,00;0,00;0,00;0,00;0,00;0,00;0,00;0,00;0,00
2022-04-17;12,00;0,00;0,00;0,00;0,00;72,00;36,00;0,00;12,00;0,00;0,00;0,00;0,00;0,00;0,00;0,00;0,00;0,00;0,00;0,00;12,00;0,00;0,00;0,00;0,00;0,00;0,00;0,00
2022-04-24;12,00;0,00;0,00;0,00;0,00;12,00;12,00;0,00;0,00;0,00;12,00;0,00;0,00;0,00;0,00;0,00;0,00;0,00;0,00;0,00;0,00;0,00;0,00;0,00;0,00;0,00;0,00;0,00
2022-05-01;48,00;0,00;0,00;0,00;0,00;0,00;12,00;0,00;0,00;12,31;0,00;12,31;0,00;0,00;0,00;0,00;0,00;0,00;0,00;0,00;0,00;0,00;0,00;0,00;0,00;0,00;0,00;0,00
2022-05-08;49,00;0,00;0,00;0,00;0,00;0,00;24,50;0,00;12,25;0,00;0,00;0,00;0,00;0,00;0,00;0,00;0,00;0,00;0,00;0,00;0,00;0,00;0,00;0,00;0,00;0,00;0,00;0,00
2022-05-15;36,00;0,00;0,00;0,00;0,00;0,00;12,00;0,00;0,00;0,00;0,00;0,00;0,00;0,00;0,00;12,00;0,00;0,00;0,00;0,00;12,00;0,00;0,00;0,00;0,00;0,00;0,00;0,00
2022-05-22;25,00;0,00;0,00;0,00;0,00;12,50;12,50;0,00;0,00;0,00;0,00;0,00;0,00;0,00;0,00;12,00;0,00;0,00;12,00;0,00;0,00;0,00;0,00;0,00;0,00;0,00;0,00;0,00
2022-05-29;0,00;0,00;0,00;0,00;0,00;0,00;8,00;0,00;4,00;19,00;0,00;10,00;0,00;0,00;0,00;0,00;0,00;0,00;0,00;0,00;12,00;0,00;0,00;0,00;0,00;0,00;0,00;0,00
2022-06-05;38,00;0,00;0,00;0,00;0,00;12,67;50,67;0,00;12,67;0,00;0,00;0,00;0,00;0,00;0,00;0,00;0,00;0,00;0,00;0,00;0,00;0,00;0,00;0,00;0,00;0,00;0,00;0,00
2022-06-12;25,00;0,00;0,00;0,00;0,00;25,00;25,00;0,00;12,50;25,00;0,00;0,00;0,00;0,00;0,00;0,00;25,00;0,00;0,00;0,00;0,00;0,00;0,00;12,00;0,00;0,00;0,00;0,00
2022-06-19;52,00;0,00;0,00;0,00;0,00;0,00;24,47;0,00;0,00;0,00;0,00;0,00;0,00;0,00;0,00;13,00;0,00;0,00;0,00;0,00;0,00;0,00;13,00;0,00;0,00;0,00;0,00;0,00
2022-06-26;0,00;0,00;0,00;0,00;0,00;0,00;5,00;0,00;0,00;0,00;0,00;0,00;0,00;0,00;0,00;0,00;0,00;0,00;15,00;0,00;0,00;0,00;0,00;15,00;0,00;0,00;0,00;0,00
