Semaine;Chamonix (FR);Val Thorens (FR);Alpe d Huez (FR);Les Deux Alpes (FR);Ischgl (AT);Tignes (FR);Les Arcs (FR);Saalbach (AT);Les Ménuires (FR);Avoriaz (FR);La Plagne (FR);Sankt Anton (AT);Zermatt (CH);Flachau (AT);La Clusaz (FR);Verbier (CH);Zillertal (AT);Morzine (FR);Châtel (FR);St Moritz (DE);Les Gets (FR);Val Cenis (FR);Courchevel (FR);Mayrhofen (AT);Serre Chevalier (FR);Samoëns (FR);Valloire (FR);Méribel (FR);Val d Isère (FR);Megève (FR);Kitzbuhel (AT);Vars (FR);Garmisch (DE);Schladming (AT);Grand Bornand (FR);Brixental (AT);Gstaad (CH);Font Romeu (FR);St Lary (FR);Barèges (FR);La Mongie (FR);Peyragudes (FR)
2019-01-06;16,00;8,00;0,00;16,00;24,00;0,00;0,00;24,00;0,00;0,00;0,00;29,33;29,33;32,00;0,00;8,00;16,00;0,00;0,00;82,29;0,00;8,00;0,00;8,00;0,00;0,00;0,00;0,00;0,00;24,00;16,00;8,00;8,00;0,00;0,00;0,00;0,00;0,00;0,00;48,00;16,00;32,00
2019-01-13;31,00;0,00;8,00;0,00;15,00;8,00;8,00;0,00;0,00;0,00;0,00;14,09;22,55;8,00;0,00;23,00;0,00;0,00;0,00;90,62;0,00;0,00;0,00;0,00;8,00;0,00;0,00;0,00;0,00;8,00;15,00;0,00;0,00;0,00;0,00;0,00;8,00;0,00;0,00;43,40;37,20;24,80
2019-01-20;66,00;0,00;7,00;0,00;7,00;0,00;0,00;0,00;0,00;22,00;0,00;8,25;0,00;7,00;0,00;15,00;0,00;0,00;0,00;95,33;0,00;0,00;0,00;0,00;0,00;0,00;0,00;0,00;0,00;0,00;7,00;0,00;0,00;0,00;0,00;0,00;7,00;0,00;0,00;66,00;99,00;99,00
2019-01-27;30,00;7,00;7,00;22,00;0,00;15,00;0,00;0,00;0,00;0,00;8,18;8,18;43,64;7,00;15,00;15,00;0,00;0,00;0,00;52,50;0,00;0,00;7,00;0,00;15,00;7,00;0,00;0,00;0,00;0,00;0,00;0,00;15,00;0,00;0,00;0,00;0,00;0,00;0,00;10,00;8,00;6,00
2019-02-03;38,00;15,00;8,00;8,00;8,00;8,00;0,00;0,00;0,00;0,00;0,00;8,14;21,71;0,00;0,00;15,00;0,00;7,13;0,00;90,25;0,00;0,00;0,00;0,00;8,00;0,00;0,00;8,00;0,00;0,00;8,00;0,00;8,00;0,00;0,00;0,00;0,00;0,00;0,00;38,00;133,00;95,00
2019-02-10;46,00;0,00;15,00;31,00;8,00;15,00;0,00;8,00;0,00;0,00;0,00;14,38;8,63;0,00;8,00;8,00;15,00;0,00;0,00;106,53;0,00;0,00;15,00;8,00;15,00;0,00;8,00;0,00;8,00;0,00;0,00;8,00;15,00;0,00;0,00;0,00;0,00;8,00;0,00;92,00;76,67;15,33
2019-02-17;16,00;0,00;16,00;8,00;8,00;0,00;0,00;8,00;0,00;8,00;0,00;8,00;8,00;0,00;0,00;8,00;0,00;0,00;0,00;61,33;0,00;0,00;0,00;16,00;0,00;0,00;0,00;0,00;0,00;0,00;24,00;8,00;0,00;8,00;0,00;0,00;0,00;0,00;0,00;8,00;12,00;0,00
2019-02-24;23,00;0,00;0,00;31,00;8,00;8,00;0,00;0,00;0,00;0,00;0,00;0,00;48,88;0,00;0,00;8,00;8,00;0,00;0,00;80,50;0,00;0,00;0,00;16,00;0,00;0,00;0,00;0,00;0,00;0,00;0,00;0,00;0,00;0,00;0,00;0,00;0,00;0,00;0,00;17,25;28,75;11,50
2019-03-03;56,00;0,00;8,00;8,00;8,00;0,00;8,00;16,00;0,00;0,00;0,00;0,00;39,20;0,00;0,00;8,00;0,00;0,00;0,00;31,65;0,00;0,00;0,00;0,00;8,00;0,00;0,00;0,00;0,00;0,00;0,00;0,00;0,00;0,00;0,00;0,00;0,00;8,00;0,00;56,00;336,00;112,00
2019-03-10;48,00;0,00;8,00;8,00;0,00;0,00;0,00;0,00;0,00;0,00;0,00;0,00;22,59;8,00;0,00;24,00;0,00;0,00;0,00;69,60;0,00;0,00;0,00;0,00;0,00;0,00;0,00;0,00;0,00;0,00;0,00;0,00;0,00;0,00;0,00;0,00;0,00;0,00;0,00;144,00;480,00;240,00
2019-03-17;16,00;0,00;8,00;8,00;8,00;0,00;0,00;0,00;0,00;0,00;0,00;24,00;37,33;0,00;8,00;16,00;0,00;0,00;0,00;38,86;0,00;0,00;0,00;0,00;0,00;0,00;0,00;0,00;0,00;16,00;0,00;0,00;0,00;0,00;0,00;0,00;0,00;0,00;0,00;24,00;24,00;16,00
2019-03-24;49,00;16,00;0,00;8,00;8,00;0,00;0,00;0,00;8,00;0,00;0,00;8,65;17,29;0,00;0,00;8,00;0,00;0,00;0,00;66,15;0,00;0,00;0,00;0,00;0,00;0,00;8,00;0,00;0,00;8,00;0,00;0,00;0,00;0,00;0,00;0,00;0,00;0,00;0,00;147,00;73,50;49,00
2019-03-31;55,00;16,00;16,00;8,00;0,00;0,00;8,00;8,00;0,00;8,25;0,00;0,00;38,50;0,00;0,00;0,00;16,00;7,17;0,00;23,91;0,00;0,00;0,00;0,00;8,00;0,00;0,00;0,00;0,00;0,00;16,00;8,00;0,00;0,00;0,00;0,00;8,00;0,00;0,00;110,00;55,00;220,00
2019-04-07;62,00;0,00;0,00;0,00;8,00;0,00;0,00;0,00;0,00;0,00;0,00;0,00;22,55;0,00;0,00;8,00;8,00;14,88;0,00;32,24;0,00;0,00;0,00;0,00;0,00;0,00;0,00;0,00;0,00;0,00;0,00;8,00;0,00;0,00;0,00;0,00;0,00;0,00;0,00;62,00;62,00;0,00
2019-04-14;48,00;0,00;8,00;0,00;8,00;8,00;0,00;0,00;0,00;0,00;0,00;0,00;16,94;0,00;0,00;0,00;8,00;0,00;0,00;16,80;0,00;0,00;0,00;0,00;0,00;0,00;0,00;8,00;0,00;0,00;8,00;0,00;0,00;0,00;0,00;0,00;0,00;0,00;0,00;144,00;240,00;0,00
2019-04-21;33,00;8,00;0,00;41,00;0,00;0,00;0,00;0,00;0,00;0,00;0,00;0,00;16,50;8,00;0,00;0,00;8,00;7,07;0,00;23,57;0,00;0,00;8,00;0,00;0,00;0,00;0,00;0,00;8,00;0,00;0,00;0,00;0,00;8,00;0,00;0,00;0,00;0,00;0,00;16,00;2,00;0,00
2019-04-28;23,00;8,00;8,00;8,00;0,00;0,00;0,00;0,00;0,00;0,00;0,00;8,63;14,38;0,00;0,00;0,00;8,00;0,00;0,00;20,70;0,00;0,00;0,00;0,00;0,00;0,00;0,00;0,00;0,00;0,00;0,00;0,00;0,00;0,00;0,00;0,00;0,00;0,00;0,00;0,00;92,00;23,00
2019-05-05;7,00;7,00;0,00;7,00;0,00;0,00;0,00;0,00;0,00;0,00;0,00;0,00;30,33;0,00;0,00;0,00;7,00;0,00;0,00;72,33;0,00;0,00;0,00;0,00;0,00;0,00;0,00;0,00;0,00;0,00;0,00;0,00;0,00;7,00;0,00;0,00;0,00;0,00;0,00;2,33;14,00;0,00
2019-05-12;22,00;0,00;0,00;15,00;0,00;0,00;0,00;7,00;0,00;0,00;0,00;0,00;0,00;0,00;0,00;7,00;0,00;14,67;0,00;29,33;0,00;0,00;0,00;0,00;7,00;0,00;0,00;0,00;0,00;0,00;0,00;0,00;0,00;0,00;0,00;0,00;0,00;0,00;0,00;0,00;10,00;2,00
2019-05-19;7,00;0,00;15,00;0,00;7,00;0,00;0,00;0,00;0,00;0,00;0,00;0,00;25,67;7,00;7,00;0,00;0,00;0,00;0,00;21,00;0,00;0,00;0,00;0,00;0,00;0,00;0,00;0,00;0,00;0,00;0,00;0,00;7,00;0,00;0,00;0,00;0,00;0,00;0,00;28,00;45,50;7,00
2019-05-26;29,00;0,00;7,00;22,00;0,00;0,00;0,00;7,00;0,00;0,00;0,00;8,70;8,70;0,00;0,00;0,00;0,00;0,00;0,00;70,08;0,00;0,00;0,00;7,00;0,00;0,00;0,00;0,00;0,00;0,00;0,00;0,00;7,00;0,00;0,00;0,00;0,00;0,00;0,00;0,00;29,00;2,00
2019-06-02;23,00;0,00;0,00;8,00;0,00;0,00;0,00;0,00;0,00;0,00;0,00;8,63;8,63;0,00;0,00;0,00;8,00;0,00;0,00;29,90;0,00;0,00;0,00;0,00;0,00;0,00;0,00;0,00;8,00;0,00;8,00;0,00;0,00;0,00;0,00;0,00;0,00;0,00;0,00;23,00;540,50;0,00
2019-06-09;15,00;0,00;8,00;0,00;0,00;0,00;0,00;0,00;0,00;9,00;0,00;9,00;0,00;0,00;0,00;0,00;0,00;7,50;0,00;62,50;0,00;0,00;8,00;0,00;0,00;0,00;8,00;0,00;0,00;0,00;0,00;8,00;0,00;0,00;0,00;0,00;8,00;0,00;0,00;15,00;127,50;15,00
2019-06-16;39,00;0,00;0,00;31,00;0,00;8,00;0,00;0,00;0,00;0,00;0,00;0,00;30,64;8,00;0,00;0,00;0,00;0,00;0,00;70,69;0,00;0,00;0,00;8,00;0,00;0,00;0,00;0,00;0,00;16,00;8,00;0,00;0,00;0,00;0,00;0,00;0,00;0,00;0,00;0,00;78,00;0,00
2019-06-23;16,00;0,00;0,00;40,00;0,00;8,00;0,00;0,00;0,00;8,00;0,00;16,00;37,33;0,00;0,00;16,00;0,00;8,00;0,00;61,33;0,00;0,00;8,00;16,00;0,00;0,00;0,00;0,00;0,00;8,00;0,00;0,00;0,00;8,00;0,00;0,00;0,00;0,00;0,00;0,00;8,00;0,00
2019-06-30;24,00;0,00;16,00;32,00;0,00;0,00;0,00;8,00;0,00;0,00;0,00;24,00;24,00;8,00;0,00;8,00;0,00;0,00;0,00;24,00;0,00;0,00;8,00;0,00;0,00;0,00;8,00;0,00;0,00;0,00;16,00;0,00;8,00;0,00;0,00;0,00;0,00;0,00;0,00;0,00;21,00;2,00
2019-07-07;38,00;0,00;8,00;15,00;0,00;0,00;0,00;8,00;0,00;0,00;0,00;0,00;43,43;8,00;0,00;0,00;23,00;0,00;0,00;83,13;0,00;0,00;0,00;8,00;8,00;0,00;0,00;0,00;0,00;8,00;0,00;0,00;15,00;0,00;0,00;0,00;8,00;0,00;0,00;38,00;38,00;0,00
2019-07-14;80,00;16,00;16,00;32,00;8,00;8,00;0,00;0,00;0,00;0,00;0,00;17,14;31,43;16,00;0,00;8,00;0,00;16,97;0,00;126,06;7,27;8,00;0,00;0,00;8,00;0,00;0,00;0,00;8,00;0,00;0,00;0,00;8,00;0,00;0,00;0,00;0,00;8,00;0,00;40,00;320,00;0,00
2019-07-21;48,00;32,00;8,00;32,00;0,00;16,00;0,00;16,00;0,00;0,00;0,00;0,00;282,35;0,00;0,00;8,00;16,00;0,00;0,00;72,00;0,00;0,00;0,00;0,00;24,00;0,00;16,00;0,00;8,00;0,00;8,00;0,00;8,00;8,00;0,00;0,00;8,00;0,00;0,00;32,00;120,00;16,00
2019-07-28;89,00;0,00;0,00;16,00;16,00;8,00;0,00;0,00;0,00;8,34;0,00;8,34;25,03;0,00;0,00;0,00;16,00;7,22;0,00;96,22;7,22;0,00;0,00;0,00;0,00;8,00;0,00;0,00;8,00;8,00;32,00;0,00;0,00;0,00;0,00;0,00;8,00;0,00;0,00;0,00;2,00;0,00
2019-08-04;76,00;0,00;0,00;34,00;8,00;8,00;8,00;17,00;0,00;0,00;0,00;25,33;50,67;0,00;0,00;8,00;0,00;0,00;0,00;68,65;0,00;0,00;0,00;8,00;0,00;0,00;0,00;8,00;0,00;0,00;8,00;0,00;25,00;0,00;0,00;0,00;0,00;0,00;0,00;152,00;228,00;76,00
2019-08-11;97,00;0,00;9,00;9,00;0,00;0,00;0,00;18,00;0,00;0,00;0,00;8,31;52,66;18,00;0,00;0,00;0,00;9,70;0,00;104,28;9,70;9,00;0,00;18,00;0,00;9,00;0,00;0,00;0,00;9,00;9,00;0,00;0,00;0,00;0,00;0,00;9,00;0,00;0,00;0,00;145,50;0,00
2019-08-18;16,00;8,00;0,00;8,00;0,00;8,00;0,00;8,00;0,00;0,00;0,00;8,00;37,33;0,00;0,00;0,00;16,00;0,00;0,00;91,43;0,00;0,00;16,00;0,00;0,00;0,00;0,00;0,00;8,00;0,00;0,00;0,00;8,00;16,00;0,00;0,00;0,00;0,00;0,00;8,00;12,00;4,00
2019-08-25;68,00;0,00;8,00;8,00;8,00;0,00;0,00;0,00;0,00;0,00;0,00;14,17;31,17;8,00;0,00;8,00;0,00;0,00;7,29;68,00;0,00;0,00;7,00;0,00;8,00;0,00;0,00;8,00;0,00;8,00;8,00;8,00;0,00;0,00;0,00;0,00;0,00;0,00;0,00;0,00;0,00;0,00
2019-09-01;14,00;7,00;0,00;21,00;0,00;0,00;7,00;7,00;0,00;0,00;0,00;5,60;0,00;0,00;0,00;0,00;0,00;0,00;0,00;86,33;0,00;0,00;0,00;0,00;0,00;0,00;0,00;7,00;0,00;0,00;0,00;0,00;0,00;0,00;0,00;0,00;0,00;0,00;0,00;14,00;42,00;14,00
2019-09-08;44,00;7,00;0,00;0,00;7,00;0,00;0,00;7,00;0,00;0,00;0,00;0,00;8,25;7,00;7,00;0,00;0,00;0,00;0,00;58,67;0,00;0,00;0,00;0,00;0,00;0,00;0,00;0,00;7,00;0,00;7,00;15,00;0,00;0,00;0,00;7,00;0,00;0,00;0,00;132,00;220,00;44,00
2019-09-15;29,00;7,00;7,00;14,00;7,00;0,00;0,00;0,00;0,00;0,00;8,70;8,70;29,00;0,00;0,00;22,00;29,00;7,25;0,00;50,75;0,00;0,00;0,00;0,00;0,00;0,00;0,00;0,00;7,00;7,00;0,00;0,00;7,00;0,00;0,00;0,00;0,00;0,00;0,00;58,00;29,00;0,00
2019-09-22;57,00;0,00;14,00;14,00;7,00;0,00;0,00;0,00;0,00;0,00;0,00;0,00;14,25;0,00;0,00;21,00;7,00;0,00;0,00;76,00;0,00;0,00;0,00;0,00;0,00;7,00;0,00;0,00;14,00;0,00;0,00;0,00;0,00;0,00;0,00;0,00;0,00;0,00;0,00;45,60;22,80;22,80
2019-09-29;50,00;0,00;7,00;0,00;0,00;7,00;0,00;0,00;0,00;0,00;0,00;8,33;41,67;0,00;0,00;0,00;14,00;7,14;0,00;35,71;0,00;0,00;0,00;7,00;0,00;0,00;0,00;0,00;0,00;0,00;0,00;0,00;0,00;0,00;0,00;0,00;14,00;0,00;0,00;175,00;100,00;100,00
2019-10-06;67,00;0,00;7,00;15,00;0,00;7,00;0,00;0,00;0,00;0,00;0,00;8,38;8,38;0,00;7,00;0,00;22,00;7,44;0,00;37,22;0,00;0,00;0,00;7,00;7,00;0,00;0,00;0,00;0,00;0,00;7,00;0,00;7,00;0,00;0,00;7,00;0,00;0,00;0,00;33,50;0,00;67,00
2019-10-13;7,00;0,00;7,00;15,00;7,00;7,00;0,00;0,00;0,00;0,00;0,00;0,00;11,67;0,00;0,00;7,00;7,00;0,00;0,00;84,00;0,00;0,00;0,00;0,00;7,00;0,00;0,00;0,00;0,00;15,00;7,00;0,00;0,00;0,00;0,00;0,00;0,00;0,00;0,00;21,00;14,00;14,00
2019-10-20;42,00;7,00;7,00;35,00;0,00;0,00;0,00;7,00;0,00;0,00;0,00;5,60;42,00;0,00;7,00;7,00;7,00;0,00;0,00;64,24;0,00;0,00;0,00;7,00;0,00;7,00;0,00;0,00;0,00;0,00;7,00;0,00;0,00;0,00;0,00;0,00;7,00;0,00;7,00;126,00;84,00;84,00
2019-10-27;43,00;0,00;0,00;21,00;0,00;0,00;0,00;0,00;0,00;0,00;8,60;8,60;22,93;0,00;0,00;14,00;14,00;7,17;0,00;54,94;0,00;0,00;7,00;0,00;0,00;0,00;0,00;14,00;0,00;7,00;0,00;0,00;0,00;0,00;0,00;0,00;7,00;0,00;0,00;4,00;2,00;2,00
2019-11-03;21,00;0,00;0,00;14,00;0,00;7,00;14,00;0,00;0,00;0,00;0,00;0,00;30,00;0,00;0,00;7,00;7,00;0,00;0,00;53,67;0,00;0,00;0,00;0,00;0,00;7,00;0,00;0,00;0,00;7,00;0,00;0,00;0,00;0,00;0,00;0,00;0,00;0,00;0,00;5,00;4,00;11,00
2019-11-10;64,00;14,00;7,00;7,00;7,00;0,00;0,00;0,00;0,00;0,00;0,00;13,91;8,35;0,00;0,00;7,00;7,00;0,00;0,00;108,31;0,00;0,00;7,00;7,00;7,00;0,00;0,00;0,00;0,00;0,00;7,00;0,00;0,00;0,00;0,00;0,00;7,00;0,00;0,00;128,00;64,00;64,00
2019-11-17;42,00;14,00;21,00;7,00;7,00;14,00;0,00;0,00;0,00;5,60;5,60;5,60;33,60;0,00;0,00;21,00;21,00;7,41;0,00;79,06;0,00;0,00;0,00;0,00;7,00;0,00;0,00;0,00;0,00;0,00;14,00;0,00;7,00;0,00;0,00;0,00;0,00;0,00;0,00;42,00;273,00;231,00
2019-11-24;28,00;14,00;14,00;7,00;7,00;0,00;0,00;0,00;0,00;0,00;0,00;0,00;47,60;0,00;0,00;0,00;0,00;0,00;0,00;67,67;0,00;0,00;0,00;0,00;7,00;0,00;0,00;7,00;0,00;7,00;7,00;7,00;0,00;7,00;0,00;0,00;7,00;0,00;0,00;14,00;49,00;14,00
2019-12-01;65,00;0,00;0,00;22,00;22,00;0,00;0,00;0,00;0,00;0,00;0,00;0,00;65,00;0,00;0,00;7,00;0,00;0,00;0,00;84,26;0,00;0,00;0,00;0,00;14,00;0,00;0,00;0,00;0,00;0,00;0,00;7,00;7,00;0,00;0,00;0,00;0,00;0,00;0,00;32,50;113,75;65,00
2019-12-08;44,00;29,00;0,00;0,00;15,00;0,00;0,00;7,00;7,00;0,00;0,00;13,75;22,00;15,00;7,00;7,00;0,00;7,33;0,00;124,67;0,00;0,00;0,00;0,00;0,00;0,00;0,00;0,00;0,00;0,00;0,00;7,00;7,00;0,00;0,00;0,00;0,00;0,00;0,00;0,00;132,00;154,00
2019-12-15;52,00;22,00;7,00;7,00;15,00;7,00;0,00;0,00;0,00;0,00;0,00;0,00;0,00;0,00;0,00;7,00;0,00;14,86;0,00;113,90;0,00;0,00;0,00;0,00;7,00;0,00;0,00;0,00;0,00;15,00;15,00;0,00;0,00;15,00;0,00;0,00;0,00;0,00;0,00;11,00;13,00;4,00
2019-12-22;100,00;8,00;8,00;17,00;8,00;8,00;0,00;8,00;0,00;8,33;0,00;0,00;41,67;0,00;0,00;0,00;0,00;7,32;0,00;165,85;0,00;0,00;8,00;0,00;17,00;0,00;8,00;0,00;0,00;8,00;8,00;0,00;8,00;0,00;0,00;0,00;17,00;0,00;0,00;4,00;0,00;12,00
2019-12-29;95,00;8,00;16,00;40,00;0,00;8,00;8,00;8,00;0,00;0,00;8,38;0,00;30,74;0,00;0,00;8,00;0,00;0,00;0,00;236,28;0,00;8,00;16,00;0,00;0,00;0,00;0,00;0,00;8,00;8,00;0,00;0,00;8,00;0,00;0,00;8,00;0,00;0,00;0,00;118,75;178,13;47,50
2020-01-05;22,00;7,00;36,00;0,00;15,00;14,00;0,00;0,00;0,00;8,25;0,00;8,25;27,50;0,00;0,00;7,00;0,00;7,33;0,00;51,33;0,00;0,00;7,00;0,00;14,00;7,00;7,00;0,00;14,00;7,00;7,00;7,00;7,00;0,00;7,00;0,00;0,00;0,00;0,00;77,00;176,00;22,00
2020-01-12;46,00;7,00;7,00;13,00;13,00;7,00;0,00;7,00;0,00;5,41;0,00;0,00;37,88;7,00;0,00;0,00;7,00;0,00;0,00;65,37;0,00;7,00;0,00;0,00;20,00;0,00;0,00;0,00;0,00;0,00;27,00;7,00;0,00;0,00;0,00;0,00;13,00;0,00;0,00;460,00;207,00;207,00
2020-01-19;28,00;7,00;21,00;14,00;14,00;0,00;7,00;7,00;0,00;0,00;0,00;0,00;33,60;7,00;0,00;7,00;0,00;7,64;0,00;94,18;0,00;0,00;0,00;0,00;0,00;0,00;0,00;0,00;0,00;28,00;14,00;0,00;0,00;0,00;0,00;0,00;0,00;0,00;0,00;22,40;28,00;28,00
2020-01-26;20,00;7,00;0,00;7,00;13,00;0,00;0,00;7,00;0,00;0,00;0,00;5,71;5,71;0,00;0,00;13,00;13,00;0,00;0,00;117,50;0,00;0,00;7,00;0,00;0,00;0,00;0,00;7,00;0,00;7,00;0,00;0,00;13,00;7,00;0,00;0,00;0,00;0,00;0,00;34,29;34,29;14,29
2020-02-02;13,00;13,00;0,00;13,00;13,00;0,00;0,00;7,00;7,00;0,00;5,20;0,00;23,40;0,00;0,00;0,00;13,00;0,00;0,00;85,80;0,00;0,00;0,00;0,00;0,00;0,00;0,00;0,00;0,00;13,00;7,00;0,00;0,00;0,00;0,00;0,00;7,00;0,00;0,00;16,25;22,75;45,50
2020-02-09;48,00;14,00;14,00;7,00;14,00;0,00;0,00;14,00;0,00;0,00;0,00;5,65;5,65;0,00;0,00;0,00;0,00;7,20;0,00;120,00;0,00;0,00;7,00;7,00;7,00;0,00;0,00;7,00;7,00;14,00;21,00;0,00;7,00;0,00;0,00;0,00;0,00;0,00;0,00;10,00;14,00;3,00
2020-02-16;48,00;0,00;7,00;7,00;7,00;0,00;0,00;20,00;0,00;0,00;0,00;0,00;19,76;0,00;0,00;0,00;7,00;0,00;0,00;33,60;7,20;0,00;0,00;7,00;0,00;0,00;0,00;0,00;0,00;0,00;0,00;0,00;7,00;0,00;0,00;0,00;0,00;0,00;0,00;86,40;48,00;105,60
2020-02-23;70,00;6,00;6,00;19,00;0,00;0,00;0,00;6,00;6,00;5,60;0,00;0,00;30,80;6,00;0,00;0,00;0,00;7,24;0,00;86,90;7,24;0,00;13,00;0,00;0,00;0,00;0,00;6,00;0,00;0,00;6,00;0,00;0,00;0,00;0,00;0,00;0,00;0,00;0,00;7,00;5,00;5,00
2020-03-01;19,00;6,00;0,00;13,00;6,00;0,00;0,00;0,00;0,00;0,00;0,00;0,00;13,57;0,00;0,00;6,00;6,00;0,00;0,00;38,00;0,00;0,00;13,00;0,00;0,00;0,00;0,00;0,00;0,00;6,00;0,00;6,00;0,00;0,00;0,00;0,00;0,00;0,00;0,00;15,00;14,00;7,00
2020-03-08;6,00;0,00;6,00;0,00;6,00;0,00;0,00;0,00;0,00;0,00;0,00;6,00;12,00;0,00;0,00;0,00;6,00;0,00;0,00;30,00;0,00;0,00;0,00;0,00;0,00;0,00;0,00;0,00;0,00;0,00;0,00;0,00;0,00;0,00;0,00;0,00;0,00;6,00;0,00;42,00;22,00;16,00
2020-03-15;6,00;0,00;0,00;6,00;19,00;0,00;0,00;0,00;0,00;0,00;0,00;0,00;6,00;6,00;0,00;0,00;6,00;0,00;0,00;16,00;0,00;0,00;0,00;6,00;0,00;0,00;0,00;0,00;0,00;0,00;0,00;0,00;0,00;0,00;0,00;0,00;0,00;0,00;0,00;21,00;6,00;6,00
2020-03-22;11,00;0,00;0,00;0,00;34,00;0,00;0,00;6,00;0,00;0,00;0,00;5,50;22,00;0,00;0,00;11,00;0,00;0,00;0,00;4,40;0,00;0,00;0,00;0,00;0,00;0,00;0,00;0,00;0,00;0,00;0,00;0,00;0,00;0,00;0,00;0,00;0,00;0,00;0,00;0,00;44,00;11,00
2020-03-29;6,00;0,00;12,00;0,00;12,00;0,00;0,00;0,00;0,00;0,00;0,00;0,00;12,00;0,00;0,00;6,00;6,00;0,00;0,00;6,00;0,00;0,00;0,00;6,00;0,00;0,00;0,00;0,00;0,00;0,00;0,00;0,00;6,00;0,00;0,00;0,00;0,00;0,00;0,00;0,00;3,00;0,00
2020-04-05;0,00;0,00;6,00;0,00;6,00;0,00;0,00;0,00;0,00;0,00;0,00;2,00;0,00;0,00;0,00;0,00;0,00;0,00;0,00;13,00;0,00;0,00;0,00;6,00;0,00;0,00;0,00;0,00;0,00;0,00;0,00;0,00;0,00;0,00;0,00;0,00;6,00;0,00;0,00;0,00;3,00;5,00
2020-04-12;6,00;0,00;6,00;13,00;0,00;0,00;0,00;0,00;0,00;0,00;0,00;0,00;6,00;0,00;0,00;6,00;0,00;6,00;0,00;16,00;0,00;0,00;0,00;0,00;6,00;0,00;0,00;0,00;0,00;0,00;0,00;0,00;0,00;0,00;0,00;6,00;0,00;0,00;0,00;2,00;2,00;3,00
2020-04-19;12,00;0,00;6,00;0,00;6,00;6,00;0,00;0,00;0,00;0,00;0,00;6,00;6,00;0,00;0,00;0,00;0,00;4,80;0,00;12,00;0,00;0,00;0,00;0,00;0,00;0,00;0,00;0,00;0,00;0,00;0,00;0,00;6,00;0,00;0,00;0,00;6,00;0,00;0,00;12,00;0,00;0,00
2020-04-26;0,00;0,00;0,00;12,00;0,00;0,00;0,00;0,00;0,00;0,00;0,00;0,00;4,00;0,00;6,00;0,00;0,00;2,00;0,00;15,00;0,00;0,00;0,00;0,00;0,00;0,00;0,00;0,00;0,00;0,00;0,00;0,00;0,00;0,00;0,00;0,00;6,00;0,00;0,00;0,00;3,00;0,00
2020-05-03;0,00;0,00;0,00;6,00;0,00;6,00;0,00;0,00;0,00;0,00;0,00;0,00;4,00;0,00;0,00;0,00;0,00;0,00;0,00;5,00;0,00;0,00;0,00;0,00;0,00;0,00;0,00;0,00;0,00;6,00;0,00;0,00;0,00;0,00;0,00;0,00;0,00;0,00;0,00;0,00;0,00;0,00
2020-05-10;0,00;6,00;12,00;0,00;6,00;0,00;0,00;0,00;0,00;0,00;0,00;0,00;4,00;0,00;0,00;0,00;6,00;0,00;0,00;7,00;0,00;0,00;0,00;0,00;0,00;0,00;0,00;0,00;0,00;0,00;0,00;0,00;0,00;0,00;0,00;0,00;0,00;0,00;0,00;0,00;5,00;2,00
2020-05-17;0,00;0,00;0,00;0,00;6,00;0,00;0,00;0,00;0,00;0,00;0,00;0,00;2,00;0,00;0,00;0,00;6,00;0,00;0,00;8,00;0,00;0,00;0,00;0,00;0,00;0,00;0,00;0,00;0,00;0,00;0,00;0,00;0,00;0,00;0,00;0,00;0,00;0,00;0,00;0,00;2,00;2,00
2020-05-24;6,00;0,00;6,00;6,00;6,00;0,00;0,00;0,00;0,00;0,00;0,00;0,00;15,00;0,00;0,00;6,00;0,00;0,00;0,00;10,00;0,00;0,00;0,00;0,00;6,00;0,00;0,00;0,00;0,00;0,00;0,00;0,00;13,00;0,00;0,00;0,00;0,00;0,00;0,00;0,00;9,00;0,00
2020-05-31;0,00;0,00;0,00;19,00;13,00;13,00;0,00;0,00;0,00;0,00;0,00;0,00;0,00;0,00;0,00;0,00;0,00;0,00;0,00;5,00;0,00;0,00;0,00;6,00;0,00;0,00;0,00;0,00;0,00;0,00;0,00;0,00;0,00;0,00;0,00;0,00;6,00;0,00;0,00;0,00;6,00;0,00
2020-06-07;6,00;0,00;0,00;0,00;0,00;0,00;0,00;0,00;0,00;0,00;0,00;0,00;48,00;0,00;0,00;0,00;0,00;0,00;0,00;32,00;0,00;0,00;0,00;0,00;6,00;0,00;0,00;0,00;0,00;0,00;6,00;0,00;0,00;0,00;0,00;0,00;0,00;0,00;0,00;0,00;9,00;0,00
2020-06-14;27,00;0,00;0,00;20,00;0,00;0,00;0,00;0,00;0,00;0,00;0,00;0,00;18,90;0,00;0,00;0,00;13,00;0,00;0,00;34,36;0,00;0,00;0,00;0,00;7,00;0,00;0,00;0,00;0,00;0,00;0,00;0,00;0,00;0,00;0,00;0,00;0,00;0,00;0,00;0,00;40,50;0,00
2020-06-21;21,00;0,00;0,00;0,00;0,00;7,00;0,00;0,00;0,00;0,00;0,00;0,00;15,00;0,00;0,00;14,00;0,00;0,00;0,00;25,67;0,00;0,00;7,00;0,00;0,00;0,00;0,00;0,00;0,00;0,00;0,00;0,00;0,00;0,00;0,00;0,00;0,00;0,00;0,00;0,00;0,00;0,00
2020-06-28;34,00;0,00;20,00;0,00;7,00;7,00;0,00;7,00;0,00;0,00;0,00;14,17;19,83;0,00;0,00;14,00;7,00;7,29;0,00;53,43;0,00;0,00;0,00;7,00;0,00;0,00;0,00;0,00;7,00;0,00;0,00;0,00;7,00;0,00;0,00;0,00;0,00;0,00;0,00;22,67;34,00;0,00
2020-07-05;42,00;0,00;7,00;14,00;0,00;7,00;0,00;0,00;0,00;5,60;0,00;5,60;19,60;0,00;0,00;7,00;0,00;7,41;0,00;64,24;0,00;0,00;0,00;0,00;0,00;0,00;0,00;7,00;0,00;0,00;0,00;0,00;0,00;0,00;0,00;0,00;0,00;0,00;0,00;28,00;140,00;0,00
2020-07-12;50,00;7,00;0,00;21,00;0,00;7,00;0,00;7,00;0,00;0,00;0,00;0,00;13,89;0,00;0,00;14,00;0,00;0,00;0,00;95,00;0,00;0,00;7,00;7,00;0,00;0,00;0,00;0,00;0,00;7,00;0,00;0,00;7,00;0,00;0,00;0,00;0,00;0,00;0,00;50,00;25,00;0,00
2020-07-19;43,00;0,00;7,00;14,00;7,00;0,00;0,00;0,00;0,00;0,00;0,00;8,60;14,33;0,00;0,00;7,00;0,00;0,00;0,00;35,83;0,00;0,00;0,00;0,00;0,00;0,00;0,00;0,00;7,00;7,00;7,00;0,00;0,00;0,00;0,00;0,00;7,00;0,00;0,00;0,00;34,40;17,20
2020-07-26;52,00;0,00;7,00;15,00;7,00;15,00;0,00;0,00;0,00;8,67;8,67;8,67;14,44;0,00;0,00;15,00;0,00;7,43;0,00;59,43;0,00;0,00;0,00;0,00;0,00;0,00;0,00;7,00;0,00;15,00;0,00;15,00;15,00;0,00;0,00;0,00;0,00;0,00;0,00;0,00;41,60;41,60
2020-08-02;79,00;0,00;0,00;14,00;7,00;14,00;0,00;0,00;0,00;0,00;0,00;14,11;8,46;0,00;0,00;0,00;22,00;0,00;0,00;83,79;0,00;0,00;0,00;0,00;0,00;0,00;0,00;7,00;0,00;0,00;0,00;0,00;0,00;0,00;7,00;0,00;0,00;0,00;0,00;26,33;26,33;26,33
2020-08-09;79,00;0,00;32,00;24,00;0,00;8,00;8,00;0,00;0,00;0,00;0,00;0,00;39,50;0,00;0,00;8,00;16,00;7,41;0,00;86,41;0,00;0,00;0,00;0,00;0,00;0,00;0,00;0,00;8,00;0,00;0,00;0,00;0,00;0,00;0,00;0,00;0,00;0,00;0,00;0,00;355,50;197,50
2020-08-16;46,00;8,00;15,00;8,00;0,00;8,00;0,00;8,00;0,00;8,63;0,00;8,63;37,38;0,00;0,00;8,00;0,00;0,00;7,26;60,53;0,00;0,00;0,00;0,00;15,00;0,00;0,00;0,00;8,00;0,00;8,00;0,00;0,00;0,00;0,00;0,00;0,00;0,00;0,00;30,67;46,00;30,67
2020-08-23;21,00;0,00;7,00;0,00;0,00;7,00;0,00;0,00;0,00;7,88;0,00;0,00;47,25;0,00;0,00;7,00;7,00;0,00;0,00;74,67;0,00;0,00;0,00;0,00;7,00;0,00;0,00;0,00;0,00;0,00;0,00;0,00;0,00;0,00;0,00;0,00;0,00;7,00;0,00;0,00;31,50;31,50
2020-08-30;41,00;0,00;7,00;34,00;0,00;7,00;0,00;7,00;0,00;0,00;0,00;5,86;49,79;0,00;0,00;7,00;20,00;0,00;0,00;72,35;0,00;0,00;0,00;0,00;0,00;0,00;0,00;0,00;7,00;0,00;0,00;0,00;7,00;0,00;0,00;0,00;0,00;0,00;0,00;0,00;41,00;11,71
2020-09-06;47,00;0,00;7,00;0,00;7,00;0,00;0,00;0,00;0,00;0,00;0,00;0,00;27,65;0,00;0,00;14,00;0,00;0,00;0,00;42,05;0,00;0,00;7,00;0,00;0,00;0,00;0,00;0,00;0,00;0,00;0,00;0,00;13,00;7,00;0,00;0,00;7,00;0,00;0,00;47,00;164,50;47,00
2020-09-13;7,00;0,00;0,00;0,00;7,00;0,00;0,00;0,00;0,00;0,00;0,00;0,00;17,50;0,00;0,00;0,00;0,00;0,00;0,00;25,67;0,00;0,00;0,00;0,00;7,00;0,00;0,00;7,00;0,00;0,00;7,00;0,00;0,00;0,00;0,00;0,00;0,00;0,00;0,00;7,00;35,00;0,00
2020-09-20;26,00;0,00;6,00;0,00;0,00;0,00;0,00;0,00;0,00;0,00;0,00;0,00;5,78;0,00;0,00;13,00;13,00;0,00;0,00;26,00;0,00;0,00;0,00;6,00;0,00;0,00;0,00;0,00;0,00;0,00;0,00;0,00;6,00;0,00;0,00;0,00;0,00;0,00;0,00;26,00;0,00;0,00
2020-09-27;34,00;0,00;0,00;0,00;0,00;0,00;0,00;0,00;0,00;0,00;0,00;5,67;28,33;0,00;0,00;7,00;0,00;0,00;0,00;14,57;0,00;0,00;0,00;0,00;0,00;0,00;0,00;0,00;0,00;7,00;7,00;0,00;14,00;0,00;0,00;0,00;0,00;0,00;0,00;51,00;51,00;34,00
2020-10-04;21,00;0,00;7,00;0,00;0,00;0,00;0,00;0,00;0,00;0,00;0,00;0,00;30,00;0,00;0,00;0,00;0,00;0,00;0,00;32,67;0,00;0,00;0,00;0,00;7,00;0,00;0,00;0,00;0,00;0,00;14,00;0,00;14,00;0,00;0,00;0,00;0,00;0,00;0,00;0,00;0,00;0,00
2020-10-11;14,00;0,00;7,00;0,00;0,00;14,00;0,00;0,00;0,00;0,00;0,00;0,00;8,40;0,00;0,00;0,00;7,00;0,00;0,00;35,00;0,00;0,00;7,00;0,00;0,00;0,00;0,00;0,00;0,00;0,00;0,00;0,00;0,00;0,00;0,00;0,00;0,00;0,00;0,00;14,00;0,00;14,00
2020-10-18;14,00;0,00;0,00;0,00;7,00;14,00;0,00;0,00;0,00;0,00;0,00;0,00;42,00;0,00;0,00;0,00;0,00;0,00;0,00;42,00;0,00;0,00;0,00;0,00;0,00;0,00;0,00;0,00;0,00;0,00;0,00;0,00;7,00;0,00;0,00;0,00;7,00;0,00;0,00;2,00;0,00;0,00
2020-10-25;42,00;0,00;0,00;0,00;0,00;0,00;0,00;7,00;0,00;0,00;0,00;0,00;14,00;0,00;0,00;0,00;7,00;0,00;0,00;56,82;0,00;0,00;0,00;0,00;0,00;0,00;0,00;0,00;0,00;0,00;0,00;0,00;0,00;0,00;0,00;0,00;0,00;0,00;0,00;2,00;0,00;2,00
2020-11-01;20,00;0,00;0,00;0,00;7,00;0,00;7,00;7,00;0,00;0,00;0,00;0,00;20,00;0,00;0,00;0,00;0,00;0,00;0,00;35,00;0,00;0,00;0,00;0,00;0,00;0,00;0,00;0,00;0,00;0,00;0,00;0,00;0,00;0,00;0,00;0,00;7,00;0,00;0,00;2,00;2,00;0,00
2020-11-08;21,00;0,00;7,00;14,00;0,00;0,00;0,00;0,00;0,00;0,00;0,00;0,00;0,00;0,00;0,00;0,00;7,00;0,00;0,00;7,88;0,00;0,00;0,00;0,00;0,00;0,00;0,00;0,00;7,00;0,00;7,00;0,00;0,00;0,00;0,00;0,00;0,00;0,00;0,00;2,00;0,00;0,00
2020-11-15;0,00;0,00;7,00;7,00;0,00;0,00;0,00;0,00;0,00;0,00;0,00;0,00;2,00;0,00;0,00;0,00;0,00;0,00;0,00;11,00;0,00;0,00;0,00;0,00;0,00;0,00;0,00;0,00;0,00;7,00;0,00;0,00;0,00;0,00;0,00;0,00;0,00;0,00;0,00;4,00;4,00;2,00
2020-11-22;20,00;7,00;13,00;0,00;20,00;0,00;0,00;0,00;0,00;0,00;0,00;0,00;20,00;0,00;7,00;0,00;0,00;0,00;0,00;55,00;0,00;0,00;0,00;0,00;0,00;0,00;0,00;0,00;0,00;0,00;7,00;7,00;0,00;0,00;0,00;0,00;7,00;0,00;0,00;0,00;0,00;0,00
2020-11-29;0,00;0,00;0,00;0,00;0,00;0,00;0,00;0,00;0,00;0,00;0,00;0,00;0,00;0,00;0,00;7,00;0,00;0,00;0,00;33,00;0,00;0,00;7,00;0,00;0,00;0,00;0,00;0,00;0,00;7,00;0,00;0,00;7,00;0,00;0,00;0,00;13,00;0,00;0,00;5,00;2,00;0,00
2020-12-06;0,00;0,00;0,00;0,00;0,00;7,00;0,00;0,00;0,00;0,00;0,00;0,00;2,00;7,00;0,00;34,00;0,00;0,00;0,00;28,00;0,00;0,00;0,00;0,00;0,00;0,00;0,00;0,00;0,00;0,00;7,00;0,00;0,00;7,00;0,00;0,00;0,00;0,00;0,00;0,00;2,00;2,00
2020-12-13;7,00;0,00;0,00;7,00;0,00;7,00;0,00;0,00;0,00;0,00;0,00;0,00;17,50;0,00;0,00;7,00;0,00;0,00;0,00;21,00;0,00;0,00;0,00;0,00;0,00;0,00;0,00;0,00;14,00;0,00;0,00;0,00;7,00;0,00;0,00;0,00;0,00;0,00;0,00;7,00;3,50;0,00
2020-12-20;15,00;0,00;8,00;0,00;0,00;0,00;0,00;0,00;0,00;0,00;0,00;0,00;9,00;0,00;0,00;8,00;15,00;0,00;0,00;80,00;0,00;0,00;8,00;0,00;0,00;0,00;0,00;0,00;8,00;8,00;8,00;0,00;0,00;0,00;0,00;0,00;0,00;0,00;0,00;15,00;15,00;0,00
2020-12-27;15,00;0,00;0,00;0,00;7,00;7,00;0,00;0,00;7,00;0,00;0,00;0,00;9,00;0,00;0,00;7,00;0,00;0,00;0,00;75,00;0,00;7,00;0,00;0,00;0,00;0,00;0,00;0,00;0,00;7,00;0,00;7,00;0,00;0,00;0,00;0,00;7,00;0,00;0,00;0,00;0,00;2,00
2021-01-03;34,00;0,00;0,00;0,00;0,00;0,00;0,00;0,00;0,00;0,00;0,00;28,33;34,00;0,00;0,00;0,00;0,00;7,29;0,00;60,71;0,00;0,00;0,00;0,00;0,00;7,00;0,00;0,00;0,00;7,00;0,00;0,00;7,00;0,00;0,00;0,00;7,00;0,00;0,00;34,00;34,00;17,00
2021-01-10;14,00;0,00;0,00;14,00;0,00;0,00;0,00;0,00;0,00;0,00;0,00;14,00;28,00;69,00;0,00;7,00;0,00;0,00;0,00;65,33;0,00;0,00;0,00;0,00;0,00;0,00;0,00;0,00;0,00;0,00;7,00;0,00;0,00;0,00;0,00;0,00;14,00;0,00;0,00;14,00;14,00;0,00
2021-01-17;14,00;0,00;0,00;0,00;0,00;0,00;0,00;0,00;0,00;0,00;0,00;0,00;0,00;27,00;0,00;7,00;0,00;0,00;0,00;123,67;0,00;0,00;0,00;0,00;0,00;0,00;0,00;0,00;0,00;0,00;0,00;0,00;14,00;0,00;0,00;0,00;0,00;0,00;0,00;23,33;23,33;9,33
2021-01-24;28,00;0,00;0,00;7,00;7,00;0,00;0,00;0,00;0,00;0,00;0,00;0,00;19,60;7,00;0,00;7,00;0,00;0,00;0,00;66,18;0,00;0,00;0,00;0,00;0,00;0,00;0,00;0,00;0,00;0,00;0,00;0,00;0,00;0,00;0,00;0,00;7,00;7,00;0,00;0,00;28,00;0,00
2021-01-31;14,00;0,00;0,00;0,00;7,00;0,00;7,00;0,00;0,00;0,00;0,00;0,00;14,00;0,00;0,00;0,00;0,00;0,00;0,00;67,67;0,00;0,00;0,00;0,00;0,00;0,00;0,00;7,00;0,00;0,00;0,00;0,00;7,00;0,00;0,00;0,00;0,00;0,00;0,00;14,00;0,00;14,00
2021-02-07;7,00;0,00;7,00;0,00;0,00;0,00;0,00;0,00;0,00;0,00;0,00;0,00;35,00;0,00;0,00;14,00;0,00;0,00;0,00;39,67;0,00;0,00;0,00;0,00;0,00;0,00;0,00;0,00;0,00;7,00;14,00;0,00;0,00;0,00;0,00;0,00;0,00;0,00;0,00;14,00;0,00;0,00
2021-02-14;7,00;0,00;7,00;0,00;0,00;0,00;0,00;0,00;0,00;0,00;0,00;0,00;23,33;0,00;0,00;0,00;0,00;0,00;0,00;70,00;0,00;0,00;0,00;0,00;0,00;0,00;0,00;0,00;0,00;0,00;0,00;0,00;7,00;0,00;0,00;0,00;0,00;0,00;0,00;5,00;2,00;0,00
2021-02-21;0,00;0,00;0,00;0,00;0,00;0,00;0,00;0,00;0,00;0,00;0,00;0,00;5,00;14,00;0,00;7,00;7,00;0,00;0,00;9,00;0,00;0,00;0,00;0,00;0,00;0,00;0,00;0,00;0,00;7,00;0,00;0,00;0,00;0,00;0,00;0,00;0,00;0,00;0,00;0,00;0,00;2,00
2021-02-28;7,00;0,00;7,00;0,00;0,00;0,00;0,00;7,00;0,00;0,00;0,00;0,00;0,00;0,00;0,00;0,00;0,00;0,00;0,00;14,00;0,00;0,00;0,00;0,00;0,00;0,00;0,00;0,00;0,00;0,00;0,00;0,00;0,00;0,00;0,00;0,00;7,00;0,00;0,00;0,00;0,00;0,00
2021-03-07;14,00;0,00;0,00;0,00;0,00;0,00;0,00;7,00;0,00;0,00;0,00;5,60;5,60;0,00;0,00;7,00;0,00;0,00;0,00;25,67;7,00;0,00;0,00;0,00;0,00;0,00;0,00;0,00;0,00;0,00;0,00;0,00;0,00;0,00;0,00;0,00;0,00;0,00;0,00;0,00;0,00;0,00
2021-03-14;6,00;0,00;0,00;0,00;0,00;0,00;0,00;0,00;0,00;0,00;0,00;0,00;27,00;0,00;0,00;6,00;0,00;0,00;0,00;42,00;0,00;0,00;0,00;6,00;0,00;0,00;0,00;0,00;0,00;0,00;0,00;6,00;0,00;0,00;0,00;0,00;6,00;0,00;0,00;0,00;2,00;2,00
2021-03-21;0,00;0,00;0,00;7,00;0,00;0,00;0,00;0,00;0,00;0,00;0,00;0,00;5,00;7,00;0,00;0,00;0,00;3,00;0,00;14,00;0,00;0,00;0,00;0,00;0,00;0,00;0,00;0,00;0,00;0,00;0,00;0,00;0,00;7,00;0,00;0,00;0,00;0,00;0,00;0,00;2,00;0,00
2021-03-28;7,00;0,00;0,00;0,00;7,00;0,00;0,00;0,00;0,00;0,00;0,00;0,00;18,67;0,00;0,00;0,00;0,00;0,00;0,00;49,00;0,00;0,00;0,00;0,00;0,00;0,00;0,00;0,00;0,00;0,00;7,00;0,00;7,00;0,00;0,00;0,00;0,00;7,00;0,00;0,00;7,00;0,00
2021-04-04;0,00;0,00;0,00;0,00;0,00;7,00;0,00;0,00;0,00;0,00;0,00;0,00;8,00;0,00;0,00;0,00;0,00;3,00;0,00;3,00;0,00;0,00;0,00;0,00;0,00;0,00;0,00;0,00;0,00;0,00;0,00;0,00;0,00;0,00;0,00;0,00;0,00;0,00;0,00;0,00;2,00;0,00
2021-04-11;0,00;0,00;0,00;14,00;0,00;0,00;0,00;0,00;0,00;0,00;0,00;0,00;2,00;0,00;0,00;0,00;0,00;0,00;0,00;23,00;0,00;0,00;0,00;0,00;0,00;0,00;0,00;0,00;0,00;0,00;0,00;0,00;0,00;0,00;0,00;0,00;14,00;0,00;0,00;0,00;2,00;0,00
2021-04-18;7,00;0,00;0,00;7,00;0,00;0,00;0,00;0,00;0,00;0,00;0,00;7,00;11,67;0,00;0,00;7,00;0,00;0,00;0,00;7,00;0,00;0,00;0,00;0,00;0,00;0,00;0,00;0,00;0,00;0,00;0,00;0,00;0,00;0,00;0,00;0,00;0,00;0,00;0,00;0,00;0,00;0,00
2021-04-25;7,00;0,00;0,00;7,00;0,00;0,00;0,00;0,00;0,00;0,00;0,00;0,00;7,00;0,00;0,00;0,00;0,00;0,00;0,00;35,00;0,00;0,00;0,00;0,00;0,00;0,00;0,00;0,00;0,00;0,00;0,00;0,00;0,00;0,00;0,00;0,00;0,00;0,00;0,00;0,00;2,00;2,00
2021-05-02;15,00;0,00;0,00;0,00;0,00;0,00;0,00;7,00;0,00;0,00;0,00;0,00;0,00;0,00;0,00;0,00;0,00;0,00;0,00;15,00;0,00;0,00;0,00;0,00;0,00;0,00;0,00;0,00;0,00;0,00;0,00;0,00;0,00;0,00;0,00;0,00;0,00;0,00;0,00;0,00;4,00;0,00
2021-05-09;14,00;0,00;0,00;0,00;0,00;7,00;0,00;0,00;0,00;0,00;0,00;0,00;5,60;0,00;0,00;7,00;0,00;0,00;0,00;14,00;0,00;0,00;0,00;0,00;0,00;0,00;0,00;0,00;0,00;0,00;0,00;0,00;0,00;0,00;0,00;0,00;0,00;0,00;0,00;2,00;4,00;0,00
2021-05-16;15,00;0,00;0,00;22,00;7,00;0,00;0,00;0,00;0,00;0,00;0,00;0,00;24,00;0,00;0,00;0,00;0,00;7,50;0,00;52,50;0,00;0,00;0,00;0,00;0,00;0,00;0,00;0,00;0,00;0,00;0,00;0,00;0,00;0,00;0,00;0,00;0,00;0,00;0,00;0,00;15,00;0,00
2021-05-23;15,00;0,00;15,00;7,00;0,00;0,00;0,00;0,00;0,00;0,00;0,00;0,00;39,00;0,00;0,00;0,00;0,00;0,00;0,00;15,00;0,00;0,00;0,00;0,00;0,00;0,00;0,00;7,00;0,00;0,00;15,00;0,00;7,00;0,00;0,00;0,00;0,00;0,00;0,00;2,00;0,00;0,00
2021-05-30;8,00;0,00;8,00;0,00;0,00;8,00;0,00;0,00;0,00;0,00;0,00;0,00;29,33;0,00;0,00;0,00;0,00;0,00;0,00;50,67;0,00;0,00;0,00;0,00;0,00;0,00;0,00;0,00;0,00;0,00;0,00;0,00;8,00;0,00;0,00;0,00;0,00;0,00;0,00;0,00;4,00;0,00
2021-06-06;22,00;0,00;0,00;7,00;0,00;7,00;0,00;7,00;0,00;0,00;0,00;0,00;13,75;0,00;0,00;0,00;0,00;0,00;0,00;14,67;7,33;0,00;0,00;7,00;0,00;7,00;0,00;0,00;0,00;0,00;0,00;0,00;7,00;0,00;0,00;0,00;7,00;0,00;0,00;2,00;0,00;0,00
2021-06-13;23,00;0,00;8,00;23,00;0,00;0,00;0,00;0,00;0,00;0,00;0,00;0,00;8,63;0,00;0,00;0,00;0,00;0,00;0,00;23,00;0,00;0,00;0,00;0,00;0,00;0,00;0,00;0,00;0,00;0,00;0,00;0,00;0,00;0,00;0,00;0,00;0,00;0,00;0,00;2,00;3,00;0,00
2021-06-20;0,00;0,00;0,00;8,00;0,00;8,00;0,00;0,00;0,00;0,00;0,00;3,00;17,00;8,00;0,00;8,00;0,00;0,00;0,00;16,00;0,00;0,00;8,00;0,00;0,00;0,00;0,00;0,00;8,00;0,00;8,00;0,00;0,00;0,00;0,00;0,00;0,00;0,00;0,00;0,00;4,00;2,00
2021-06-27;46,00;0,00;8,00;31,00;0,00;15,00;0,00;0,00;0,00;0,00;0,00;0,00;37,88;0,00;8,00;0,00;0,00;7,26;0,00;0,00;14,53;0,00;0,00;8,00;0,00;0,00;0,00;0,00;0,00;0,00;0,00;0,00;23,00;0,00;0,00;0,00;0,00;0,00;0,00;46,00;57,50;0,00
2021-07-04;31,00;0,00;0,00;16,00;0,00;31,00;0,00;0,00;0,00;0,00;0,00;0,00;22,55;0,00;0,00;0,00;31,00;0,00;0,00;7,15;7,15;0,00;8,00;8,00;0,00;0,00;0,00;0,00;0,00;8,00;0,00;0,00;0,00;0,00;0,00;0,00;0,00;0,00;0,00;15,50;54,25;15,50
2021-07-11;23,00;0,00;15,00;38,00;0,00;8,00;0,00;0,00;0,00;0,00;0,00;0,00;31,63;0,00;0,00;0,00;0,00;7,67;0,00;63,89;0,00;0,00;0,00;0,00;0,00;0,00;0,00;0,00;0,00;0,00;8,00;0,00;0,00;0,00;0,00;8,00;0,00;0,00;0,00;0,00;6,00;0,00
2021-07-18;24,00;0,00;0,00;24,00;8,00;0,00;0,00;8,00;0,00;9,00;0,00;9,00;18,00;0,00;0,00;8,00;8,00;0,00;0,00;38,40;7,20;0,00;8,00;0,00;0,00;16,00;0,00;0,00;8,00;0,00;0,00;0,00;16,00;0,00;0,00;0,00;0,00;0,00;0,00;0,00;24,00;0,00
2021-07-25;23,00;0,00;0,00;23,00;8,00;0,00;0,00;0,00;0,00;0,00;0,00;0,00;40,25;0,00;0,00;23,00;8,00;0,00;0,00;40,89;7,67;0,00;0,00;0,00;8,00;0,00;0,00;0,00;8,00;0,00;8,00;0,00;8,00;0,00;0,00;0,00;0,00;0,00;0,00;7,67;7,67;15,33
2021-08-01;15,00;0,00;0,00;8,00;0,00;15,00;0,00;8,00;0,00;0,00;0,00;0,00;39,00;8,00;0,00;8,00;8,00;7,50;0,00;47,50;0,00;0,00;0,00;0,00;0,00;0,00;0,00;0,00;0,00;0,00;8,00;0,00;8,00;15,00;0,00;0,00;0,00;0,00;0,00;0,00;10,00;0,00
2021-08-08;92,00;8,00;8,00;0,00;0,00;17,00;0,00;0,00;0,00;0,00;0,00;8,36;25,09;0,00;0,00;17,00;8,00;0,00;0,00;116,21;0,00;0,00;0,00;0,00;8,00;0,00;0,00;0,00;0,00;0,00;0,00;0,00;0,00;0,00;0,00;0,00;0,00;0,00;0,00;0,00;55,20;0,00
2021-08-15;50,00;0,00;17,00;25,00;0,00;0,00;0,00;0,00;0,00;0,00;0,00;0,00;50,00;0,00;0,00;0,00;0,00;0,00;0,00;57,14;0,00;0,00;0,00;0,00;0,00;0,00;0,00;0,00;0,00;0,00;0,00;0,00;17,00;0,00;0,00;0,00;0,00;8,00;0,00;0,00;8,00;4,00
2021-08-22;8,00;0,00;0,00;24,00;0,00;0,00;0,00;0,00;8,00;0,00;0,00;0,00;29,33;0,00;0,00;0,00;8,00;0,00;0,00;133,33;0,00;0,00;0,00;0,00;0,00;0,00;0,00;0,00;8,00;8,00;8,00;0,00;0,00;0,00;0,00;0,00;0,00;0,00;0,00;12,00;4,00;0,00
2021-08-29;24,00;0,00;0,00;0,00;8,00;8,00;8,00;16,00;0,00;0,00;0,00;9,00;33,00;0,00;8,00;0,00;0,00;0,00;0,00;62,40;0,00;0,00;0,00;0,00;0,00;0,00;0,00;0,00;0,00;0,00;0,00;0,00;16,00;0,00;0,00;0,00;0,00;0,00;0,00;72,00;24,00;72,00
2021-09-05;16,00;0,00;0,00;16,00;0,00;0,00;0,00;0,00;0,00;0,00;0,00;8,00;24,00;0,00;0,00;0,00;8,00;0,00;0,00;29,71;0,00;0,00;0,00;0,00;0,00;0,00;0,00;0,00;0,00;0,00;0,00;0,00;0,00;0,00;0,00;0,00;0,00;0,00;0,00;16,00;32,00;48,00
2021-09-12;32,00;0,00;8,00;0,00;8,00;0,00;0,00;0,00;0,00;0,00;0,00;8,73;8,73;0,00;0,00;16,00;8,00;0,00;0,00;14,77;0,00;0,00;8,00;0,00;0,00;0,00;0,00;0,00;0,00;0,00;0,00;0,00;0,00;0,00;0,00;0,00;8,00;0,00;0,00;0,00;10,00;2,00
2021-09-19;0,00;0,00;8,00;8,00;0,00;0,00;0,00;0,00;0,00;0,00;0,00;0,00;9,00;0,00;0,00;0,00;8,00;0,00;0,00;13,00;0,00;0,00;0,00;0,00;0,00;0,00;0,00;0,00;0,00;16,00;0,00;0,00;8,00;0,00;0,00;0,00;0,00;0,00;0,00;2,00;6,00;0,00
2021-09-26;8,00;0,00;0,00;8,00;8,00;0,00;0,00;0,00;0,00;0,00;0,00;0,00;8,00;8,00;0,00;0,00;16,00;8,00;0,00;61,33;0,00;0,00;8,00;0,00;0,00;0,00;0,00;0,00;0,00;0,00;16,00;0,00;0,00;0,00;0,00;0,00;0,00;0,00;0,00;0,00;0,00;0,00
2021-10-03;55,00;0,00;0,00;12,00;0,00;0,00;0,00;12,00;0,00;0,00;5,79;0,00;17,37;0,00;0,00;6,00;6,00;0,00;0,00;55,00;0,00;0,00;12,00;0,00;6,00;0,00;0,00;0,00;6,00;0,00;6,00;0,00;0,00;0,00;0,00;0,00;0,00;0,00;0,00;165,00;165,00;0,00
2021-10-10;6,00;0,00;6,00;0,00;6,00;0,00;0,00;0,00;0,00;0,00;0,00;6,00;24,00;0,00;0,00;0,00;0,00;0,00;0,00;57,00;0,00;0,00;6,00;0,00;0,00;0,00;0,00;0,00;0,00;0,00;6,00;0,00;0,00;0,00;0,00;0,00;0,00;0,00;0,00;7,00;5,00;7,00
2021-10-17;28,00;6,00;0,00;0,00;6,00;0,00;0,00;6,00;0,00;0,00;0,00;0,00;44,80;0,00;0,00;0,00;0,00;0,00;0,00;68,73;0,00;0,00;6,00;6,00;0,00;0,00;0,00;0,00;0,00;0,00;17,00;0,00;17,00;6,00;0,00;0,00;6,00;6,00;0,00;4,00;0,00;3,00
2021-10-24;34,00;0,00;6,00;6,00;6,00;0,00;0,00;6,00;0,00;0,00;0,00;0,00;34,00;0,00;0,00;11,00;6,00;0,00;0,00;55,86;0,00;0,00;6,00;0,00;0,00;0,00;6,00;0,00;0,00;0,00;0,00;0,00;0,00;0,00;0,00;0,00;0,00;0,00;0,00;102,00;34,00;34,00
2021-10-31;57,00;0,00;0,00;0,00;0,00;6,00;0,00;6,00;0,00;0,00;0,00;5,70;34,20;0,00;0,00;0,00;0,00;0,00;0,00;156,13;0,00;0,00;0,00;0,00;0,00;0,00;0,00;0,00;0,00;0,00;6,00;0,00;6,00;0,00;0,00;0,00;6,00;0,00;0,00;57,00;228,00;342,00
2021-11-07;34,00;0,00;6,00;0,00;11,00;0,00;0,00;6,00;0,00;0,00;0,00;0,00;34,00;0,00;0,00;6,00;0,00;0,00;0,00;82,57;0,00;0,00;6,00;0,00;0,00;0,00;0,00;0,00;6,00;0,00;0,00;6,00;6,00;0,00;0,00;0,00;6,00;0,00;0,00;34,00;102,00;204,00
2021-11-14;33,00;0,00;0,00;0,00;6,00;6,00;0,00;0,00;6,00;0,00;0,00;5,50;33,00;0,00;0,00;11,00;0,00;0,00;0,00;75,43;0,00;0,00;0,00;0,00;0,00;6,00;0,00;0,00;6,00;0,00;6,00;6,00;0,00;0,00;0,00;0,00;6,00;0,00;0,00;41,25;24,75;0,00
2021-11-21;43,00;11,00;5,00;11,00;0,00;0,00;0,00;5,00;0,00;0,00;0,00;0,00;22,93;0,00;0,00;11,00;5,00;0,00;0,00;47,78;0,00;0,00;11,00;0,00;5,00;0,00;0,00;5,00;0,00;0,00;0,00;0,00;11,00;0,00;0,00;0,00;0,00;0,00;0,00;10,00;0,00;4,00
2021-11-28;39,00;0,00;0,00;33,00;0,00;17,00;0,00;0,00;6,00;0,00;0,00;5,57;27,86;0,00;0,00;6,00;6,00;4,88;0,00;90,19;0,00;0,00;0,00;0,00;0,00;0,00;0,00;0,00;6,00;6,00;0,00;0,00;0,00;0,00;0,00;0,00;0,00;0,00;0,00;97,50;19,50;19,50
2021-12-05;41,00;6,00;6,00;12,00;0,00;0,00;0,00;0,00;0,00;0,00;0,00;0,00;41,00;0,00;0,00;6,00;0,00;0,00;0,00;241,18;0,00;0,00;0,00;6,00;12,00;0,00;0,00;0,00;6,00;0,00;6,00;0,00;6,00;0,00;0,00;0,00;12,00;0,00;0,00;68,33;54,67;82,00
2021-12-12;43,00;0,00;0,00;0,00;0,00;0,00;0,00;7,00;0,00;0,00;0,00;0,00;14,33;14,00;7,00;7,00;0,00;0,00;7,17;148,11;0,00;0,00;14,00;0,00;0,00;0,00;0,00;0,00;0,00;14,00;7,00;7,00;0,00;0,00;0,00;0,00;7,00;0,00;0,00;57,33;14,33;14,33
