Semaine;Chamonix (FR);Tignes (FR);Les Arcs (FR);Saalbach (AT);Les Ménuires (FR);Avoriaz (FR);La Plagne (FR);Sankt Anton (AT);Zermatt (CH);Flachau (AT);La Clusaz (FR);Verbier (CH);Zillertal (AT);Morzine (FR);Châtel (FR);St Moritz (DE);Les Gets (FR);Val Cenis (FR);Courchevel (FR);Mayrhofen (AT);Val Gardena (IT);Serre Chevalier (FR);Samoëns (FR);Valloire (FR);Méribel (FR);Val d Isère (FR);Megève (FR);Kitzbuhel (AT);Vars (FR);Garmisch (DE);Schladming (AT);Grand Bornand (FR);Brixental (AT);Sestriere (IT);Gstaad (CH);Font Romeu (FR);St Lary (FR);Barèges (FR);La Mongie (FR);Peyragudes (FR)
2019-01-06;89,00;72,00;36,00;46,00;12,00;39,00;19,00;96,00;34,00;10,00;16,00;29,00;3,00;103,49;5,17;41,40;39,33;0,00;23,00;11,00;2,00;11,00;13,00;1,00;47,00;36,00;13,00;22,00;0,00;4,00;4,00;1,00;2,00;18,00;2,00;1,00;1,00;0,00;1,00;0,00
2019-01-13;100,00;63,00;38,00;37,00;13,00;27,00;11,00;73,00;31,00;4,00;14,00;30,00;2,00;94,79;7,29;29,17;45,83;1,00;18,00;11,00;1,00;8,00;11,00;1,00;42,00;35,00;13,00;20,00;0,00;2,00;2,00;1,00;1,00;11,00;4,00;2,00;1,00;0,00;0,00;0,00
2019-01-20;79,00;51,00;31,00;28,00;13,00;26,00;17,00;35,00;32,00;2,00;7,00;29,00;1,00;77,96;6,24;28,07;29,11;2,00;51,00;7,00;2,00;8,00;12,00;1,00;34,00;30,00;9,00;10,00;1,00;4,00;2,00;1,00;2,00;11,00;1,00;1,00;1,00;1,00;1,00;1,00
2019-01-27;80,00;49,00;34,00;18,00;13,00;28,00;14,00;39,00;24,00;4,00;10,00;32,00;2,00;87,27;7,27;28,05;32,21;0,00;18,00;10,00;0,00;6,00;6,00;2,00;37,00;31,00;5,00;13,00;0,00;1,00;5,00;2,00;0,00;9,00;3,00;2,00;1,00;0,00;1,00;1,00
2019-02-03;87,00;45,00;29,00;16,00;8,00;19,00;9,00;44,00;24,00;8,00;13,00;22,00;2,00;75,61;6,21;29,00;22,79;0,00;20,00;8,00;2,00;7,00;8,00;2,00;35,00;25,00;9,00;8,00;1,00;2,00;5,00;1,00;0,00;11,00;1,00;2,00;1,00;0,00;1,00;0,00
2019-02-10;70,00;39,00;25,00;21,00;8,00;13,00;10,00;32,00;25,00;3,00;8,00;26,00;2,00;71,03;5,15;29,85;19,56;3,00;20,00;4,00;1,00;5,00;17,00;0,00;34,00;22,00;6,00;9,00;0,00;4,00;2,00;1,00;0,00;11,00;2,00;1,00;1,00;0,00;0,00;0,00
2019-02-17;67,00;51,00;21,00;21,00;13,00;17,00;7,00;39,00;36,00;1,00;10,00;21,00;2,00;61,85;6,18;21,65;22,68;2,00;26,00;5,00;1,00;8,00;10,00;0,00;28,00;28,00;6,00;11,00;0,00;2,00;1,00;1,00;1,00;11,00;2,00;1,00;0,00;1,00;1,00;0,00
2019-02-24;65,00;42,00;36,00;16,00;3,00;21,00;12,00;41,00;22,00;3,00;3,00;20,00;1,00;56,75;3,10;30,95;14,44;1,00;16,00;8,00;1,00;7,00;7,00;1,00;26,00;21,00;8,00;11,00;1,00;2,00;2,00;1,00;1,00;7,00;3,00;1,00;1,00;0,00;0,00;0,00
2019-03-03;64,00;30,00;25,00;14,00;10,00;18,00;7,00;36,00;24,00;2,00;7,00;27,00;1,00;64,00;3,15;20,98;24,13;1,00;17,00;7,00;1,00;3,00;6,00;0,00;28,00;42,00;5,00;9,00;1,00;2,00;1,00;1,00;1,00;7,00;1,00;1,00;0,00;0,00;1,00;0,00
2019-03-10;53,00;35,00;27,00;19,00;8,00;14,00;10,00;28,00;23,00;2,00;4,00;25,00;1,00;50,92;1,04;16,63;18,71;1,00;11,00;5,00;1,00;5,00;8,00;0,00;24,00;18,00;4,00;8,00;0,00;1,00;3,00;1,00;1,00;2,00;2,00;0,00;1,00;0,00;0,00;0,00
2019-03-17;50,00;40,00;17,00;7,00;8,00;19,00;8,00;30,00;26,00;1,00;9,00;16,00;1,00;47,96;1,02;13,27;10,20;0,00;11,00;5,00;0,00;6,00;7,00;0,00;21,00;20,00;6,00;6,00;1,00;1,00;0,00;1,00;0,00;4,00;1,00;0,00;1,00;0,00;0,00;0,00
2019-03-24;48,00;34,00;17,00;10,00;6,00;17,00;6,00;26,00;22,00;1,00;1,00;17,00;1,00;45,96;5,11;16,34;12,26;1,00;10,00;7,00;0,00;4,00;3,00;0,00;20,00;8,00;6,00;3,00;0,00;1,00;1,00;0,00;0,00;5,00;1,00;0,00;0,00;1,00;0,00;0,00
2019-03-31;37,00;30,00;17,00;9,00;5,00;13,00;9,00;25,00;18,00;3,00;4,00;16,00;1,00;31,86;3,08;9,25;7,19;0,00;10,00;6,00;0,00;3,00;4,00;1,00;17,00;22,00;5,00;4,00;0,00;0,00;1,00;1,00;0,00;4,00;3,00;1,00;0,00;0,00;0,00;0,00
2019-04-07;35,00;25,00;8,00;6,00;2,00;12,00;4,00;20,00;18,00;1,00;2,00;13,00;4,00;26,52;4,24;18,03;7,42;0,00;8,00;5,00;1,00;4,00;2,00;1,00;21,00;10,00;3,00;8,00;0,00;2,00;1,00;1,00;0,00;3,00;1,00;1,00;1,00;0,00;0,00;0,00
2019-04-14;19,00;18,00;7,00;3,00;5,00;5,00;5,00;12,00;18,00;1,00;3,00;12,00;1,00;22,17;1,06;15,83;7,39;1,00;5,00;3,00;0,00;1,00;2,00;0,00;7,00;14,00;2,00;5,00;0,00;1,00;1,00;2,00;1,00;1,00;2,00;1,00;0,00;0,00;0,00;0,00
2019-04-21;29,00;13,00;6,00;3,00;3,00;3,00;5,00;8,00;8,00;0,00;3,00;8,00;1,00;21,75;1,04;12,43;6,21;0,00;3,00;4,00;0,00;1,00;3,00;0,00;6,00;5,00;2,00;3,00;0,00;2,00;1,00;0,00;0,00;1,00;1,00;1,00;0,00;0,00;0,00;0,00
2019-04-28;31,00;13,00;6,00;7,00;1,00;2,00;3,00;12,00;11,00;3,00;1,00;10,00;1,00;17,10;1,07;14,97;7,48;0,00;2,00;1,00;1,00;2,00;2,00;0,00;5,00;4,00;1,00;3,00;0,00;0,00;1,00;0,00;1,00;1,00;1,00;0,00;0,00;0,00;0,00;0,00
2019-05-05;17,00;12,00;6,00;3,00;1,00;4,00;1,00;4,00;11,00;1,00;1,00;6,00;1,00;20,19;1,06;15,94;4,25;0,00;3,00;1,00;1,00;2,00;2,00;0,00;3,00;4,00;3,00;4,00;1,00;1,00;1,00;0,00;0,00;1,00;1,00;0,00;0,00;0,00;0,00;0,00
2019-05-12;21,00;5,00;3,00;5,00;3,00;1,00;2,00;4,00;8,00;1,00;1,00;6,00;1,00;12,60;1,05;12,60;2,10;0,00;3,00;2,00;0,00;2,00;3,00;1,00;3,00;3,00;1,00;3,00;0,00;1,00;1,00;1,00;0,00;3,00;1,00;0,00;0,00;0,00;0,00;0,00
2019-05-19;22,00;11,00;4,00;4,00;3,00;3,00;1,00;4,00;13,00;0,00;3,00;5,00;1,00;22,00;1,05;9,43;4,19;0,00;4,00;1,00;1,00;1,00;2,00;1,00;7,00;4,00;1,00;4,00;1,00;2,00;1,00;0,00;0,00;1,00;1,00;1,00;1,00;0,00;0,00;0,00
2019-05-26;32,00;9,00;4,00;4,00;2,00;1,00;2,00;9,00;19,00;2,00;2,00;8,00;1,00;14,45;1,03;16,52;4,13;1,00;3,00;2,00;1,00;2,00;4,00;0,00;6,00;3,00;0,00;6,00;0,00;2,00;4,00;0,00;1,00;1,00;1,00;1,00;0,00;0,00;0,00;0,00
2019-06-02;35,00;10,00;7,00;5,00;2,00;4,00;2,00;8,00;11,00;1,00;2,00;6,00;2,00;21,62;1,03;11,32;3,09;0,00;6,00;3,00;0,00;1,00;3,00;1,00;5,00;4,00;2,00;4,00;0,00;4,00;1,00;1,00;0,00;1,00;0,00;1,00;0,00;1,00;1,00;0,00
2019-06-09;40,00;3,00;4,00;4,00;1,00;6,00;3,00;10,00;14,00;1,00;2,00;4,00;3,00;21,54;1,03;16,41;7,18;0,00;6,00;1,00;0,00;3,00;4,00;1,00;6,00;6,00;1,00;6,00;1,00;1,00;1,00;0,00;0,00;1,00;2,00;2,00;0,00;0,00;0,00;0,00
2019-06-16;39,00;10,00;6,00;11,00;1,00;6,00;3,00;6,00;10,00;2,00;2,00;4,00;1,00;17,45;2,05;16,42;7,18;2,00;0,00;3,00;1,00;1,00;1,00;0,00;7,00;4,00;2,00;4,00;1,00;3,00;0,00;0,00;1,00;2,00;1,00;1,00;0,00;0,00;0,00;0,00
2019-06-23;39,00;7,00;2,00;7,00;2,00;4,00;2,00;4,00;18,00;1,00;2,00;6,00;3,00;27,71;2,05;9,24;10,26;1,00;3,00;5,00;1,00;1,00;4,00;0,00;7,00;6,00;4,00;4,00;1,00;2,00;0,00;0,00;1,00;1,00;1,00;0,00;0,00;0,00;0,00;0,00
2019-06-30;38,00;17,00;6,00;8,00;0,00;4,00;1,00;8,00;11,00;2,00;1,00;10,00;2,00;28,76;1,03;12,32;6,16;0,00;4,00;3,00;1,00;1,00;3,00;1,00;8,00;4,00;3,00;3,00;0,00;1,00;0,00;0,00;0,00;1,00;0,00;1,00;1,00;0,00;0,00;0,00
2019-07-07;43,00;8,00;4,00;7,00;1,00;4,00;1,00;11,00;16,00;0,00;1,00;9,00;2,00;29,37;1,05;11,54;14,68;0,00;6,00;2,00;1,00;2,00;3,00;0,00;11,00;6,00;3,00;5,00;0,00;1,00;0,00;1,00;1,00;1,00;2,00;1,00;0,00;0,00;0,00;0,00
2019-07-14;43,00;14,00;7,00;7,00;2,00;5,00;1,00;10,00;21,00;1,00;2,00;8,00;3,00;31,74;1,02;12,29;8,19;0,00;3,00;3,00;0,00;1,00;7,00;1,00;8,00;6,00;3,00;6,00;1,00;3,00;0,00;0,00;1,00;2,00;2,00;1,00;0,00;0,00;0,00;0,00
2019-07-21;38,00;21,00;5,00;8,00;3,00;4,00;3,00;12,00;18,00;1,00;2,00;7,00;3,00;24,65;1,03;15,41;7,19;0,00;3,00;6,00;0,00;3,00;2,00;6,00;4,00;8,00;3,00;7,00;0,00;2,00;0,00;0,00;1,00;3,00;1,00;2,00;1,00;0,00;1,00;0,00
2019-07-28;46,00;10,00;6,00;9,00;4,00;6,00;1,00;5,00;19,00;0,00;1,00;12,00;1,00;36,59;2,09;13,59;9,41;1,00;4,00;4,00;0,00;1,00;2,00;1,00;12,00;7,00;5,00;6,00;0,00;2,00;1,00;1,00;1,00;1,00;3,00;0,00;0,00;0,00;0,00;0,00
2019-08-04;43,00;12,00;7,00;6,00;1,00;6,00;5,00;14,00;16,00;2,00;3,00;7,00;2,00;43,00;1,05;15,73;11,54;0,00;2,00;2,00;0,00;1,00;4,00;1,00;10,00;6,00;2,00;2,00;0,00;1,00;3,00;1,00;0,00;2,00;1,00;1,00;0,00;1,00;0,00;0,00
2019-08-11;41,00;13,00;6,00;6,00;2,00;4,00;2,00;15,00;16,00;2,00;3,00;11,00;1,00;30,49;3,15;17,87;9,46;0,00;3,00;7,00;0,00;6,00;4,00;1,00;12,00;6,00;2,00;6,00;0,00;1,00;2,00;1,00;0,00;2,00;1,00;2,00;0,00;0,00;0,00;0,00
2019-08-18;44,00;14,00;8,00;5,00;2,00;8,00;1,00;8,00;15,00;1,00;4,00;13,00;3,00;31,43;2,10;15,71;9,43;0,00;6,00;2,00;1,00;3,00;5,00;0,00;9,00;6,00;1,00;6,00;0,00;2,00;1,00;1,00;0,00;1,00;0,00;1,00;0,00;0,00;0,00;0,00
2019-08-25;41,00;13,00;9,00;11,00;1,00;2,00;1,00;9,00;13,00;1,00;2,00;8,00;1,00;23,13;1,05;10,51;11,56;1,00;3,00;2,00;1,00;1,00;2,00;0,00;11,00;6,00;2,00;4,00;0,00;1,00;0,00;1,00;0,00;4,00;2,00;1,00;0,00;0,00;0,00;0,00
2019-09-01;46,00;10,00;7,00;13,00;3,00;8,00;4,00;12,00;18,00;3,00;2,00;10,00;4,00;40,77;1,05;27,18;11,50;1,00;4,00;2,00;1,00;1,00;2,00;0,00;13,00;8,00;5,00;5,00;0,00;2,00;4,00;0,00;0,00;2,00;2,00;1,00;0,00;0,00;0,00;0,00
2019-09-08;42,00;18,00;15,00;11,00;4,00;9,00;6,00;12,00;13,00;1,00;4,00;12,00;2,00;26,25;2,10;15,75;10,50;1,00;7,00;2,00;2,00;7,00;6,00;1,00;12,00;9,00;4,00;4,00;1,00;4,00;4,00;1,00;1,00;2,00;1,00;0,00;1,00;1,00;1,00;1,00
2019-09-15;42,00;25,00;9,00;15,00;6,00;7,00;4,00;16,00;18,00;1,00;5,00;10,00;5,00;31,50;1,05;11,55;8,40;1,00;4,00;2,00;0,00;2,00;5,00;0,00;9,00;9,00;6,00;5,00;0,00;2,00;4,00;1,00;1,00;0,00;0,00;1,00;1,00;0,00;1,00;0,00
2019-09-22;42,00;22,00;9,00;9,00;2,00;12,00;5,00;14,00;13,00;2,00;9,00;11,00;3,00;23,10;4,20;10,50;8,40;0,00;8,00;6,00;0,00;8,00;4,00;1,00;17,00;13,00;3,00;3,00;1,00;2,00;4,00;1,00;0,00;5,00;2,00;1,00;1,00;0,00;0,00;0,00
2019-09-29;33,00;22,00;11,00;17,00;3,00;10,00;7,00;13,00;11,00;1,00;5,00;8,00;2,00;37,13;2,06;7,22;12,38;1,00;7,00;6,00;1,00;4,00;2,00;0,00;12,00;14,00;5,00;2,00;0,00;3,00;3,00;1,00;1,00;2,00;2,00;0,00;0,00;1,00;1,00;0,00
2019-10-06;40,00;23,00;13,00;11,00;7,00;6,00;5,00;16,00;22,00;4,00;2,00;17,00;2,00;31,58;2,11;11,58;11,58;0,00;9,00;5,00;1,00;3,00;5,00;0,00;12,00;15,00;7,00;7,00;0,00;3,00;5,00;3,00;0,00;2,00;2,00;1,00;0,00;0,00;1,00;0,00
2019-10-13;34,00;29,00;15,00;14,00;8,00;14,00;5,00;18,00;24,00;0,00;4,00;11,00;1,00;44,63;4,25;15,94;14,88;1,00;10,00;7,00;1,00;2,00;3,00;0,00;16,00;13,00;6,00;7,00;0,00;4,00;2,00;1,00;0,00;4,00;0,00;1,00;2,00;0,00;0,00;0,00
2019-10-20;39,00;31,00;11,00;16,00;4,00;11,00;8,00;24,00;14,00;3,00;1,00;7,00;2,00;36,95;2,05;18,47;8,21;1,00;7,00;5,00;2,00;7,00;3,00;1,00;20,00;18,00;5,00;7,00;0,00;2,00;2,00;0,00;0,00;5,00;1,00;1,00;0,00;0,00;0,00;0,00
2019-10-27;37,00;23,00;12,00;14,00;4,00;9,00;10,00;18,00;25,00;2,00;3,00;6,00;1,00;40,08;2,06;10,28;7,19;2,00;7,00;7,00;1,00;4,00;5,00;0,00;13,00;15,00;4,00;3,00;1,00;1,00;3,00;1,00;0,00;5,00;0,00;1,00;0,00;0,00;0,00;0,00
2019-11-03;48,00;31,00;15,00;9,00;6,00;15,00;8,00;27,00;21,00;2,00;7,00;14,00;1,00;45,91;3,13;24,00;11,48;0,00;13,00;7,00;1,00;9,00;5,00;0,00;21,00;11,00;5,00;6,00;1,00;1,00;3,00;2,00;0,00;4,00;2,00;1,00;1,00;0,00;1,00;0,00
2019-11-10;38,00;33,00;19,00;16,00;5,00;16,00;9,00;25,00;23,00;2,00;7,00;14,00;2,00;33,78;3,17;16,89;16,89;0,00;12,00;5,00;2,00;3,00;1,00;0,00;21,00;17,00;7,00;6,00;0,00;2,00;3,00;0,00;0,00;3,00;1,00;0,00;0,00;0,00;0,00;0,00
2019-11-17;42,00;31,00;11,00;10,00;4,00;13,00;9,00;23,00;20,00;3,00;5,00;19,00;4,00;53,55;3,15;13,65;14,70;1,00;12,00;5,00;2,00;3,00;9,00;1,00;21,00;17,00;5,00;7,00;1,00;1,00;3,00;0,00;1,00;4,00;1,00;1,00;0,00;0,00;1,00;0,00
2019-11-24;34,00;23,00;20,00;14,00;8,00;13,00;8,00;18,00;28,00;1,00;4,00;10,00;3,00;39,15;1,03;22,67;13,39;0,00;9,00;4,00;2,00;1,00;5,00;1,00;21,00;14,00;2,00;5,00;0,00;2,00;5,00;3,00;1,00;2,00;0,00;1,00;1,00;1,00;0,00;0,00
2019-12-01;43,00;34,00;24,00;24,00;11,00;13,00;8,00;25,00;26,00;3,00;6,00;18,00;2,00;46,07;4,10;17,40;16,38;1,00;13,00;2,00;0,00;4,00;6,00;0,00;17,00;23,00;7,00;8,00;0,00;3,00;3,00;1,00;1,00;5,00;1,00;2,00;1,00;0,00;0,00;0,00
2019-12-08;40,00;45,00;21,00;21,00;6,00;18,00;13,00;25,00;27,00;2,00;6,00;16,00;2,00;54,74;2,11;20,00;23,16;2,00;11,00;5,00;1,00;7,00;7,00;1,00;25,00;25,00;5,00;6,00;1,00;4,00;5,00;1,00;1,00;6,00;2,00;2,00;1,00;0,00;0,00;0,00
2019-12-15;72,00;31,00;24,00;21,00;6,00;21,00;11,00;27,00;25,00;4,00;7,00;21,00;0,00;56,35;3,13;19,83;16,70;1,00;14,00;8,00;1,00;4,00;6,00;0,00;27,00;19,00;5,00;8,00;1,00;2,00;6,00;1,00;0,00;6,00;2,00;1,00;0,00;0,00;0,00;0,00
2019-12-22;64,00;41,00;31,00;23,00;10,00;23,00;10,00;32,00;22,00;6,00;16,00;29,00;3,00;62,97;6,19;65,03;26,84;3,00;22,00;10,00;1,00;9,00;9,00;0,00;35,00;32,00;7,00;9,00;1,00;4,00;8,00;1,00;1,00;9,00;4,00;1,00;1,00;0,00;1,00;1,00
2019-12-29;77,00;61,00;28,00;25,00;11,00;39,00;18,00;38,00;30,00;4,00;9,00;29,00;2,00;87,41;8,32;19,77;26,01;4,00;19,00;7,00;1,00;8,00;13,00;0,00;38,00;29,00;18,00;9,00;1,00;3,00;6,00;1,00;1,00;11,00;4,00;1,00;0,00;0,00;0,00;0,00
2020-01-05;80,00;61,00;30,00;33,00;10,00;33,00;17,00;34,00;36,00;8,00;11,00;28,00;4,00;100,00;7,37;21,05;40,00;1,00;22,00;9,00;3,00;9,00;13,00;1,00;45,00;30,00;16,00;13,00;0,00;1,00;5,00;1,00;2,00;15,00;2,00;1,00;1,00;0,00;1,00;0,00
2020-01-12;87,00;48,00;27,00;28,00;9,00;36,00;17,00;44,00;31,00;8,00;10,00;20,00;4,00;91,19;3,14;30,40;27,25;1,00;20,00;12,00;2,00;10,00;10,00;2,00;39,00;28,00;15,00;11,00;1,00;3,00;6,00;3,00;0,00;11,00;2,00;1,00;0,00;0,00;1,00;0,00
2020-01-19;72,00;44,00;33,00;28,00;8,00;33,00;15,00;39,00;26,00;3,00;10,00;35,00;6,00;75,13;4,17;27,13;26,09;0,00;16,00;9,00;3,00;9,00;13,00;2,00;38,00;29,00;8,00;12,00;1,00;1,00;6,00;1,00;1,00;12,00;3,00;2,00;0,00;1,00;1,00;0,00
2020-01-26;86,00;56,00;27,00;25,00;7,00;27,00;15,00;41,00;26,00;3,00;6,00;18,00;2,00;75,64;4,14;19,69;29,01;1,00;15,00;8,00;2,00;8,00;5,00;1,00;27,00;22,00;4,00;21,00;0,00;2,00;6,00;1,00;0,00;8,00;1,00;1,00;0,00;0,00;1,00;0,00
2020-02-02;63,00;40,00;33,00;26,00;8,00;24,00;11,00;32,00;29,00;3,00;4,00;24,00;3,00;85,05;6,30;32,55;25,20;3,00;15,00;7,00;0,00;6,00;11,00;1,00;37,00;20,00;7,00;11,00;1,00;6,00;6,00;1,00;0,00;8,00;1,00;1,00;0,00;0,00;0,00;0,00
2020-02-09;79,00;40,00;30,00;35,00;10,00;23,00;11,00;37,00;31,00;4,00;7,00;21,00;4,00;69,64;7,28;22,87;28,07;2,00;18,00;10,00;4,00;6,00;11,00;2,00;36,00;16,00;11,00;11,00;1,00;2,00;6,00;2,00;1,00;10,00;2,00;2,00;2,00;0,00;0,00;1,00
2020-02-16;69,00;35,00;28,00;30,00;8,00;20,00;9,00;30,00;26,00;4,00;10,00;21,00;5,00;65,86;8,36;20,91;25,09;1,00;17,00;6,00;1,00;10,00;7,00;1,00;26,00;24,00;13,00;8,00;0,00;3,00;3,00;3,00;0,00;9,00;2,00;3,00;1,00;0,00;0,00;0,00
2020-02-23;65,00;37,00;27,00;24,00;7,00;23,00;6,00;31,00;33,00;5,00;8,00;19,00;2,00;58,81;5,16;15,48;23,73;1,00;13,00;7,00;1,00;9,00;10,00;1,00;31,00;19,00;7,00;11,00;1,00;4,00;5,00;1,00;0,00;20,00;3,00;1,00;1,00;0,00;1,00;0,00
2020-03-01;56,00;43,00;21,00;20,00;6,00;15,00;8,00;34,00;30,00;4,00;5,00;23,00;2,00;62,22;4,15;14,52;18,67;1,00;12,00;3,00;0,00;6,00;6,00;3,00;30,00;19,00;7,00;6,00;0,00;2,00;8,00;1,00;0,00;7,00;3,00;2,00;1,00;0,00;0,00;1,00
2020-03-08;65,00;57,00;37,00;30,00;8,00;31,00;9,00;67,00;32,00;3,00;10,00;36,00;4,00;87,70;6,19;11,35;24,76;1,00;18,00;10,00;4,00;9,00;7,00;0,00;43,00;30,00;7,00;7,00;2,00;3,00;7,00;1,00;1,00;12,00;1,00;1,00;0,00;0,00;1,00;0,00
2020-03-15;21,00;24,00;10,00;10,00;4,00;12,00;4,00;16,00;18,00;2,00;3,00;8,00;1,00;29,40;4,20;5,25;9,45;0,00;12,00;4,00;0,00;1,00;4,00;0,00;22,00;15,00;3,00;1,00;1,00;1,00;4,00;0,00;1,00;1,00;1,00;1,00;0,00;0,00;0,00;0,00
2020-03-22;8,00;6,00;2,00;3,00;0,50;2,00;1,00;5,00;8,00;0,50;1,00;9,00;1,00;4,00;0,50;7,00;3,00;0,50;1,00;1,00;0,00;1,00;0,50;0,50;4,00;3,00;0,50;0,50;0,50;2,00;3,00;0,50;0,00;0,00;1,00;1,00;0,00;0,00;0,00;0,00
2020-03-29;9,00;6,00;3,00;4,00;1,00;2,00;0,00;7,00;6,00;1,00;1,00;2,00;1,00;9,00;0,56;10,13;4,50;0,00;3,00;0,50;0,00;0,50;1,00;0,50;5,00;5,00;1,00;3,00;0,50;1,00;1,00;0,50;0,50;1,00;0,00;0,00;1,00;0,00;0,00;0,00
2020-04-05;11,00;7,00;4,00;5,00;1,00;4,00;1,00;2,00;10,00;1,00;0,00;3,00;1,00;8,00;1,00;9,00;2,00;0,00;4,00;2,00;0,00;0,00;1,00;0,00;3,00;5,00;1,00;1,00;0,00;0,00;3,00;0,00;0,00;1,00;1,00;1,00;0,00;0,00;0,00;0,00
2020-04-12;11,00;6,00;3,00;4,00;0,50;0,50;1,00;8,00;15,00;0,50;1,00;5,00;2,00;12,00;0,50;7,00;1,00;0,50;1,00;2,00;0,00;0,00;2,00;1,00;5,00;5,00;1,00;1,00;0,00;2,00;2,00;0,00;0,50;1,00;2,00;1,00;0,00;0,00;0,00;0,00
2020-04-19;10,00;5,00;3,00;6,00;1,00;1,00;0,50;5,00;9,00;1,00;1,00;3,00;0,50;10,00;1,00;13,00;3,00;0,50;1,00;1,00;0,00;1,00;0,50;0,50;6,00;2,00;3,00;1,00;0,00;0,50;1,00;0,50;0,00;1,00;1,00;0,00;0,00;0,00;0,00;0,00
2020-04-26;11,00;6,00;1,00;3,00;2,00;3,00;0,50;6,00;7,00;1,00;3,00;3,00;1,00;10,00;1,00;10,00;3,00;0,50;2,00;1,00;0,00;1,00;1,00;0,00;4,00;3,00;1,00;1,00;0,00;1,00;0,00;0,00;0,00;2,00;0,50;2,00;0,00;0,00;0,00;0,50
2020-05-03;13,00;6,00;2,00;5,00;1,00;1,00;0,50;3,00;12,00;0,50;1,00;7,00;2,00;5,00;1,00;10,00;5,00;0,50;1,00;2,00;0,00;0,50;3,00;0,50;6,00;4,00;1,00;3,00;0,00;2,00;2,00;0,00;0,00;2,00;1,00;0,50;0,50;0,00;0,00;0,00
2020-05-10;7,00;7,00;2,00;6,00;0,50;1,00;0,50;5,00;7,00;0,50;3,00;7,00;0,50;11,00;0,50;9,00;2,00;0,00;1,00;2,00;0,00;1,00;1,00;0,00;3,00;3,00;1,00;3,00;0,00;1,00;1,00;0,00;0,00;0,00;0,00;0,50;0,50;0,00;0,00;0,00
2020-05-17;17,00;4,00;5,00;6,00;2,00;2,00;0,50;4,00;7,00;1,00;0,50;3,00;0,50;8,50;0,53;11,69;3,19;0,00;2,00;1,00;0,00;0,00;1,00;0,00;3,00;1,00;2,00;3,00;0,00;0,50;0,50;0,00;0,00;0,50;0,50;0,00;0,00;0,00;0,00;0,00
2020-05-24;8,00;4,00;3,00;5,00;4,00;3,00;1,00;5,00;8,00;1,00;1,00;5,00;1,00;12,57;2,29;16,00;4,57;0,00;1,00;2,00;0,00;1,00;2,00;1,00;4,00;4,00;0,00;1,00;1,00;2,00;1,00;0,00;0,00;1,00;1,00;1,00;1,00;1,00;0,00;0,00
2020-05-31;10,00;5,00;3,00;9,00;1,00;1,00;0,00;7,00;6,00;0,50;3,00;6,00;2,00;10,00;2,00;13,00;4,00;0,00;3,00;1,00;0,00;1,00;0,50;0,00;5,00;2,00;2,00;4,00;0,50;1,00;1,00;1,00;0,00;0,00;0,00;0,00;0,00;0,50;0,00;0,00
2020-06-07;13,00;8,00;2,00;4,00;2,00;3,00;1,00;7,00;13,00;1,00;3,00;5,00;1,00;13,00;0,50;10,00;5,00;0,00;2,00;0,50;0,00;1,00;3,00;0,00;3,00;7,00;1,00;3,00;0,00;1,00;0,50;0,00;0,50;1,00;0,50;1,00;0,00;0,00;0,00;0,00
2020-06-14;17,00;6,00;3,00;7,00;2,00;2,00;1,00;7,00;9,00;2,00;1,00;9,00;0,50;12,00;1,00;8,00;3,00;0,50;4,00;0,00;0,00;0,50;1,00;0,50;7,00;2,00;2,00;1,00;0,50;0,50;2,00;0,00;0,00;1,00;1,00;0,50;1,00;0,00;0,00;0,00
2020-06-21;22,00;13,00;6,00;4,00;1,00;3,00;1,00;8,00;9,00;1,00;2,00;7,00;0,50;16,00;0,50;16,00;4,00;0,00;4,00;0,50;0,00;1,00;4,00;0,00;6,00;4,00;1,00;1,00;1,00;1,00;2,00;0,50;0,00;1,00;1,00;0,50;0,00;0,00;0,00;0,50
2020-06-28;24,00;8,00;5,00;6,00;0,50;4,00;0,00;6,00;10,00;0,50;2,00;2,00;0,50;21,91;1,04;10,43;7,30;0,50;5,00;0,50;0,00;0,50;4,00;0,00;10,00;7,00;3,00;0,50;0,50;1,00;3,00;0,50;0,50;1,00;1,00;0,50;0,00;0,00;0,50;0,00
2020-07-05;24,00;10,00;4,00;5,00;1,00;2,00;2,00;7,00;17,00;0,00;2,00;9,00;1,00;26,09;1,04;10,43;5,22;1,00;5,00;2,00;0,00;3,00;4,00;0,00;5,00;6,00;5,00;3,00;0,00;1,00;2,00;1,00;0,00;1,00;2,00;1,00;1,00;0,00;0,00;0,00
2020-07-12;31,00;6,00;6,00;5,00;3,00;1,00;1,00;7,00;18,00;1,00;1,00;4,00;1,00;24,80;2,07;11,37;9,30;1,00;2,00;1,00;1,00;2,00;2,00;0,00;6,00;7,00;3,00;2,00;1,00;2,00;1,00;1,00;0,00;2,00;2,00;1,00;0,00;0,00;0,00;0,00
2020-07-19;27,00;14,00;4,00;4,00;3,00;4,00;2,00;8,00;19,00;1,00;4,00;12,00;2,00;19,73;1,04;14,54;7,27;1,00;6,00;1,00;0,00;1,00;9,00;1,00;5,00;17,00;2,00;2,00;1,00;1,00;2,00;1,00;0,00;0,00;1,00;2,00;0,00;0,00;0,00;0,00
2020-07-26;24,00;4,00;2,00;3,00;1,00;8,00;2,00;7,00;17,00;1,00;1,00;5,00;4,00;28,17;0,00;16,70;7,30;1,00;5,00;3,00;0,00;1,00;2,00;2,00;7,00;3,00;2,00;1,00;1,00;2,00;2,00;1,00;0,00;2,00;1,00;4,00;1,00;0,00;0,00;0,00
2020-08-02;29,00;9,00;5,00;4,00;1,00;5,00;2,00;6,00;13,00;1,00;3,00;12,00;2,00;20,71;2,07;11,39;8,29;0,00;4,00;1,00;0,00;0,00;4,00;1,00;8,00;6,00;2,00;1,00;1,00;2,00;1,00;1,00;1,00;1,00;1,00;1,00;0,00;0,00;1,00;0,00
2020-08-09;34,00;10,00;4,00;7,00;2,00;3,00;4,00;3,00;18,00;2,00;3,00;10,00;4,00;23,38;1,06;11,69;5,31;1,00;4,00;3,00;0,00;2,00;4,00;0,00;7,00;5,00;4,00;4,00;0,00;2,00;1,00;0,00;0,00;2,00;1,00;2,00;0,00;0,00;0,00;0,00
2020-08-16;19,00;6,00;5,00;7,00;0,00;3,00;3,00;4,00;15,00;1,00;3,00;10,00;1,00;14,78;3,17;11,61;4,22;1,00;5,00;1,00;0,00;2,00;2,00;1,00;6,00;5,00;4,00;3,00;1,00;2,00;3,00;0,00;0,00;1,00;1,00;1,00;0,00;0,00;0,00;0,00
2020-08-23;21,00;10,00;6,00;6,00;1,00;4,00;3,00;7,00;11,00;2,00;2,00;7,00;2,00;15,75;1,05;11,55;7,35;0,00;3,00;2,00;1,00;0,00;4,00;1,00;7,00;7,00;2,00;4,00;0,00;0,00;1,00;1,00;0,00;1,00;0,00;1,00;1,00;0,00;0,00;0,00
2020-08-30;16,00;8,00;4,00;5,00;2,00;4,00;2,00;4,00;15,00;2,00;2,00;8,00;0,00;18,00;1,00;11,00;6,00;0,00;4,00;3,00;0,00;1,00;4,00;0,00;6,00;5,00;4,00;1,00;0,00;1,00;3,00;2,00;0,00;1,00;2,00;1,00;1,00;0,00;1,00;1,00
2020-09-06;22,00;8,00;5,00;9,00;1,00;3,00;3,00;7,00;11,00;1,00;2,00;7,00;1,00;15,71;1,05;11,52;6,29;0,00;5,00;2,00;0,00;0,00;2,00;0,00;8,00;6,00;2,00;2,00;0,00;2,00;4,00;0,00;0,00;1,00;2,00;0,00;0,00;1,00;0,00;0,00
2020-09-13;20,00;9,00;3,00;5,00;1,00;4,00;3,00;8,00;11,00;1,00;2,00;9,00;2,00;13,68;1,05;5,26;3,16;1,00;4,00;1,00;1,00;0,00;3,00;0,00;21,00;7,00;3,00;2,00;0,00;3,00;1,00;1,00;0,00;1,00;1,00;0,00;0,00;0,00;1,00;1,00
2020-09-20;15,00;6,00;5,00;2,00;1,00;3,00;2,00;7,00;15,00;3,00;1,00;7,00;1,00;9,00;1,00;7,00;2,00;0,00;4,00;1,00;1,00;0,00;3,00;1,00;6,00;7,00;3,00;2,00;1,00;1,00;2,00;0,00;0,00;1,00;2,00;0,00;0,00;0,00;0,00;0,00
2020-09-27;13,00;9,00;5,00;4,00;2,00;4,00;2,00;5,00;12,00;1,00;2,00;4,00;2,00;8,67;1,08;9,75;6,50;0,00;7,00;2,00;1,00;2,00;4,00;0,00;5,00;7,00;2,00;4,00;0,00;3,00;1,00;0,00;0,00;2,00;1,00;1,00;1,00;0,00;0,00;0,00
2020-10-04;20,00;9,00;5,00;7,00;3,00;3,00;1,00;8,00;10,00;2,00;5,00;6,00;2,00;12,00;2,00;10,00;2,00;0,00;3,00;1,00;0,00;1,00;3,00;0,00;4,00;6,00;0,00;1,00;0,00;2,00;2,00;1,00;0,00;2,00;1,00;1,00;0,00;0,00;0,00;1,00
2020-10-11;18,00;5,00;2,00;7,00;1,00;4,00;2,00;7,00;9,00;3,00;2,00;6,00;1,00;11,65;1,06;11,65;4,24;1,00;5,00;1,00;0,00;2,00;1,00;0,00;5,00;7,00;2,00;1,00;0,00;1,00;1,00;1,00;0,00;2,00;1,00;1,00;0,00;0,00;0,00;0,00
2020-10-18;19,00;12,00;2,00;4,00;0,00;5,00;2,00;6,00;11,00;2,00;1,00;5,00;0,00;21,11;2,11;11,61;5,28;0,00;4,00;1,00;0,00;1,00;1,00;0,00;8,00;4,00;2,00;3,00;0,00;0,00;2,00;1,00;0,00;4,00;1,00;0,00;0,00;0,00;0,00;0,00
2020-10-25;12,00;8,00;3,00;7,00;1,00;2,00;2,00;6,00;14,00;2,00;1,00;6,00;1,00;12,00;1,00;10,00;6,00;0,00;3,00;1,00;1,00;2,00;1,00;0,00;5,00;3,00;1,00;2,00;0,00;0,00;2,00;0,00;1,00;1,00;1,00;2,00;0,00;0,00;0,00;1,00
2020-11-01;11,00;3,00;3,00;4,00;1,00;2,00;1,00;6,00;11,00;1,00;2,00;7,00;3,00;8,00;1,00;7,00;4,00;0,00;3,00;1,00;0,00;1,00;1,00;0,00;5,00;5,00;2,00;1,00;0,00;1,00;1,00;0,00;0,00;1,00;2,00;0,00;0,00;0,00;0,00;0,00
2020-11-08;15,00;5,00;4,00;6,00;0,00;4,00;3,00;7,00;14,00;1,00;3,00;10,00;1,00;9,64;2,14;8,57;2,14;0,00;3,00;2,00;0,00;1,00;2,00;0,00;10,00;8,00;4,00;3,00;0,00;1,00;1,00;1,00;1,00;1,00;0,00;1,00;0,00;0,00;0,00;0,00
2020-11-15;19,00;10,00;8,00;7,00;2,00;2,00;3,00;8,00;12,00;1,00;2,00;10,00;2,00;13,72;3,17;10,56;4,22;2,00;5,00;2,00;1,00;1,00;3,00;1,00;6,00;7,00;3,00;2,00;0,00;1,00;5,00;0,00;0,00;3,00;2,00;0,00;0,00;0,00;0,00;0,00
2020-11-22;13,00;12,00;6,00;7,00;1,00;6,00;2,00;7,00;14,00;1,00;2,00;16,00;1,00;17,33;1,08;14,08;7,58;0,00;4,00;3,00;1,00;1,00;2,00;0,00;9,00;10,00;2,00;3,00;0,00;0,00;3,00;1,00;0,00;1,00;2,00;1,00;0,00;1,00;0,00;0,00
2020-11-29;20,00;9,00;4,00;8,00;1,00;3,00;1,00;5,00;17,00;1,00;2,00;15,00;0,00;15,79;1,05;17,89;6,32;0,00;5,00;4,00;1,00;2,00;2,00;1,00;10,00;8,00;2,00;1,00;0,00;2,00;2,00;1,00;0,00;2,00;2,00;1,00;0,00;0,00;0,00;0,00
2020-12-06;16,00;9,00;4,00;7,00;1,00;5,00;2,00;9,00;18,00;2,00;0,00;15,00;1,00;12,00;1,00;16,00;5,00;1,00;6,00;1,00;2,00;1,00;1,00;1,00;5,00;7,00;2,00;2,00;0,00;3,00;2,00;1,00;1,00;2,00;1,00;0,00;1,00;0,00;1,00;0,00
2020-12-13;16,00;13,00;4,00;6,00;1,00;3,00;2,00;7,00;13,00;2,00;2,00;17,00;1,00;12,00;2,00;16,00;4,00;0,00;3,00;4,00;0,00;1,00;1,00;0,00;9,00;7,00;3,00;1,00;1,00;0,00;2,00;2,00;0,00;0,00;3,00;1,00;0,00;0,00;0,00;0,00
2020-12-20;17,00;7,00;6,00;6,00;1,00;5,00;3,00;7,00;17,00;2,00;2,00;12,00;1,00;12,75;2,13;11,69;5,31;1,00;6,00;1,00;1,00;0,00;2,00;0,00;7,00;7,00;6,00;2,00;0,00;1,00;1,00;1,00;0,00;4,00;1,00;1,00;1,00;0,00;0,00;0,00
2020-12-27;15,00;8,00;9,00;7,00;2,00;8,00;3,00;4,00;15,00;0,00;3,00;70,00;1,00;24,64;1,07;19,29;8,57;2,00;4,00;1,00;0,00;2,00;3,00;2,00;11,00;9,00;2,00;2,00;0,00;2,00;1,00;2,00;1,00;0,00;1,00;2,00;0,00;0,00;0,00;0,00
2021-01-03;20,00;8,00;5,00;6,00;2,00;6,00;2,00;11,00;14,00;1,00;2,00;16,00;2,00;18,95;2,11;14,74;9,47;1,00;7,00;2,00;0,00;0,00;2,00;0,00;6,00;8,00;1,00;4,00;1,00;1,00;2,00;1,00;0,00;2,00;1,00;0,00;0,00;0,00;0,00;0,00
2021-01-10;14,00;13,00;7,00;10,00;1,00;6,00;2,00;14,00;10,00;9,00;5,00;12,00;2,00;19,00;0,00;9,00;7,00;1,00;5,00;1,00;1,00;1,00;1,00;0,00;6,00;6,00;2,00;3,00;0,00;1,00;1,00;0,00;0,00;3,00;1,00;1,00;1,00;1,00;0,00;0,00
2021-01-17;18,00;6,00;6,00;3,00;1,00;5,00;4,00;8,00;13,00;13,00;0,00;43,00;1,00;17,00;2,00;13,00;8,00;1,00;6,00;1,00;0,00;0,00;4,00;1,00;4,00;9,00;3,00;3,00;0,00;2,00;2,00;1,00;0,00;3,00;2,00;1,00;0,00;0,00;1,00;0,00
2021-01-24;16,00;7,00;3,00;6,00;2,00;6,00;4,00;6,00;9,00;2,00;2,00;16,00;2,00;11,00;4,00;11,00;9,00;1,00;3,00;4,00;0,00;1,00;2,00;1,00;9,00;10,00;1,00;5,00;0,00;3,00;2,00;1,00;0,00;2,00;0,00;1,00;0,00;1,00;0,00;1,00
2021-01-31;17,00;8,00;5,00;6,00;1,00;4,00;2,00;9,00;8,00;1,00;1,00;10,00;1,00;15,00;0,00;6,00;6,00;1,00;3,00;1,00;1,00;1,00;2,00;1,00;11,00;5,00;1,00;2,00;0,00;1,00;1,00;0,00;0,00;2,00;1,00;1,00;0,00;0,00;0,00;0,00
2021-02-07;15,00;11,00;6,00;5,00;0,00;7,00;1,00;11,00;9,00;2,00;3,00;7,00;2,00;16,07;2,14;9,64;4,29;1,00;5,00;2,00;1,00;2,00;2,00;0,00;9,00;8,00;3,00;2,00;0,00;2,00;1,00;0,00;0,00;1,00;2,00;1,00;0,00;0,00;0,00;1,00
2021-02-14;18,00;13,00;5,00;7,00;2,00;6,00;1,00;7,00;8,00;1,00;4,00;7,00;0,00;15,88;3,18;9,53;6,35;0,00;6,00;2,00;0,00;3,00;1,00;0,00;7,00;7,00;2,00;3,00;0,00;1,00;2,00;0,00;0,00;1,00;2,00;1,00;0,00;0,00;1,00;0,00
2021-02-21;16,00;8,00;5,00;6,00;2,00;4,00;1,00;5,00;7,00;2,00;1,00;12,00;0,00;23,47;3,20;7,47;6,40;1,00;3,00;1,00;0,00;1,00;3,00;1,00;6,00;7,00;2,00;5,00;1,00;0,00;1,00;1,00;1,00;2,00;1,00;0,00;0,00;0,00;0,00;0,00
2021-02-28;12,00;7,00;4,00;5,00;3,00;7,00;5,00;5,00;7,00;0,00;2,00;9,00;1,00;19,64;1,09;7,64;4,36;0,00;3,00;2,00;0,00;1,00;1,00;0,00;7,00;5,00;3,00;1,00;0,00;0,00;1,00;0,00;1,00;0,00;1,00;1,00;1,00;1,00;0,00;0,00
2021-03-07;12,00;9,00;6,00;8,00;4,00;3,00;3,00;5,00;11,00;2,00;2,00;9,00;1,00;18,55;3,27;8,73;7,64;0,00;5,00;2,00;0,00;3,00;1,00;0,00;7,00;5,00;1,00;0,00;0,00;1,00;1,00;0,00;0,00;2,00;1,00;0,00;0,00;0,00;0,00;0,00
2021-03-14;11,00;10,00;5,00;7,00;1,00;3,00;2,00;7,00;10,00;1,00;1,00;7,00;1,00;16,00;1,00;7,00;5,00;0,00;4,00;1,00;0,00;3,00;3,00;0,00;8,00;11,00;1,00;3,00;0,00;1,00;0,00;1,00;0,00;1,00;0,00;0,00;0,00;0,00;0,00;0,00
2021-03-21;9,00;11,00;5,00;3,00;2,00;4,00;0,00;5,00;5,00;1,00;2,00;9,00;0,00;10,13;0,00;11,25;4,50;1,00;3,00;0,00;1,00;1,00;1,00;0,00;5,00;3,00;0,00;1,00;0,00;2,00;2,00;0,00;0,00;1,00;1,00;0,00;0,00;0,00;0,00;0,00
2021-03-28;9,00;7,00;3,00;1,00;2,00;1,00;2,00;2,00;3,00;1,00;1,00;6,00;0,00;8,00;2,00;12,00;3,00;1,00;5,00;3,00;0,00;0,00;1,00;1,00;4,00;2,00;0,00;3,00;1,00;0,00;0,00;0,00;0,00;2,00;1,00;0,00;0,00;0,00;0,00;0,00
2021-04-04;10,00;5,00;1,00;3,00;1,00;1,00;2,00;3,00;3,00;0,00;2,00;9,00;0,00;9,00;1,00;6,00;3,00;1,00;2,00;0,00;1,00;0,00;1,00;0,00;2,00;5,00;1,00;2,00;0,00;1,00;1,00;1,00;0,00;1,00;0,00;0,00;0,00;0,00;0,00;0,00
2021-04-11;9,00;4,00;1,00;2,00;0,00;1,00;2,00;3,00;7,00;0,00;1,00;7,00;0,00;7,00;1,00;11,00;4,00;0,00;2,00;0,00;0,00;1,00;1,00;0,00;2,00;2,00;1,00;1,00;0,00;1,00;0,00;0,00;0,00;0,00;1,00;1,00;0,00;0,00;0,00;0,00
2021-04-18;7,00;3,00;2,00;1,00;1,00;4,00;0,00;1,00;5,00;0,00;1,00;4,00;0,00;11,67;1,17;10,50;3,50;0,00;2,00;1,00;1,00;1,00;1,00;0,00;3,00;2,00;1,00;1,00;0,00;1,00;1,00;0,00;0,00;1,00;1,00;0,00;0,00;0,00;0,00;0,00
2021-04-25;5,00;4,00;1,00;2,00;1,00;4,00;1,00;3,00;3,00;1,00;1,00;8,00;0,00;7,00;2,00;8,00;3,00;1,00;2,00;2,00;0,00;1,00;1,00;0,00;4,00;4,00;1,00;2,00;0,00;1,00;0,00;0,00;0,00;0,00;1,00;0,00;0,00;0,00;0,00;0,00
2021-05-02;11,00;1,00;2,00;1,00;1,00;1,00;1,00;2,00;5,00;1,00;1,00;1,00;0,00;7,00;0,00;3,00;3,00;0,00;5,00;2,00;0,00;1,00;1,00;0,00;2,00;2,00;0,00;1,00;0,00;1,00;0,00;0,00;1,00;1,00;1,00;1,00;0,00;0,00;0,00;0,00
2021-05-09;12,00;4,00;2,00;1,00;0,00;2,00;2,00;2,00;7,00;0,00;1,00;3,00;0,00;7,64;2,18;7,64;4,36;0,00;2,00;1,00;0,00;1,00;1,00;0,00;6,00;5,00;2,00;1,00;1,00;0,00;1,00;0,00;0,00;1,00;0,00;0,00;0,00;0,00;0,00;0,00
2021-05-16;9,00;6,00;5,00;2,00;2,00;3,00;1,00;5,00;7,00;1,00;2,00;2,00;0,00;7,00;0,00;7,00;2,00;0,00;1,00;1,00;0,00;1,00;1,00;0,00;3,00;2,00;0,00;1,00;0,00;1,00;0,00;0,00;0,00;1,00;1,00;1,00;0,00;0,00;0,00;0,00
2021-05-23;5,00;4,00;1,00;2,00;0,00;1,00;1,00;5,00;5,00;0,00;1,00;5,00;1,00;3,00;1,00;8,00;5,00;1,00;1,00;0,00;0,00;0,00;3,00;0,00;2,00;4,00;0,00;1,00;0,00;1,00;0,00;0,00;0,00;0,00;1,00;1,00;0,00;0,00;0,00;0,00
2021-05-30;9,00;6,00;1,00;3,00;1,00;1,00;1,00;3,00;6,00;0,00;1,00;3,00;1,00;7,00;2,00;10,00;2,00;0,00;1,00;2,00;0,00;1,00;2,00;0,00;3,00;4,00;1,00;0,00;0,00;1,00;0,00;0,00;0,00;0,00;0,00;1,00;0,00;0,00;0,00;0,00
2021-06-06;9,00;2,00;4,00;1,00;0,00;1,00;1,00;2,00;5,00;0,00;3,00;1,00;1,00;5,00;0,00;8,00;3,00;0,00;2,00;0,00;0,00;1,00;1,00;0,00;1,00;2,00;1,00;0,00;0,00;1,00;0,00;0,00;0,00;1,00;1,00;0,00;0,00;0,00;0,00;0,00
2021-06-13;6,00;2,00;1,00;1,00;0,00;1,00;1,00;3,00;5,00;0,00;0,00;4,00;1,00;2,00;0,00;7,00;2,00;0,00;4,00;0,00;0,00;0,00;1,00;0,00;2,00;4,00;1,00;1,00;0,00;0,00;1,00;0,00;0,00;0,00;1,00;1,00;0,00;0,00;0,00;0,00
2021-06-20;8,00;2,00;2,00;1,00;1,00;1,00;1,00;1,00;5,00;0,00;2,00;5,00;0,00;7,00;0,00;8,00;1,00;0,00;3,00;1,00;0,00;1,00;1,00;0,00;3,00;0,00;1,00;1,00;0,00;1,00;0,00;0,00;0,00;1,00;0,00;0,00;0,00;1,00;0,00;0,00
2021-06-27;9,00;4,00;2,00;1,00;0,00;1,00;0,00;2,00;2,00;0,00;0,00;2,00;0,00;13,50;1,13;5,63;12,38;1,00;2,00;1,00;0,00;1,00;4,00;0,00;1,00;2,00;1,00;2,00;0,00;0,00;0,00;1,00;0,00;1,00;0,00;1,00;1,00;0,00;0,00;0,00
2021-07-04;11,00;12,00;1,00;3,00;1,00;1,00;1,00;3,00;9,00;0,00;0,00;5,00;0,00;7,70;0,00;13,20;14,30;0,00;2,00;1,00;0,00;0,00;1,00;0,00;5,00;3,00;1,00;1,00;1,00;1,00;1,00;0,00;0,00;1,00;0,00;0,00;0,00;0,00;1,00;0,00
2021-07-11;12,00;3,00;3,00;4,00;2,00;2,00;1,00;4,00;6,00;0,00;2,00;4,00;0,00;11,00;1,00;7,00;3,00;0,00;2,00;1,00;0,00;0,00;2,00;0,00;1,00;1,00;1,00;1,00;0,00;0,00;0,00;0,00;0,00;1,00;0,00;2,00;1,00;0,00;0,00;0,00
2021-07-18;6,00;2,00;1,00;1,00;0,00;2,00;1,00;3,00;6,00;1,00;1,00;3,00;0,00;7,00;1,00;9,00;1,00;0,00;1,00;1,00;1,00;1,00;3,00;0,00;5,00;1,00;0,00;1,00;0,00;1,00;0,00;0,00;0,00;0,00;1,00;0,00;0,00;0,00;0,00;0,00
2021-07-25;7,00;5,00;2,00;2,00;1,00;4,00;1,00;1,00;5,00;0,00;1,00;4,00;0,00;13,00;2,00;9,00;2,00;0,00;2,00;1,00;0,00;1,00;2,00;0,00;2,00;2,00;2,00;1,00;0,00;0,00;2,00;0,00;0,00;1,00;1,00;1,00;0,00;0,00;0,00;0,00
2021-08-01;10,00;6,00;3,00;1,00;2,00;3,00;1,00;2,00;5,00;1,00;3,00;5,00;0,00;15,00;1,00;8,00;2,00;0,00;1,00;1,00;0,00;1,00;1,00;0,00;5,00;3,00;1,00;1,00;0,00;1,00;0,00;1,00;0,00;1,00;2,00;1,00;0,00;1,00;1,00;0,00
2021-08-08;19,00;5,00;3,00;1,00;2,00;4,00;4,00;4,00;8,00;0,00;2,00;4,00;0,00;15,83;1,06;11,61;6,33;1,00;5,00;0,00;1,00;1,00;1,00;1,00;4,00;4,00;2,00;1,00;0,00;2,00;0,00;0,00;0,00;1,00;1,00;0,00;0,00;0,00;0,00;0,00
2021-08-15;19,00;10,00;4,00;1,00;2,00;1,00;1,00;7,00;13,00;0,00;2,00;6,00;1,00;15,83;0,00;7,39;2,11;0,00;4,00;1,00;0,00;0,00;1,00;1,00;3,00;5,00;1,00;1,00;0,00;0,00;1,00;0,00;0,00;1,00;1,00;0,00;0,00;0,00;0,00;0,00
2021-08-22;23,00;8,00;5,00;2,00;0,00;5,00;2,00;3,00;9,00;1,00;1,00;5,00;1,00;13,59;2,09;9,41;5,23;0,00;2,00;1,00;0,00;0,00;1,00;0,00;9,00;3,00;1,00;1,00;0,00;1,00;1,00;0,00;0,00;1,00;1,00;0,00;0,00;0,00;0,00;0,00
2021-08-29;19,00;6,00;4,00;5,00;2,00;8,00;3,00;4,00;10,00;1,00;1,00;11,00;1,00;18,00;2,00;7,00;2,00;1,00;3,00;1,00;0,00;1,00;1,00;0,00;5,00;5,00;3,00;1,00;0,00;0,00;0,00;0,00;0,00;1,00;0,00;1,00;0,00;0,00;0,00;0,00
2021-09-05;14,00;8,00;4,00;4,00;1,00;3,00;1,00;3,00;11,00;0,00;1,00;6,00;0,00;11,00;1,00;10,00;5,00;0,00;4,00;3,00;0,00;2,00;3,00;0,00;9,00;4,00;1,00;3,00;0,00;0,00;1,00;0,00;0,00;3,00;0,00;1,00;0,00;0,00;0,00;0,00
2021-09-12;12,00;11,00;5,00;2,00;2,00;1,00;3,00;6,00;11,00;0,00;4,00;9,00;0,00;15,00;4,00;9,00;4,00;0,00;2,00;2,00;1,00;1,00;3,00;1,00;8,00;5,00;1,00;3,00;0,00;0,00;0,00;0,00;0,00;2,00;0,00;0,00;0,00;0,00;0,00;0,00
2021-09-19;22,00;12,00;6,00;2,00;1,00;3,00;1,00;9,00;8,00;1,00;2,00;11,00;1,00;22,00;2,10;7,33;4,19;0,00;3,00;1,00;1,00;0,00;3,00;1,00;8,00;7,00;1,00;2,00;0,00;0,00;1,00;0,00;0,00;2,00;1,00;1,00;1,00;1,00;0,00;0,00
2021-09-26;20,00;18,00;8,00;6,00;3,00;8,00;4,00;12,00;11,00;1,00;2,00;10,00;2,00;27,37;2,11;5,26;7,37;1,00;4,00;2,00;0,00;2,00;6,00;1,00;12,00;11,00;4,00;2,00;0,00;1,00;0,00;0,00;0,00;1,00;1,00;1,00;0,00;0,00;0,00;0,00
2021-10-03;20,00;19,00;6,00;4,00;2,00;10,00;4,00;11,00;13,00;1,00;4,00;7,00;2,00;20,00;2,00;9,00;8,00;0,00;8,00;4,00;1,00;4,00;2,00;0,00;11,00;13,00;3,00;6,00;1,00;1,00;0,00;0,00;0,00;3,00;1,00;0,00;0,00;0,00;0,00;0,00
2021-10-10;21,00;23,00;11,00;4,00;2,00;6,00;3,00;12,00;8,00;1,00;3,00;11,00;2,00;21,00;2,00;14,00;9,00;0,00;4,00;2,00;0,00;1,00;1,00;1,00;14,00;8,00;2,00;5,00;0,00;1,00;1,00;0,00;0,00;2,00;1,00;0,00;1,00;0,00;0,00;0,00
2021-10-17;19,00;20,00;6,00;6,00;5,00;10,00;2,00;13,00;14,00;1,00;1,00;7,00;0,00;20,06;1,06;7,39;7,39;1,00;3,00;4,00;2,00;2,00;3,00;1,00;12,00;7,00;3,00;3,00;0,00;0,00;1,00;1,00;0,00;2,00;2,00;0,00;0,00;0,00;0,00;0,00
2021-10-24;21,00;16,00;11,00;4,00;3,00;6,00;5,00;12,00;11,00;0,00;1,00;7,00;1,00;29,40;1,05;16,80;4,20;0,00;6,00;3,00;0,00;4,00;3,00;0,00;11,00;13,00;1,00;2,00;0,00;3,00;1,00;1,00;0,00;1,00;0,00;0,00;0,00;0,00;0,00;0,00
2021-10-31;31,00;26,00;8,00;9,00;3,00;10,00;8,00;13,00;16,00;1,00;3,00;9,00;0,00;32,03;2,07;20,67;6,20;0,00;6,00;1,00;0,00;4,00;3,00;1,00;10,00;8,00;3,00;3,00;0,00;1,00;0,00;1,00;0,00;6,00;0,00;1,00;0,00;0,00;0,00;0,00
2021-11-07;25,00;22,00;15,00;6,00;1,00;8,00;3,00;12,00;15,00;2,00;4,00;12,00;0,00;33,33;3,13;18,75;10,42;0,00;9,00;2,00;0,00;1,00;5,00;0,00;16,00;13,00;5,00;3,00;0,00;3,00;0,00;1,00;0,00;3,00;1,00;0,00;1,00;0,00;1,00;0,00
2021-11-14;24,00;25,00;12,00;3,00;6,00;11,00;4,00;13,00;19,00;1,00;3,00;12,00;1,00;36,52;1,04;9,39;11,48;0,00;8,00;2,00;1,00;1,00;1,00;0,00;14,00;11,00;4,00;4,00;0,00;1,00;2,00;1,00;0,00;3,00;0,00;0,00;0,00;0,00;0,00;1,00
2021-11-21;30,00;30,00;12,00;4,00;2,00;12,00;5,00;4,00;18,00;1,00;3,00;12,00;1,00;27,93;1,03;11,38;9,31;1,00;5,00;1,00;0,00;3,00;3,00;0,00;14,00;17,00;4,00;2,00;0,00;1,00;1,00;0,00;0,00;4,00;2,00;1,00;1,00;0,00;1,00;0,00
2021-11-28;28,00;22,00;12,00;2,00;2,00;7,00;6,00;7,00;17,00;1,00;4,00;8,00;0,00;23,85;3,11;13,48;13,48;0,00;7,00;1,00;1,00;1,00;5,00;1,00;20,00;17,00;4,00;2,00;0,00;1,00;0,00;1,00;0,00;2,00;1,00;0,00;0,00;0,00;0,00;0,00
2021-12-05;20,00;35,00;12,00;5,00;3,00;10,00;5,00;4,00;15,00;1,00;3,00;14,00;1,00;27,00;1,00;10,00;12,00;0,00;14,00;3,00;1,00;3,00;1,00;0,00;16,00;25,00;2,00;1,00;0,00;1,00;1,00;1,00;0,00;3,00;3,00;0,00;0,00;0,00;0,00;0,00
2021-12-12;33,00;28,00;13,00;2,00;6,00;6,00;1,00;19,00;19,00;1,00;5,00;28,00;1,00;33,00;4,13;17,53;10,31;1,00;3,00;4,00;1,00;1,00;1,00;0,00;14,00;18,00;5,00;7,00;0,00;2,00;0,00;3,00;0,00;8,00;1,00;1,00;0,00;0,00;0,00;0,00
2021-12-19;25,00;9,00;6,00;8,00;2,00;6,00;2,00;14,00;24,00;1,00;2,00;19,00;2,00;22,92;1,04;20,83;8,33;1,00;8,00;4,00;1,00;1,00;3,00;0,00;8,00;10,00;3,00;2,00;0,00;1,00;1,00;2,00;0,00;6,00;1,00;0,00;0,00;0,00;0,00;1,00
2021-12-26;28,00;16,00;10,00;13,00;3,00;6,00;3,00;26,00;37,00;1,00;3,00;39,00;3,00;16,59;1,04;46,67;13,48;1,00;8,00;3,00;1,00;1,00;2,00;0,00;10,00;15,00;3,00;8,00;1,00;1,00;2,00;1,00;1,00;11,00;3,00;0,00;0,00;0,00;0,00;0,00
2022-01-02;27,00;12,00;13,00;15,00;3,00;9,00;4,00;31,00;39,00;4,00;3,00;67,00;2,00;34,27;4,15;18,69;11,42;1,00;10,00;8,00;3,00;3,00;3,00;1,00;13,00;14,00;5,00;10,00;0,00;2,00;3,00;1,00;0,00;20,00;5,00;0,00;0,00;1,00;0,00;0,00
2022-01-09;40,00;52,00;24,00;11,00;10,00;14,00;8,00;31,00;35,00;1,00;8,00;68,00;1,00;66,32;4,21;25,26;21,05;1,00;13,00;9,00;7,00;6,00;7,00;1,00;41,00;26,00;5,00;7,00;0,00;1,00;2,00;1,00;1,00;16,00;3,00;1,00;0,00;0,00;0,00;0,00
2022-01-16;60,00;52,00;27,00;17,00;11,00;23,00;9,00;30,00;27,00;4,00;7,00;40,00;2,00;88,97;4,14;17,59;36,21;2,00;18,00;7,00;2,00;2,00;6,00;1,00;40,00;27,00;9,00;6,00;0,00;2,00;3,00;1,00;1,00;5,00;4,00;0,00;0,00;0,00;1,00;0,00
2022-01-23;62,00;39,00;33,00;22,00;11,00;18,00;11,00;25,00;27,00;3,00;7,00;26,00;1,00;79,86;6,31;14,71;26,27;0,00;19,00;9,00;2,00;5,00;10,00;1,00;37,00;24,00;9,00;14,00;0,00;3,00;3,00;1,00;1,00;10,00;3,00;0,00;0,00;0,00;0,00;0,00
2022-01-30;55,00;42,00;23,00;25,00;6,00;17,00;9,00;21,00;30,00;3,00;5,00;28,00;3,00;65,38;7,26;19,72;17,64;2,00;11,00;9,00;2,00;6,00;7,00;0,00;24,00;22,00;8,00;5,00;1,00;3,00;1,00;1,00;1,00;12,00;1,00;1,00;1,00;0,00;0,00;0,00
2022-02-06;48,00;41,00;22,00;22,00;14,00;16,00;9,00;27,00;23,00;2,00;7,00;41,00;2,00;58,21;3,06;24,51;17,36;2,00;15,00;5,00;4,00;9,00;7,00;1,00;28,00;20,00;9,00;5,00;1,00;1,00;5,00;2,00;0,00;11,00;4,00;0,00;1,00;0,00;0,00;0,00
2022-02-13;69,00;36,00;26,00;14,00;8,00;24,00;7,00;27,00;28,00;1,00;8,00;45,00;2,00;64,88;6,18;22,66;17,51;0,00;14,00;3,00;1,00;6,00;6,00;1,00;28,00;18,00;10,00;7,00;0,00;3,00;1,00;0,00;0,00;16,00;1,00;1,00;1,00;0,00;0,00;0,00
2022-02-20;56,00;43,00;20,00;14,00;8,00;16,00;2,00;16,00;30,00;3,00;8,00;20,00;3,00;56,00;3,11;13,48;18,67;0,00;14,00;3,00;1,00;2,00;9,00;1,00;20,00;18,00;7,00;5,00;0,00;1,00;1,00;0,00;0,00;4,00;1,00;1,00;1,00;0,00;1,00;0,00
2022-02-27;57,00;35,00;15,00;10,00;5,00;17,00;7,00;23,00;22,00;3,00;7,00;24,00;2,00;51,82;1,04;17,62;20,73;0,00;19,00;5,00;1,00;3,00;3,00;0,00;30,00;15,00;9,00;3,00;1,00;1,00;2,00;1,00;1,00;8,00;3,00;1,00;0,00;0,00;0,00;0,00
2022-03-06;56,00;38,00;21,00;7,00;4,00;17,00;3,00;18,00;22,00;6,00;4,00;31,00;3,00;56,00;3,11;11,41;16,59;1,00;14,00;4,00;2,00;3,00;5,00;0,00;20,00;16,00;5,00;5,00;0,00;0,00;1,00;2,00;0,00;5,00;0,00;1,00;0,00;0,00;0,00;0,00
2022-03-13;42,00;40,00;20,00;13,00;10,00;23,00;9,00;26,00;23,00;5,00;7,00;20,00;2,00;47,12;3,07;17,41;13,32;1,00;14,00;3,00;0,00;4,00;6,00;0,00;27,00;15,00;7,00;5,00;0,00;2,00;2,00;1,00;0,00;1,00;2,00;0,00;0,00;1,00;0,00;0,00
